author_id,community
1,0
2,0
3,0
4,0
5,0
6,0
7,0
8,0
9,0
10,1
11,1
12,1
13,1
14,1
15,1
16,1
17,1
18,1
19,1
20,1
21,1
22,1
23,1
24,1
25,1
26,1
27,1
28,1
29,1
30,1
31,1
32,1
33,1
34,1
35,1
36,1
37,1
38,1
39,1
40,1
41,1
42,1
43,1
44,1
45,1
46,1
47,1
48,1
49,1
50,1
51,1
52,1
53,1
54,1
55,1
56,1
57,0
58,1
59,1
60,1
61,1
62,1
63,1
64,1
65,1
66,1
67,1
68,1
69,1
70,1
71,1
72,1
73,1
74,1
75,1
76,1
77,1
78,1
79,1
80,1
81,1
82,1
83,1
84,1
85,1
86,1
87,1
88,1
89,1
90,1
91,1
92,1
93,1
94,1
95,1
96,1
97,1
98,1
99,1
100,1
101,1
102,1
103,1
104,1
105,1
106,1
107,1
108,1
109,1
110,1
111,1
112,1
113,1
114,1
115,1
116,1
117,2
118,2
119,2
120,2
121,2
122,2
123,2
124,2
125,2
126,2
127,2
128,2
129,2
130,2
131,2
132,2
133,2
134,2
135,2
136,2
137,2
138,2
139,2
140,2
141,2
142,2
143,2
144,2
145,2
146,2
147,2
148,2
149,2
150,2
151,2
152,2
153,2
154,2
155,2
156,2
157,2
158,2
159,2
160,2
161,2
162,2
163,2
164,2
165,2
166,2
167,2
168,2
169,2
170,2
171,2
172,2
173,2
174,2
175,2
176,2
177,2
178,2
179,2
180,2
181,2
182,2
183,2
184,2
185,2
186,2
187,2
188,2
189,2
190,2
191,2
192,2
193,2
194,2
195,2
196,2
197,2
198,2
199,2
200,2
201,2
202,2
203,2
204,2
205,2
206,2
207,2
208,2
209,2
210,2
211,2
212,2
213,2
214,2
215,2
216,2
217,2
218,2
219,2
220,2
221,2
222,2
223,2
224,0
225,2
226,0
227,2
228,2
229,2
230,2
231,2
232,2
233,2
234,2
235,2
236,2
237,2
238,2
239,2
240,2
241,2
242,2
243,2
244,2
245,2
246,2
247,2
248,2
249,2
250,2
251,2
252,2
253,2
254,2
255,2
256,2
257,2
258,2
259,2
260,2
261,3
262,2
263,2
264,2
265,2
266,2
267,2
268,2
269,2
270,2
271,2
272,2
273,2
274,2
275,2
276,2
277,2
278,2
279,2
280,2
281,2
282,2
283,2
284,2
285,2
286,2
287,2
288,2
289,2
290,2
291,2
292,2
293,2
294,2
295,2
296,2
297,2
298,2
299,2
300,2
301,2
302,2
303,2
304,2
305,2
306,2
307,4
308,3
309,5
310,4
311,5
312,4
313,4
314,4
315,6
316,7
317,2
318,2
319,2
320,2
321,2
322,2
323,2
324,2
325,2
326,2
327,2
328,2
329,2
330,2
331,2
332,68
333,9
334,4
335,4
336,4
337,4
338,4
339,4
340,4
341,4
342,4
343,4
344,10
345,4
346,4
347,11
348,11
349,4
350,2
351,2
352,2
353,2
354,2
355,2
356,2
357,2
358,2
359,2
360,2
361,2
362,4
363,4
364,4
365,4
366,4
367,4
368,4
369,4
370,4
371,4
372,4
373,4
374,4
375,4
376,4
377,4
378,4
379,4
380,4
381,4
382,4
383,4
384,4
385,4
386,4
387,4
388,0
389,0
390,0
391,0
392,0
393,0
394,0
395,4
396,4
397,4
398,4
399,4
400,4
401,4
402,4
403,4
404,4
405,4
406,4
407,4
408,4
409,4
410,4
411,4
412,4
413,4
414,4
415,4
416,4
417,4
418,4
419,4
420,4
421,4
422,4
423,4
424,4
425,4
426,4
427,4
428,4
429,4
430,4
431,4
432,4
433,4
434,4
435,4
436,4
437,4
438,4
439,4
440,4
441,4
442,4
443,4
444,4
445,4
446,4
447,4
448,4
449,4
450,4
451,4
452,4
453,4
454,12
455,4
456,4
457,4
458,4
459,4
460,4
461,4
462,4
463,4
464,4
465,4
466,4
467,4
468,4
469,4
470,4
471,4
472,4
473,4
474,4
475,4
476,4
477,4
478,4
479,4
480,4
481,4
482,4
483,4
484,4
485,4
486,4
487,4
488,4
489,4
490,4
491,4
492,4
493,4
494,4
495,4
496,4
497,4
498,4
499,4
500,4
501,4
502,4
503,4
504,4
505,4
506,4
507,4
508,4
509,4
510,4
511,4
512,4
513,4
514,4
515,4
516,4
517,4
518,4
519,4
520,4
521,4
522,4
523,4
524,4
525,4
526,4
527,4
528,4
529,4
530,4
531,4
532,4
533,4
534,4
535,4
536,4
537,4
538,4
539,4
540,4
541,4
542,4
543,4
544,4
545,4
546,4
547,4
548,4
549,4
550,13
551,4
552,4
553,4
554,4
555,4
556,4
557,4
558,4
559,4
560,4
561,4
562,4
563,4
564,4
565,4
566,4
567,4
568,4
569,4
570,4
571,4
572,4
573,4
574,4
575,4
576,4
577,4
578,4
579,4
580,4
581,4
582,4
583,4
584,4
585,4
586,3
587,4
588,4
589,4
590,4
591,4
592,4
593,4
594,4
595,4
596,4
597,4
598,4
599,4
600,4
601,4
602,4
603,4
604,4
605,4
606,4
607,4
608,4
609,4
610,4
611,4
612,4
613,4
614,4
615,4
616,4
617,4
618,14
619,14
620,14
621,14
622,14
623,4
624,4
625,4
626,4
627,4
628,4
629,4
630,4
631,4
632,14
633,14
634,14
635,14
636,14
637,14
638,14
639,14
640,14
641,14
642,14
643,14
644,14
645,14
646,14
647,4
648,4
649,4
650,4
651,14
652,14
653,14
654,14
655,14
656,14
657,14
658,14
659,14
660,14
661,14
662,14
663,14
664,14
665,14
666,14
667,14
668,14
669,14
670,14
671,14
672,14
673,14
674,14
675,14
676,14
677,14
678,14
679,14
680,14
681,14
682,14
683,14
684,14
685,14
686,14
687,14
688,14
689,14
690,14
691,14
692,14
693,14
694,14
695,14
696,14
697,14
698,14
699,14
700,14
701,14
702,14
703,14
704,14
705,14
706,14
707,14
708,14
709,14
710,14
711,14
712,14
713,14
714,14
715,14
716,14
717,14
718,14
719,14
720,14
721,14
722,14
723,14
724,14
725,14
726,14
727,14
728,14
729,14
730,14
731,14
732,14
733,14
734,14
735,14
736,14
737,14
738,14
739,14
740,14
741,14
742,14
743,14
744,14
745,14
746,14
747,14
748,14
749,14
750,14
751,14
752,14
753,14
754,14
755,14
756,14
757,14
758,14
759,14
760,14
761,14
762,14
763,14
764,14
765,14
766,14
767,14
768,14
769,14
770,14
771,14
772,14
773,14
774,14
775,14
776,14
777,14
778,14
779,14
780,14
781,14
782,14
783,14
784,14
785,14
786,14
787,14
788,14
789,14
790,14
791,14
792,14
793,14
794,14
795,14
796,15
797,14
798,14
799,14
800,14
801,14
802,14
803,14
804,14
805,14
806,14
807,14
808,14
809,14
810,14
811,14
812,14
813,14
814,14
815,14
816,14
817,14
818,14
819,14
820,14
821,14
822,14
823,14
824,14
825,14
826,14
827,14
828,14
829,14
830,14
831,14
832,14
833,14
834,14
835,14
836,14
837,14
838,14
839,14
840,14
841,14
842,14
843,14
844,14
845,14
846,14
847,14
848,14
849,14
850,14
851,14
852,14
853,14
854,14
855,14
856,14
857,14
858,14
859,14
860,14
861,14
862,14
863,14
864,14
865,14
866,14
867,14
868,14
869,14
870,14
871,14
872,14
873,14
874,14
875,14
876,14
877,14
878,14
879,14
880,14
881,14
882,14
883,14
884,14
885,14
886,14
887,14
888,14
889,14
890,14
891,14
892,14
893,14
894,14
895,14
896,14
897,14
898,14
899,14
900,14
901,14
902,14
903,14
904,14
905,14
906,14
907,14
908,14
909,14
910,14
911,14
912,14
913,14
914,14
915,14
916,14
917,14
918,14
919,14
920,14
921,14
922,14
923,14
924,14
925,14
926,14
927,14
928,14
929,14
930,14
931,14
932,14
933,14
934,14
935,14
936,14
937,14
938,14
939,14
940,14
941,14
942,14
943,14
944,14
945,14
946,14
947,14
948,14
949,14
950,14
951,14
952,14
953,14
954,14
955,14
956,14
957,14
958,14
959,14
960,14
961,14
962,14
963,14
964,14
965,14
966,14
967,14
968,14
969,14
970,14
971,14
972,14
973,14
974,14
975,14
976,14
977,14
978,14
979,14
980,14
981,14
982,14
983,14
984,14
985,14
986,14
987,14
988,14
989,14
990,14
991,14
992,14
993,0
994,0
995,14
996,14
997,14
998,14
999,14
1000,14
1001,14
1002,14
1003,14
1004,14
1005,14
1006,14
1007,14
1008,14
1009,14
1010,14
1011,14
1012,14
1013,14
1014,14
1015,14
1016,16
1017,16
1018,16
1019,16
1020,16
1021,16
1022,16
1023,16
1024,16
1025,16
1026,16
1027,16
1028,16
1029,17
1030,16
1031,16
1032,16
1033,16
1034,16
1035,16
1036,16
1037,16
1038,16
1039,14
1040,16
1041,16
1042,14
1043,14
1044,14
1045,14
1046,14
1047,14
1048,14
1049,14
1050,16
1051,16
1052,16
1053,16
1054,14
1055,14
1056,14
1057,14
1058,14
1059,14
1060,14
1061,14
1062,14
1063,16
1064,16
1065,16
1066,16
1067,11
1068,16
1069,14
1070,14
1071,14
1072,14
1073,14
1074,14
1075,14
1076,14
1077,14
1078,14
1079,14
1080,14
1081,16
1082,16
1083,16
1084,16
1085,16
1086,16
1087,16
1088,16
1089,16
1090,16
1091,16
1092,16
1093,16
1094,16
1095,16
1096,16
1097,16
1098,16
1099,16
1100,16
1101,16
1102,16
1103,16
1104,16
1105,11
1106,16
1107,16
1108,16
1109,16
1110,16
1111,16
1112,16
1113,16
1114,16
1115,16
1116,16
1117,16
1118,16
1119,16
1120,16
1121,16
1122,16
1123,16
1124,16
1125,16
1126,16
1127,16
1128,16
1129,16
1130,16
1131,16
1132,16
1133,16
1134,16
1135,16
1136,16
1137,16
1138,16
1139,16
1140,16
1141,16
1142,16
1143,16
1144,16
1145,16
1146,16
1147,16
1148,16
1149,16
1150,16
1151,16
1152,11
1153,16
1154,16
1155,16
1156,14
1157,14
1158,14
1159,16
1160,16
1161,16
1162,16
1163,16
1164,16
1165,16
1166,16
1167,16
1168,16
1169,0
1170,16
1171,0
1172,0
1173,14
1174,11
1175,14
1176,16
1177,16
1178,16
1179,16
1180,16
1181,16
1182,16
1183,16
1184,16
1185,16
1186,16
1187,16
1188,16
1189,16
1190,16
1191,16
1192,16
1193,16
1194,16
1195,16
1196,16
1197,16
1198,16
1199,16
1200,16
1201,16
1202,16
1203,16
1204,16
1205,16
1206,16
1207,16
1208,16
1209,16
1210,16
1211,16
1212,16
1213,16
1214,16
1215,16
1216,16
1217,16
1218,16
1219,16
1220,16
1221,16
1222,16
1223,16
1224,16
1225,16
1226,16
1227,16
1228,16
1229,16
1230,16
1231,16
1232,16
1233,18
1234,16
1235,16
1236,16
1237,16
1238,16
1239,16
1240,16
1241,16
1242,16
1243,16
1244,16
1245,16
1246,16
1247,16
1248,16
1249,16
1250,16
1251,16
1252,16
1253,16
1254,16
1255,16
1256,16
1257,16
1258,16
1259,16
1260,16
1261,16
1262,16
1263,16
1264,16
1265,16
1266,16
1267,16
1268,16
1269,16
1270,16
1271,16
1272,16
1273,16
1274,16
1275,16
1276,16
1277,16
1278,16
1279,16
1280,16
1281,16
1282,16
1283,16
1284,16
1285,16
1286,16
1287,16
1288,16
1289,16
1290,16
1291,16
1292,16
1293,16
1294,16
1295,16
1296,16
1297,16
1298,16
1299,16
1300,16
1301,16
1302,16
1303,16
1304,16
1305,16
1306,16
1307,13
1308,16
1309,16
1310,16
1311,16
1312,16
1313,16
1314,16
1315,16
1316,16
1317,16
1318,16
1319,16
1320,16
1321,16
1322,16
1323,16
1324,16
1325,16
1326,16
1327,16
1328,16
1329,16
1330,16
1331,16
1332,16
1333,16
1334,16
1335,16
1336,16
1337,16
1338,16
1339,16
1340,16
1341,16
1342,16
1343,16
1344,16
1345,16
1346,16
1347,16
1348,16
1349,16
1350,16
1351,3
1352,16
1353,16
1354,16
1355,16
1356,16
1357,16
1358,16
1359,16
1360,16
1361,16
1362,16
1363,16
1364,16
1365,16
1366,16
1367,0
1368,0
1369,16
1370,19
1371,16
1372,16
1373,0
1374,16
1375,16
1376,16
1377,16
1378,16
1379,16
1380,16
1381,16
1382,16
1383,16
1384,16
1385,16
1386,16
1387,16
1388,16
1389,16
1390,16
1391,16
1392,16
1393,16
1394,16
1395,16
1396,16
1397,16
1398,16
1399,16
1400,16
1401,16
1402,16
1403,16
1404,16
1405,16
1406,16
1407,16
1408,16
1409,16
1410,16
1411,16
1412,0
1413,0
1414,20
1415,16
1416,16
1417,0
1418,0
1419,0
1420,16
1421,20
1422,16
1423,16
1424,16
1425,16
1426,16
1427,16
1428,16
1429,16
1430,16
1431,16
1432,16
1433,16
1434,16
1435,16
1436,16
1437,16
1438,16
1439,16
1440,16
1441,16
1442,16
1443,16
1444,16
1445,16
1446,16
1447,16
1448,16
1449,16
1450,16
1451,16
1452,16
1453,16
1454,16
1455,16
1456,0
1457,0
1458,0
1459,0
1460,0
1461,0
1462,0
1463,0
1464,0
1465,0
1466,0
1467,0
1468,0
1469,0
1470,0
1471,0
1472,0
1473,0
1474,0
1475,0
1476,21
1477,16
1478,16
1479,16
1480,16
1481,16
1482,16
1483,16
1484,16
1485,16
1486,16
1487,16
1488,0
1489,0
1490,0
1491,0
1492,16
1493,16
1494,16
1495,0
1496,0
1497,0
1498,0
1499,0
1500,0
1501,0
1502,0
1503,0
1504,0
1505,0
1506,0
1507,0
1508,0
1509,0
1510,0
1511,0
1512,0
1513,0
1514,0
1515,0
1516,0
1517,0
1518,0
1519,0
1520,0
1521,0
1522,0
1523,0
1524,0
1525,0
1526,16
1527,16
1528,16
1529,16
1530,16
1531,16
1532,16
1533,16
1534,16
1535,0
1536,16
1537,16
1538,16
1539,16
1540,16
1541,16
1542,16
1543,16
1544,16
1545,16
1546,0
1547,0
1548,0
1549,0
1550,0
1551,0
1552,0
1553,0
1554,0
1555,0
1556,0
1557,0
1558,0
1559,0
1560,0
1561,0
1562,0
1563,0
1564,0
1565,0
1566,0
1567,16
1568,16
1569,16
1570,16
1571,16
1572,16
1573,0
1574,0
1575,0
1576,0
1577,0
1578,0
1579,0
1580,0
1581,0
1582,0
1583,0
1584,0
1585,0
1586,0
1587,0
1588,0
1589,0
1590,0
1591,0
1592,0
1593,0
1594,0
1595,0
1596,0
1597,0
1598,0
1599,0
1600,0
1601,0
1602,0
1603,0
1604,0
1605,0
1606,16
1607,16
1608,16
1609,16
1610,16
1611,16
1612,3
1613,0
1614,0
1615,0
1616,0
1617,0
1618,0
1619,0
1620,0
1621,0
1622,0
1623,0
1624,0
1625,0
1626,0
1627,0
1628,0
1629,0
1630,0
1631,0
1632,0
1633,0
1634,0
1635,0
1636,0
1637,0
1638,0
1639,0
1640,0
1641,0
1642,0
1643,0
1644,0
1645,0
1646,0
1647,0
1648,0
1649,0
1650,0
1651,0
1652,0
1653,16
1654,16
1655,0
1656,0
1657,0
1658,0
1659,0
1660,0
1661,0
1662,0
1663,0
1664,0
1665,0
1666,0
1667,0
1668,0
1669,0
1670,0
1671,0
1672,0
1673,0
1674,0
1675,0
1676,0
1677,0
1678,0
1679,0
1680,0
1681,0
1682,22
1683,0
1684,0
1685,0
1686,0
1687,0
1688,0
1689,0
1690,0
1691,0
1692,0
1693,0
1694,0
1695,0
1696,0
1697,0
1698,0
1699,0
1700,0
1701,0
1702,0
1703,0
1704,0
1705,0
1706,0
1707,0
1708,0
1709,0
1710,0
1711,0
1712,0
1713,0
1714,0
1715,0
1716,0
1717,0
1718,0
1719,0
1720,16
1721,0
1722,0
1723,16
1724,0
1725,0
1726,0
1727,0
1728,0
1729,0
1730,0
1731,0
1732,0
1733,0
1734,0
1735,0
1736,0
1737,0
1738,0
1739,0
1740,0
1741,0
1742,0
1743,0
1744,0
1745,0
1746,0
1747,0
1748,0
1749,0
1750,0
1751,0
1752,0
1753,0
1754,0
1755,0
1756,0
1757,0
1758,0
1759,0
1760,0
1761,0
1762,0
1763,0
1764,0
1765,0
1766,0
1767,0
1768,0
1769,0
1770,0
1771,0
1772,0
1773,0
1774,0
1775,0
1776,0
1777,0
1778,0
1779,0
1780,0
1781,0
1782,0
1783,0
1784,0
1785,0
1786,0
1787,0
1788,0
1789,0
1790,0
1791,0
1792,0
1793,0
1794,0
1795,0
1796,0
1797,0
1798,0
1799,0
1800,0
1801,0
1802,0
1803,12
1804,0
1805,12
1806,0
1807,0
1808,0
1809,0
1810,0
1811,0
1812,0
1813,0
1814,0
1815,0
1816,0
1817,0
1818,0
1819,0
1820,0
1821,0
1822,0
1823,0
1824,0
1825,0
1826,0
1827,0
1828,0
1829,0
1830,0
1831,0
1832,0
1833,0
1834,0
1835,0
1836,0
1837,0
1838,0
1839,0
1840,0
1841,0
1842,0
1843,0
1844,0
1845,0
1846,0
1847,0
1848,0
1849,0
1850,5
1851,0
1852,0
1853,5
1854,0
1855,0
1856,0
1857,0
1858,0
1859,0
1860,0
1861,0
1862,0
1863,0
1864,0
1865,0
1866,0
1867,0
1868,0
1869,0
1870,0
1871,0
1872,0
1873,0
1874,0
1875,0
1876,0
1877,0
1878,0
1879,0
1880,0
1881,0
1882,0
1883,0
1884,0
1885,0
1886,0
1887,0
1888,0
1889,0
1890,0
1891,0
1892,0
1893,0
1894,0
1895,0
1896,0
1897,0
1898,0
1899,12
1900,12
1901,12
1902,12
1903,12
1904,12
1905,12
1906,12
1907,12
1908,12
1909,0
1910,0
1911,0
1912,0
1913,11
1914,0
1915,0
1916,0
1917,0
1918,0
1919,0
1920,0
1921,0
1922,0
1923,0
1924,0
1925,0
1926,0
1927,0
1928,0
1929,0
1930,0
1931,0
1932,0
1933,0
1934,0
1935,0
1936,0
1937,0
1938,12
1939,12
1940,12
1941,0
1942,12
1943,0
1944,0
1945,0
1946,0
1947,0
1948,0
1949,0
1950,0
1951,0
1952,0
1953,0
1954,0
1955,0
1956,0
1957,0
1958,0
1959,0
1960,0
1961,21
1962,3
1963,3
1964,0
1965,0
1966,0
1967,0
1968,0
1969,0
1970,0
1971,23
1972,0
1973,0
1974,0
1975,0
1976,0
1977,0
1978,0
1979,0
1980,11
1981,11
1982,11
1983,11
1984,11
1985,11
1986,11
1987,0
1988,0
1989,0
1990,0
1991,0
1992,0
1993,0
1994,0
1995,0
1996,0
1997,0
1998,0
1999,0
2000,0
2001,0
2002,0
2003,0
2004,0
2005,0
2006,0
2007,0
2008,0
2009,0
2010,0
2011,16
2012,16
2013,12
2014,12
2015,12
2016,12
2017,12
2018,12
2019,0
2020,3
2021,3
2022,3
2023,3
2024,0
2025,0
2026,0
2027,0
2028,0
2029,0
2030,0
2031,0
2032,11
2033,11
2034,11
2035,0
2036,11
2037,0
2038,0
2039,3
2040,3
2041,3
2042,3
2043,0
2044,0
2045,0
2046,0
2047,0
2048,0
2049,3
2050,3
2051,3
2052,3
2053,3
2054,3
2055,3
2056,3
2057,3
2058,3
2059,3
2060,3
2061,3
2062,3
2063,3
2064,3
2065,3
2066,3
2067,3
2068,3
2069,3
2070,3
2071,3
2072,3
2073,3
2074,3
2075,3
2076,0
2077,0
2078,0
2079,0
2080,0
2081,0
2082,0
2083,0
2084,0
2085,0
2086,0
2087,0
2088,0
2089,3
2090,24
2091,3
2092,3
2093,3
2094,3
2095,3
2096,25
2097,26
2098,3
2099,3
2100,3
2101,3
2102,3
2103,3
2104,3
2105,3
2106,3
2107,3
2108,3
2109,3
2110,0
2111,0
2112,0
2113,0
2114,0
2115,0
2116,0
2117,0
2118,0
2119,3
2120,0
2121,3
2122,3
2123,3
2124,3
2125,3
2126,3
2127,3
2128,3
2129,3
2130,3
2131,3
2132,3
2133,3
2134,3
2135,3
2136,3
2137,3
2138,3
2139,3
2140,3
2141,3
2142,3
2143,3
2144,3
2145,3
2146,3
2147,3
2148,3
2149,3
2150,3
2151,3
2152,3
2153,3
2154,3
2155,3
2156,3
2157,3
2158,3
2159,3
2160,3
2161,3
2162,3
2163,3
2164,3
2165,3
2166,3
2167,3
2168,3
2169,3
2170,3
2171,3
2172,3
2173,3
2174,3
2175,3
2176,3
2177,3
2178,3
2179,3
2180,3
2181,3
2182,3
2183,3
2184,3
2185,3
2186,3
2187,3
2188,3
2189,3
2190,3
2191,3
2192,3
2193,3
2194,3
2195,3
2196,3
2197,3
2198,3
2199,3
2200,3
2201,3
2202,3
2203,3
2204,3
2205,3
2206,3
2207,3
2208,3
2209,3
2210,3
2211,3
2212,5
2213,3
2214,3
2215,3
2216,16
2217,3
2218,3
2219,3
2220,3
2221,3
2222,3
2223,3
2224,3
2225,3
2226,3
2227,3
2228,3
2229,3
2230,3
2231,3
2232,3
2233,3
2234,3
2235,3
2236,3
2237,3
2238,3
2239,3
2240,3
2241,3
2242,3
2243,3
2244,3
2245,3
2246,3
2247,3
2248,3
2249,3
2250,3
2251,3
2252,3
2253,3
2254,3
2255,3
2256,3
2257,3
2258,3
2259,3
2260,3
2261,3
2262,3
2263,0
2264,0
2265,3
2266,3
2267,3
2268,3
2269,3
2270,3
2271,3
2272,3
2273,3
2274,3
2275,3
2276,3
2277,3
2278,3
2279,3
2280,3
2281,3
2282,3
2283,3
2284,3
2285,3
2286,3
2287,3
2288,15
2289,3
2290,3
2291,3
2292,3
2293,3
2294,3
2295,3
2296,3
2297,3
2298,3
2299,3
2300,3
2301,3
2302,3
2303,3
2304,27
2305,3
2306,3
2307,3
2308,3
2309,3
2310,3
2311,3
2312,3
2313,3
2314,28
2315,3
2316,3
2317,3
2318,3
2319,3
2320,3
2321,3
2322,3
2323,3
2324,3
2325,3
2326,3
2327,3
2328,3
2329,3
2330,3
2331,3
2332,3
2333,3
2334,3
2335,3
2336,3
2337,3
2338,0
2339,0
2340,0
2341,0
2342,0
2343,3
2344,0
2345,0
2346,3
2347,3
2348,3
2349,3
2350,3
2351,3
2352,3
2353,3
2354,3
2355,3
2356,3
2357,3
2358,3
2359,3
2360,3
2361,3
2362,3
2363,3
2364,3
2365,3
2366,3
2367,3
2368,12
2369,12
2370,12
2371,3
2372,3
2373,3
2374,3
2375,3
2376,3
2377,3
2378,3
2379,3
2380,3
2381,3
2382,3
2383,3
2384,3
2385,3
2386,3
2387,3
2388,3
2389,3
2390,3
2391,3
2392,3
2393,3
2394,13
2395,3
2396,12
2397,12
2398,12
2399,12
2400,12
2401,12
2402,3
2403,3
2404,3
2405,3
2406,3
2407,3
2408,3
2409,23
2410,3
2411,3
2412,3
2413,3
2414,3
2415,3
2416,3
2417,3
2418,3
2419,3
2420,3
2421,3
2422,3
2423,3
2424,3
2425,3
2426,3
2427,3
2428,3
2429,3
2430,3
2431,3
2432,3
2433,3
2434,3
2435,3
2436,3
2437,3
2438,3
2439,3
2440,3
2441,3
2442,3
2443,3
2444,3
2445,3
2446,3
2447,3
2448,3
2449,3
2450,3
2451,3
2452,3
2453,3
2454,3
2455,3
2456,3
2457,3
2458,3
2459,3
2460,3
2461,3
2462,3
2463,3
2464,3
2465,3
2466,3
2467,3
2468,3
2469,3
2470,3
2471,3
2472,3
2473,3
2474,3
2475,3
2476,3
2477,3
2478,3
2479,12
2480,12
2481,12
2482,12
2483,12
2484,12
2485,12
2486,12
2487,12
2488,12
2489,12
2490,12
2491,12
2492,12
2493,12
2494,3
2495,24
2496,24
2497,29
2498,29
2499,29
2500,29
2501,12
2502,12
2503,3
2504,3
2505,3
2506,3
2507,3
2508,3
2509,3
2510,3
2511,3
2512,3
2513,3
2514,3
2515,3
2516,3
2517,3
2518,3
2519,3
2520,3
2521,3
2522,3
2523,3
2524,3
2525,3
2526,3
2527,3
2528,3
2529,3
2530,3
2531,3
2532,3
2533,3
2534,3
2535,3
2536,3
2537,3
2538,3
2539,3
2540,3
2541,3
2542,3
2543,3
2544,3
2545,3
2546,3
2547,3
2548,3
2549,9
2550,3
2551,3
2552,3
2553,3
2554,3
2555,3
2556,3
2557,3
2558,3
2559,3
2560,3
2561,3
2562,3
2563,3
2564,3
2565,3
2566,12
2567,12
2568,3
2569,12
2570,12
2571,12
2572,12
2573,3
2574,12
2575,12
2576,12
2577,12
2578,12
2579,12
2580,12
2581,12
2582,12
2583,12
2584,12
2585,12
2586,12
2587,12
2588,12
2589,12
2590,12
2591,12
2592,12
2593,12
2594,12
2595,24
2596,12
2597,12
2598,12
2599,12
2600,12
2601,12
2602,12
2603,12
2604,12
2605,12
2606,12
2607,12
2608,12
2609,12
2610,12
2611,12
2612,12
2613,12
2614,12
2615,12
2616,12
2617,12
2618,12
2619,12
2620,12
2621,12
2622,12
2623,12
2624,12
2625,12
2626,12
2627,12
2628,12
2629,12
2630,12
2631,12
2632,12
2633,12
2634,12
2635,12
2636,12
2637,12
2638,12
2639,12
2640,12
2641,12
2642,12
2643,12
2644,12
2645,12
2646,12
2647,12
2648,12
2649,12
2650,12
2651,12
2652,12
2653,12
2654,12
2655,12
2656,12
2657,12
2658,12
2659,12
2660,12
2661,12
2662,12
2663,12
2664,12
2665,12
2666,12
2667,12
2668,12
2669,12
2670,12
2671,12
2672,12
2673,12
2674,12
2675,12
2676,12
2677,12
2678,12
2679,12
2680,12
2681,12
2682,12
2683,12
2684,12
2685,12
2686,12
2687,12
2688,12
2689,12
2690,12
2691,12
2692,12
2693,12
2694,12
2695,12
2696,12
2697,12
2698,12
2699,12
2700,12
2701,12
2702,12
2703,12
2704,12
2705,12
2706,12
2707,12
2708,12
2709,12
2710,12
2711,12
2712,12
2713,12
2714,12
2715,12
2716,12
2717,12
2718,12
2719,12
2720,12
2721,12
2722,12
2723,12
2724,12
2725,12
2726,12
2727,12
2728,12
2729,12
2730,12
2731,12
2732,12
2733,12
2734,12
2735,12
2736,12
2737,12
2738,12
2739,12
2740,12
2741,12
2742,12
2743,12
2744,12
2745,12
2746,12
2747,12
2748,12
2749,12
2750,12
2751,12
2752,12
2753,12
2754,12
2755,12
2756,12
2757,12
2758,12
2759,12
2760,12
2761,12
2762,12
2763,12
2764,12
2765,12
2766,12
2767,12
2768,12
2769,12
2770,12
2771,12
2772,12
2773,12
2774,12
2775,12
2776,12
2777,12
2778,12
2779,12
2780,12
2781,11
2782,12
2783,12
2784,2
2785,2
2786,2
2787,2
2788,2
2789,12
2790,12
2791,12
2792,12
2793,12
2794,11
2795,11
2796,30
2797,12
2798,12
2799,12
2800,12
2801,12
2802,12
2803,12
2804,12
2805,12
2806,12
2807,12
2808,12
2809,12
2810,12
2811,12
2812,12
2813,12
2814,12
2815,12
2816,12
2817,12
2818,12
2819,12
2820,12
2821,12
2822,12
2823,12
2824,12
2825,12
2826,12
2827,12
2828,12
2829,12
2830,12
2831,12
2832,12
2833,12
2834,12
2835,12
2836,12
2837,12
2838,12
2839,12
2840,12
2841,12
2842,12
2843,12
2844,12
2845,12
2846,12
2847,12
2848,12
2849,12
2850,12
2851,11
2852,11
2853,12
2854,12
2855,12
2856,12
2857,12
2858,12
2859,12
2860,12
2861,12
2862,2
2863,2
2864,2
2865,16
2866,16
2867,16
2868,11
2869,11
2870,11
2871,11
2872,11
2873,11
2874,12
2875,12
2876,12
2877,12
2878,12
2879,12
2880,12
2881,12
2882,12
2883,12
2884,12
2885,12
2886,12
2887,12
2888,12
2889,12
2890,12
2891,12
2892,12
2893,12
2894,12
2895,12
2896,12
2897,12
2898,12
2899,12
2900,11
2901,27
2902,12
2903,11
2904,11
2905,11
2906,11
2907,11
2908,11
2909,11
2910,11
2911,11
2912,11
2913,11
2914,11
2915,12
2916,11
2917,11
2918,11
2919,11
2920,11
2921,11
2922,11
2923,11
2924,11
2925,11
2926,11
2927,11
2928,11
2929,11
2930,14
2931,14
2932,14
2933,12
2934,12
2935,12
2936,12
2937,12
2938,12
2939,11
2940,11
2941,11
2942,11
2943,11
2944,11
2945,11
2946,11
2947,11
2948,11
2949,11
2950,11
2951,11
2952,11
2953,11
2954,11
2955,11
2956,11
2957,11
2958,11
2959,11
2960,11
2961,11
2962,11
2963,12
2964,12
2965,12
2966,12
2967,12
2968,12
2969,12
2970,12
2971,11
2972,11
2973,11
2974,11
2975,11
2976,11
2977,11
2978,11
2979,11
2980,11
2981,11
2982,11
2983,11
2984,11
2985,11
2986,11
2987,11
2988,11
2989,11
2990,12
2991,12
2992,12
2993,12
2994,12
2995,12
2996,11
2997,11
2998,11
2999,11
3000,11
3001,11
3002,11
3003,11
3004,11
3005,11
3006,11
3007,11
3008,11
3009,11
3010,11
3011,11
3012,11
3013,11
3014,11
3015,11
3016,11
3017,11
3018,11
3019,11
3020,11
3021,11
3022,11
3023,11
3024,11
3025,11
3026,11
3027,11
3028,11
3029,11
3030,11
3031,11
3032,11
3033,11
3034,11
3035,11
3036,11
3037,11
3038,11
3039,11
3040,11
3041,11
3042,11
3043,11
3044,11
3045,11
3046,11
3047,11
3048,11
3049,11
3050,11
3051,11
3052,11
3053,11
3054,11
3055,11
3056,11
3057,11
3058,11
3059,11
3060,11
3061,11
3062,11
3063,11
3064,11
3065,11
3066,11
3067,11
3068,11
3069,11
3070,11
3071,11
3072,11
3073,11
3074,7
3075,11
3076,11
3077,11
3078,11
3079,11
3080,11
3081,11
3082,11
3083,11
3084,11
3085,11
3086,11
3087,11
3088,11
3089,11
3090,11
3091,11
3092,11
3093,11
3094,11
3095,11
3096,11
3097,11
3098,11
3099,11
3100,11
3101,11
3102,11
3103,11
3104,11
3105,11
3106,11
3107,11
3108,11
3109,11
3110,11
3111,11
3112,11
3113,11
3114,11
3115,11
3116,11
3117,11
3118,11
3119,12
3120,11
3121,11
3122,11
3123,11
3124,11
3125,11
3126,11
3127,11
3128,11
3129,11
3130,11
3131,11
3132,11
3133,11
3134,11
3135,11
3136,11
3137,36
3138,11
3139,11
3140,11
3141,11
3142,11
3143,11
3144,11
3145,11
3146,11
3147,11
3148,11
3149,11
3150,29
3151,11
3152,11
3153,11
3154,11
3155,11
3156,11
3157,11
3158,11
3159,11
3160,11
3161,11
3162,11
3163,11
3164,11
3165,11
3166,11
3167,21
3168,11
3169,11
3170,11
3171,11
3172,11
3173,11
3174,11
3175,11
3176,11
3177,11
3178,11
3179,11
3180,11
3181,11
3182,11
3183,11
3184,11
3185,11
3186,11
3187,11
3188,11
3189,11
3190,11
3191,11
3192,11
3193,11
3194,11
3195,11
3196,11
3197,11
3198,11
3199,11
3200,11
3201,11
3202,11
3203,11
3204,11
3205,11
3206,11
3207,11
3208,11
3209,11
3210,11
3211,11
3212,11
3213,11
3214,11
3215,11
3216,11
3217,11
3218,11
3219,11
3220,11
3221,11
3222,11
3223,11
3224,11
3225,11
3226,11
3227,11
3228,11
3229,11
3230,11
3231,11
3232,11
3233,11
3234,11
3235,11
3236,11
3237,11
3238,11
3239,11
3240,11
3241,11
3242,11
3243,11
3244,11
3245,11
3246,11
3247,11
3248,11
3249,11
3250,11
3251,11
3252,11
3253,11
3254,11
3255,11
3256,11
3257,11
3258,11
3259,11
3260,11
3261,11
3262,11
3263,11
3264,11
3265,11
3266,11
3267,11
3268,11
3269,11
3270,11
3271,11
3272,11
3273,11
3274,11
3275,11
3276,11
3277,11
3278,11
3279,18
3280,11
3281,11
3282,11
3283,11
3284,11
3285,11
3286,11
3287,11
3288,11
3289,11
3290,11
3291,11
3292,11
3293,11
3294,11
3295,11
3296,11
3297,11
3298,11
3299,11
3300,11
3301,11
3302,11
3303,11
3304,11
3305,11
3306,11
3307,11
3308,11
3309,11
3310,11
3311,11
3312,11
3313,11
3314,11
3315,11
3316,11
3317,11
3318,11
3319,11
3320,11
3321,11
3322,11
3323,11
3324,11
3325,11
3326,11
3327,11
3328,11
3329,11
3330,11
3331,11
3332,11
3333,11
3334,11
3335,11
3336,11
3337,11
3338,11
3339,11
3340,11
3341,11
3342,11
3343,11
3344,11
3345,11
3346,11
3347,11
3348,11
3349,11
3350,11
3351,11
3352,11
3353,11
3354,11
3355,11
3356,11
3357,11
3358,11
3359,11
3360,11
3361,11
3362,11
3363,11
3364,11
3365,11
3366,11
3367,11
3368,11
3369,11
3370,11
3371,11
3372,11
3373,11
3374,11
3375,25
3376,32
3377,11
3378,11
3379,11
3380,11
3381,11
3382,11
3383,11
3384,11
3385,22
3386,22
3387,11
3388,11
3389,11
3390,11
3391,11
3392,11
3393,11
3394,11
3395,11
3396,11
3397,11
3398,11
3399,11
3400,11
3401,11
3402,11
3403,11
3404,11
3405,26
3406,11
3407,11
3408,11
3409,11
3410,11
3411,11
3412,11
3413,11
3414,11
3415,11
3416,11
3417,11
3418,11
3419,11
3420,11
3421,11
3422,11
3423,11
3424,11
3425,11
3426,11
3427,11
3428,11
3429,11
3430,11
3431,11
3432,11
3433,11
3434,11
3435,11
3436,11
3437,11
3438,11
3439,11
3440,11
3441,11
3442,11
3443,11
3444,11
3445,11
3446,11
3447,11
3448,11
3449,11
3450,11
3451,11
3452,11
3453,11
3454,11
3455,11
3456,11
3457,11
3458,11
3459,11
3460,11
3461,11
3462,11
3463,11
3464,11
3465,11
3466,11
3467,11
3468,11
3469,11
3470,11
3471,11
3472,11
3473,11
3474,11
3475,11
3476,14
3477,11
3478,11
3479,11
3480,11
3481,11
3482,11
3483,26
3484,9
3485,11
3486,11
3487,11
3488,11
3489,11
3490,11
3491,11
3492,11
3493,11
3494,11
3495,11
3496,11
3497,11
3498,22
3499,22
3500,22
3501,22
3502,22
3503,22
3504,22
3505,22
3506,22
3507,22
3508,22
3509,22
3510,22
3511,68
3512,68
3513,68
3514,11
3515,11
3516,11
3517,11
3518,11
3519,33
3520,33
3521,11
3522,29
3523,0
3524,18
3525,18
3526,13
3527,11
3528,13
3529,11
3530,11
3531,11
3532,11
3533,11
3534,11
3535,11
3536,11
3537,11
3538,11
3539,11
3540,11
3541,11
3542,11
3543,11
3544,11
3545,11
3546,30
3547,30
3548,30
3549,30
3550,30
3551,30
3552,11
3553,11
3554,11
3555,11
3556,11
3557,11
3558,11
3559,11
3560,11
3561,34
3562,11
3563,6
3564,11
3565,6
3566,6
3567,6
3568,6
3569,6
3570,11
3571,11
3572,11
3573,11
3574,11
3575,11
3576,11
3577,6
3578,6
3579,6
3580,11
3581,11
3582,11
3583,11
3584,4
3585,11
3586,11
3587,11
3588,11
3589,11
3590,11
3591,11
3592,11
3593,10
3594,10
3595,10
3596,10
3597,11
3598,14
3599,14
3600,14
3601,14
3602,14
3603,14
3604,11
3605,14
3606,14
3607,11
3608,11
3609,11
3610,11
3611,11
3612,11
3613,11
3614,11
3615,11
3616,11
3617,68
3618,68
3619,68
3620,10
3621,22
3622,22
3623,22
3624,22
3625,22
3626,22
3627,22
3628,22
3629,22
3630,22
3631,22
3632,22
3633,22
3634,22
3635,22
3636,22
3637,22
3638,22
3639,22
3640,22
3641,22
3642,11
3643,11
3644,11
3645,11
3646,11
3647,33
3648,33
3649,33
3650,33
3651,18
3652,18
3653,18
3654,18
3655,13
3656,13
3657,13
3658,11
3659,11
3660,11
3661,11
3662,22
3663,17
3664,17
3665,17
3666,17
3667,17
3668,17
3669,17
3670,17
3671,17
3672,17
3673,17
3674,17
3675,30
3676,30
3677,30
3678,30
3679,30
3680,30
3681,30
3682,30
3683,30
3684,30
3685,30
3686,30
3687,30
3688,30
3689,68
3690,68
3691,68
3692,68
3693,68
3694,68
3695,11
3696,11
3697,11
3698,11
3699,11
3700,11
3701,11
3702,6
3703,6
3704,6
3705,6
3706,6
3707,6
3708,6
3709,6
3710,6
3711,6
3712,6
3713,6
3714,6
3715,6
3716,6
3717,6
3718,6
3719,6
3720,19
3721,19
3722,19
3723,19
3724,19
3725,19
3726,19
3727,19
3728,19
3729,19
3730,19
3731,19
3732,19
3733,19
3734,19
3735,11
3736,35
3737,19
3738,24
3739,36
3740,24
3741,24
3742,11
3743,24
3744,24
3745,24
3746,24
3747,27
3748,27
3749,27
3750,27
3751,3
3752,3
3753,10
3754,21
3755,27
3756,10
3757,10
3758,10
3759,37
3760,38
3761,14
3762,14
3763,14
3764,14
3765,14
3766,14
3767,39
3768,39
3769,39
3770,68
3771,68
3772,68
3773,68
3774,68
3775,22
3776,22
3777,22
3778,22
3779,22
3780,22
3781,40
3782,22
3783,22
3784,22
3785,22
3786,22
3787,22
3788,22
3789,22
3790,22
3791,22
3792,22
3793,22
3794,22
3795,22
3796,22
3797,11
3798,11
3799,22
3800,21
3801,33
3802,33
3803,33
3804,33
3805,33
3806,36
3807,33
3808,14
3809,28
3810,14
3811,14
3812,28
3813,13
3814,13
3815,13
3816,13
3817,13
3818,13
3819,13
3820,13
3821,17
3822,17
3823,17
3824,17
3825,17
3826,17
3827,17
3828,17
3829,17
3830,17
3831,17
3832,17
3833,17
3834,17
3835,30
3836,30
3837,30
3838,30
3839,30
3840,30
3841,30
3842,68
3843,68
3844,68
3845,68
3846,68
3847,68
3848,68
3849,68
3850,17
3851,17
3852,17
3853,17
3854,6
3855,6
3856,6
3857,6
3858,6
3859,6
3860,41
3861,6
3862,6
3863,6
3864,6
3865,6
3866,6
3867,6
3868,6
3869,6
3870,6
3871,6
3872,19
3873,19
3874,19
3875,15
3876,19
3877,19
3878,19
3879,19
3880,19
3881,19
3882,19
3883,19
3884,19
3885,19
3886,19
3887,19
3888,24
3889,24
3890,24
3891,24
3892,24
3893,24
3894,24
3895,24
3896,24
3897,27
3898,27
3899,27
3900,27
3901,27
3902,27
3903,3
3904,3
3905,3
3906,3
3907,3
3908,27
3909,27
3910,27
3911,27
3912,27
3913,10
3914,10
3915,10
3916,10
3917,10
3918,42
3919,33
3920,33
3921,33
3922,33
3923,14
3924,14
3925,39
3926,39
3927,39
3928,68
3929,68
3930,68
3931,68
3932,68
3933,68
3934,68
3935,68
3936,22
3937,22
3938,22
3939,22
3940,22
3941,22
3942,22
3943,22
3944,22
3945,22
3946,22
3947,22
3948,22
3949,22
3950,22
3951,33
3952,33
3953,33
3954,33
3955,33
3956,33
3957,33
3958,33
3959,33
3960,33
3961,33
3962,27
3963,14
3964,14
3965,14
3966,14
3967,14
3968,14
3969,13
3970,13
3971,13
3972,13
3973,13
3974,13
3975,17
3976,36
3977,36
3978,36
3979,36
3980,36
3981,11
3982,17
3983,68
3984,68
3985,68
3986,68
3987,26
3988,68
3989,68
3990,68
3991,68
3992,68
3993,68
3994,68
3995,68
3996,17
3997,6
3998,6
3999,6
4000,6
4001,6
4002,6
4003,6
4004,6
4005,6
4006,6
4007,6
4008,6
4009,6
4010,6
4011,6
4012,19
4013,19
4014,19
4015,19
4016,19
4017,19
4018,19
4019,19
4020,19
4021,19
4022,19
4023,19
4024,19
4025,19
4026,19
4027,16
4028,16
4029,16
4030,2
4031,24
4032,24
4033,44
4034,36
4035,24
4036,126
4037,126
4038,126
4039,24
4040,24
4041,24
4042,24
4043,24
4044,24
4045,24
4046,3
4047,46
4048,3
4049,3
4050,36
4051,27
4052,7
4053,7
4054,7
4055,1
4056,1
4057,1
4058,17
4059,17
4060,10
4061,10
4062,7
4063,7
4064,7
4065,7
4066,7
4067,7
4068,7
4069,7
4070,7
4071,68
4072,68
4073,68
4074,22
4075,22
4076,22
4077,22
4078,22
4079,22
4080,22
4081,22
4082,22
4083,22
4084,22
4085,22
4086,22
4087,22
4088,22
4089,10
4090,22
4091,22
4092,22
4093,22
4094,22
4095,22
4096,22
4097,22
4098,22
4099,22
4100,22
4101,33
4102,33
4103,33
4104,33
4105,33
4106,33
4107,33
4108,33
4109,33
4110,33
4111,33
4112,33
4113,33
4114,33
4115,14
4116,14
4117,14
4118,47
4119,47
4120,47
4121,47
4122,47
4123,5
4124,5
4125,5
4126,5
4127,5
4128,6
4129,6
4130,6
4131,6
4132,6
4133,6
4134,6
4135,36
4136,36
4137,36
4138,36
4139,36
4140,36
4141,36
4142,36
4143,36
4144,68
4145,68
4146,68
4147,68
4148,68
4149,68
4150,68
4151,68
4152,68
4153,68
4154,68
4155,68
4156,68
4157,68
4158,68
4159,68
4160,6
4161,6
4162,6
4163,6
4164,6
4165,6
4166,6
4167,6
4168,6
4169,6
4170,6
4171,6
4172,6
4173,6
4174,6
4175,6
4176,6
4177,6
4178,19
4179,19
4180,19
4181,19
4182,19
4183,19
4184,19
4185,19
4186,19
4187,19
4188,19
4189,19
4190,19
4191,19
4192,19
4193,19
4194,19
4195,19
4196,19
4197,19
4198,19
4199,19
4200,19
4201,19
4202,11
4203,16
4204,16
4205,16
4206,2
4207,2
4208,24
4209,24
4210,24
4211,24
4212,3
4213,3
4214,3
4215,3
4216,7
4217,7
4218,7
4219,7
4220,7
4221,7
4222,7
4223,7
4224,7
4225,23
4226,17
4227,17
4228,7
4229,7
4230,7
4231,7
4232,7
4233,7
4234,7
4235,7
4236,22
4237,22
4238,22
4239,22
4240,22
4241,22
4242,22
4243,22
4244,22
4245,22
4246,22
4247,22
4248,22
4249,22
4250,22
4251,22
4252,22
4253,22
4254,22
4255,22
4256,22
4257,22
4258,22
4259,22
4260,22
4261,22
4262,22
4263,22
4264,22
4265,22
4266,22
4267,22
4268,22
4269,22
4270,33
4271,33
4272,33
4273,33
4274,33
4275,33
4276,33
4277,33
4278,33
4279,33
4280,33
4281,33
4282,33
4283,33
4284,33
4285,33
4286,33
4287,33
4288,33
4289,33
4290,0
4291,14
4292,50
4293,47
4294,47
4295,47
4296,5
4297,5
4298,5
4299,5
4300,5
4301,6
4302,5
4303,5
4304,36
4305,36
4306,36
4307,36
4308,36
4309,36
4310,36
4311,36
4312,36
4313,29
4314,29
4315,36
4316,36
4317,153
4318,68
4319,68
4320,68
4321,68
4322,68
4323,68
4324,68
4325,68
4326,68
4327,68
4328,68
4329,68
4330,68
4331,68
4332,68
4333,68
4334,68
4335,68
4336,68
4337,68
4338,68
4339,68
4340,6
4341,29
4342,6
4343,6
4344,6
4345,6
4346,6
4347,3
4348,6
4349,3
4350,6
4351,6
4352,7
4353,19
4354,25
4355,19
4356,19
4357,19
4358,19
4359,19
4360,19
4361,19
4362,19
4363,19
4364,19
4365,19
4366,19
4367,19
4368,19
4369,22
4370,22
4371,22
4372,22
4373,22
4374,24
4375,24
4376,17
4377,17
4378,7
4379,3
4380,7
4381,7
4382,7
4383,7
4384,7
4385,7
4386,7
4387,7
4388,7
4389,7
4390,7
4391,7
4392,7
4393,7
4394,7
4395,7
4396,7
4397,7
4398,7
4399,7
4400,7
4401,7
4402,7
4403,7
4404,7
4405,7
4406,7
4407,22
4408,22
4409,22
4410,22
4411,22
4412,22
4413,22
4414,22
4415,22
4416,22
4417,22
4418,22
4419,22
4420,22
4421,22
4422,22
4423,22
4424,22
4425,22
4426,22
4427,22
4428,22
4429,22
4430,33
4431,33
4432,33
4433,33
4434,33
4435,33
4436,33
4437,33
4438,33
4439,33
4440,33
4441,33
4442,33
4443,33
4444,33
4445,33
4446,0
4447,0
4448,0
4449,0
4450,47
4451,0
4452,5
4453,5
4454,5
4455,5
4456,5
4457,5
4458,5
4459,5
4460,36
4461,36
4462,36
4463,36
4464,36
4465,36
4466,36
4467,36
4468,36
4469,36
4470,36
4471,29
4472,29
4473,29
4474,29
4475,29
4476,29
4477,29
4478,36
4479,36
4480,68
4481,68
4482,68
4483,68
4484,68
4485,68
4486,68
4487,68
4488,68
4489,68
4490,68
4491,68
4492,68
4493,68
4494,68
4495,68
4496,10
4497,10
4498,10
4499,10
4500,10
4501,10
4502,10
4503,6
4504,6
4505,6
4506,6
4507,6
4508,6
4509,19
4510,19
4511,19
4512,19
4513,19
4514,19
4515,19
4516,19
4517,19
4518,19
4519,19
4520,22
4521,22
4522,22
4523,22
4524,22
4525,22
4526,22
4527,22
4528,7
4529,7
4530,7
4531,7
4532,7
4533,7
4534,7
4535,7
4536,7
4537,7
4538,7
4539,7
4540,7
4541,7
4542,7
4543,7
4544,7
4545,7
4546,22
4547,22
4548,22
4549,22
4550,22
4551,22
4552,22
4553,22
4554,22
4555,22
4556,22
4557,22
4558,22
4559,22
4560,52
4561,53
4562,33
4563,33
4564,33
4565,33
4566,33
4567,33
4568,33
4569,33
4570,33
4571,33
4572,33
4573,33
4574,33
4575,33
4576,33
4577,33
4578,33
4579,33
4580,33
4581,33
4582,33
4583,33
4584,54
4585,33
4586,18
4587,18
4588,18
4589,18
4590,0
4591,18
4592,18
4593,18
4594,5
4595,5
4596,5
4597,5
4598,5
4599,5
4600,5
4601,5
4602,5
4603,5
4604,32
4605,32
4606,32
4607,32
4608,32
4609,23
4610,36
4611,36
4612,0
4613,0
4614,0
4615,0
4616,0
4617,36
4618,36
4619,36
4620,36
4621,36
4622,36
4623,29
4624,29
4625,29
4626,36
4627,29
4628,29
4629,14
4630,68
4631,68
4632,68
4633,68
4634,28
4635,28
4636,28
4637,10
4638,10
4639,10
4640,10
4641,10
4642,10
4643,10
4644,10
4645,10
4646,10
4647,10
4648,6
4649,6
4650,6
4651,6
4652,6
4653,6
4654,6
4655,6
4656,6
4657,6
4658,6
4659,6
4660,19
4661,6
4662,19
4663,19
4664,19
4665,19
4666,19
4667,19
4668,19
4669,19
4670,19
4671,19
4672,19
4673,19
4674,19
4675,22
4676,22
4677,10
4678,10
4679,10
4680,22
4681,22
4682,22
4683,33
4684,33
4685,33
4686,33
4687,33
4688,33
4689,33
4690,33
4691,33
4692,33
4693,33
4694,33
4695,33
4696,33
4697,33
4698,18
4699,18
4700,18
4701,18
4702,18
4703,18
4704,18
4705,18
4706,18
4707,18
4708,5
4709,5
4710,5
4711,5
4712,5
4713,5
4714,5
4715,5
4716,5
4717,32
4718,32
4719,32
4720,32
4721,32
4722,32
4723,32
4724,32
4725,32
4726,32
4727,32
4728,32
4729,32
4730,32
4731,32
4732,32
4733,36
4734,36
4735,32
4736,32
4737,0
4738,32
4739,0
4740,32
4741,0
4742,36
4743,36
4744,36
4745,36
4746,36
4747,36
4748,36
4749,36
4750,36
4751,36
4752,36
4753,36
4754,14
4755,14
4756,14
4757,14
4758,28
4759,28
4760,28
4761,28
4762,28
4763,28
4764,28
4765,56
4766,57
4767,10
4768,10
4769,10
4770,10
4771,10
4772,10
4773,10
4774,39
4775,10
4776,10
4777,10
4778,23
4779,23
4780,23
4781,23
4782,6
4783,6
4784,6
4785,6
4786,6
4787,6
4788,6
4789,6
4790,6
4791,6
4792,6
4793,68
4794,68
4795,68
4796,19
4797,19
4798,19
4799,19
4800,19
4801,10
4802,10
4803,10
4804,10
4805,10
4806,22
4807,22
4808,22
4809,22
4810,22
4811,33
4812,16
4813,33
4814,33
4815,18
4816,18
4817,18
4818,18
4819,18
4820,18
4821,18
4822,18
4823,18
4824,18
4825,18
4826,18
4827,18
4828,59
4829,68
4830,68
4831,68
4832,68
4833,68
4834,68
4835,32
4836,32
4837,32
4838,32
4839,32
4840,32
4841,32
4842,32
4843,32
4844,32
4845,32
4846,32
4847,32
4848,32
4849,32
4850,32
4851,32
4852,32
4853,32
4854,32
4855,32
4856,32
4857,32
4858,32
4859,32
4860,32
4861,32
4862,32
4863,25
4864,32
4865,32
4866,32
4867,32
4868,32
4869,32
4870,32
4871,32
4872,32
4873,32
4874,32
4875,32
4876,32
4877,32
4878,32
4879,32
4880,32
4881,32
4882,32
4883,36
4884,36
4885,36
4886,36
4887,36
4888,36
4889,36
4890,36
4891,36
4892,36
4893,36
4894,36
4895,6
4896,14
4897,14
4898,14
4899,14
4900,36
4901,14
4902,30
4903,14
4904,14
4905,14
4906,28
4907,28
4908,28
4909,28
4910,10
4911,10
4912,10
4913,10
4914,10
4915,10
4916,10
4917,10
4918,10
4919,10
4920,13
4921,13
4922,13
4923,13
4924,13
4925,13
4926,13
4927,1
4928,68
4929,68
4930,68
4931,68
4932,68
4933,3
4934,10
4935,10
4936,10
4937,10
4938,10
4939,10
4940,21
4941,61
4942,21
4943,21
4944,62
4945,21
4946,22
4947,22
4948,22
4949,22
4950,22
4951,22
4952,22
4953,22
4954,22
4955,22
4956,22
4957,22
4958,22
4959,22
4960,22
4961,22
4962,33
4963,33
4964,33
4965,33
4966,14
4967,14
4968,14
4969,18
4970,18
4971,18
4972,18
4973,18
4974,18
4975,18
4976,18
4977,18
4978,18
4979,18
4980,18
4981,18
4982,68
4983,68
4984,68
4985,68
4986,68
4987,68
4988,68
4989,68
4990,68
4991,68
4992,39
4993,32
4994,32
4995,32
4996,32
4997,32
4998,32
4999,32
5000,4
5001,4
5002,4
5003,32
5004,32
5005,32
5006,32
5007,32
5008,32
5009,32
5010,32
5011,32
5012,32
5013,32
5014,32
5015,32
5016,32
5017,32
5018,32
5019,32
5020,32
5021,32
5022,32
5023,32
5024,32
5025,32
5026,32
5027,32
5028,32
5029,32
5030,32
5031,32
5032,32
5033,32
5034,32
5035,32
5036,32
5037,32
5038,32
5039,32
5040,63
5041,36
5042,36
5043,36
5044,36
5045,36
5046,36
5047,36
5048,36
5049,36
5050,36
5051,36
5052,36
5053,36
5054,36
5055,36
5056,36
5057,36
5058,36
5059,36
5060,36
5061,36
5062,36
5063,36
5064,36
5065,36
5066,36
5067,36
5068,30
5069,30
5070,30
5071,30
5072,25
5073,28
5074,28
5075,28
5076,28
5077,28
5078,28
5079,28
5080,28
5081,11
5082,28
5083,28
5084,28
5085,28
5086,28
5087,28
5088,28
5089,28
5090,28
5091,10
5092,10
5093,10
5094,10
5095,10
5096,10
5097,10
5098,10
5099,10
5100,13
5101,13
5102,13
5103,13
5104,13
5105,13
5106,68
5107,68
5108,68
5109,68
5110,68
5111,68
5112,68
5113,68
5114,68
5115,23
5116,3
5117,23
5118,23
5119,6
5120,10
5121,10
5122,10
5123,10
5124,10
5125,10
5126,21
5127,21
5128,21
5129,21
5130,21
5131,22
5132,22
5133,22
5134,22
5135,22
5136,22
5137,22
5138,22
5139,22
5140,22
5141,22
5142,22
5143,22
5144,22
5145,22
5146,22
5147,22
5148,2
5149,64
5150,65
5151,17
5152,17
5153,68
5154,68
5155,68
5156,66
5157,22
5158,22
5159,22
5160,22
5161,22
5162,22
5163,22
5164,22
5165,22
5166,59
5167,33
5168,33
5169,33
5170,33
5171,33
5172,14
5173,14
5174,14
5175,14
5176,18
5177,18
5178,18
5179,18
5180,18
5181,18
5182,18
5183,18
5184,18
5185,18
5186,18
5187,18
5188,18
5189,18
5190,68
5191,68
5192,68
5193,68
5194,68
5195,68
5196,68
5197,68
5198,68
5199,68
5200,68
5201,68
5202,68
5203,68
5204,68
5205,68
5206,68
5207,68
5208,32
5209,32
5210,32
5211,4
5212,4
5213,4
5214,4
5215,4
5216,4
5217,4
5218,32
5219,32
5220,32
5221,32
5222,12
5223,12
5224,12
5225,12
5226,12
5227,32
5228,32
5229,32
5230,32
5231,32
5232,50
5233,27
5234,27
5235,27
5236,27
5237,0
5238,27
5239,22
5240,22
5241,22
5242,22
5243,32
5244,32
5245,32
5246,32
5247,32
5248,32
5249,32
5250,32
5251,32
5252,32
5253,32
5254,32
5255,32
5256,32
5257,32
5258,32
5259,32
5260,36
5261,36
5262,36
5263,36
5264,19
5265,3
5266,36
5267,36
5268,36
5269,36
5270,36
5271,36
5272,36
5273,36
5274,36
5275,36
5276,36
5277,36
5278,36
5279,30
5280,30
5281,30
5282,30
5283,30
5284,3
5285,3
5286,28
5287,28
5288,28
5289,28
5290,28
5291,28
5292,28
5293,28
5294,28
5295,28
5296,28
5297,28
5298,28
5299,28
5300,28
5301,28
5302,28
5303,28
5304,28
5305,10
5306,13
5307,13
5308,13
5309,13
5310,13
5311,13
5312,13
5313,13
5314,13
5315,68
5316,68
5317,68
5318,68
5319,68
5320,68
5321,68
5322,68
5323,23
5324,23
5325,23
5326,23
5327,23
5328,23
5329,23
5330,23
5331,23
5332,23
5333,23
5334,23
5335,67
5336,10
5337,21
5338,21
5339,21
5340,21
5341,21
5342,21
5343,21
5344,21
5345,21
5346,21
5347,22
5348,1
5349,1
5350,1
5351,1
5352,1
5353,22
5354,22
5355,22
5356,30
5357,22
5358,22
5359,22
5360,22
5361,22
5362,2
5363,2
5364,17
5365,17
5366,17
5367,17
5368,17
5369,17
5370,17
5371,17
5372,17
5373,17
5374,17
5375,17
5376,17
5377,17
5378,68
5379,27
5380,27
5381,27
5382,68
5383,68
5384,22
5385,22
5386,22
5387,22
5388,22
5389,22
5390,22
5391,22
5392,22
5393,22
5394,22
5395,20
5396,20
5397,20
5398,20
5399,14
5400,14
5401,33
5402,33
5403,33
5404,33
5405,33
5406,5
5407,5
5408,14
5409,14
5410,14
5411,14
5412,14
5413,14
5414,14
5415,14
5416,14
5417,14
5418,14
5419,14
5420,14
5421,18
5422,18
5423,18
5424,18
5425,18
5426,18
5427,18
5428,18
5429,18
5430,18
5431,18
5432,18
5433,18
5434,18
5435,18
5436,18
5437,18
5438,18
5439,18
5440,18
5441,18
5442,18
5443,18
5444,18
5445,18
5446,18
5447,18
5448,18
5449,68
5450,68
5451,68
5452,68
5453,68
5454,68
5455,25
5456,25
5457,25
5458,25
5459,68
5460,25
5461,25
5462,25
5463,25
5464,25
5465,4
5466,4
5467,7
5468,7
5469,7
5470,7
5471,7
5472,7
5473,7
5474,7
5475,5
5476,5
5477,5
5478,5
5479,5
5480,28
5481,28
5482,28
5483,28
5484,28
5485,27
5486,27
5487,27
5488,27
5489,27
5490,69
5491,4
5492,22
5493,13
5494,32
5495,32
5496,70
5497,32
5498,32
5499,32
5500,32
5501,32
5502,32
5503,32
5504,32
5505,32
5506,36
5507,36
5508,36
5509,36
5510,36
5511,36
5512,11
5513,3
5514,11
5515,11
5516,36
5517,36
5518,30
5519,36
5520,36
5521,36
5522,36
5523,36
5524,36
5525,36
5526,36
5527,36
5528,36
5529,59
5530,59
5531,36
5532,30
5533,30
5534,30
5535,30
5536,30
5537,30
5538,30
5539,30
5540,30
5541,30
5542,30
5543,28
5544,28
5545,28
5546,28
5547,28
5548,28
5549,28
5550,28
5551,28
5552,28
5553,28
5554,28
5555,28
5556,28
5557,28
5558,28
5559,28
5560,28
5561,28
5562,28
5563,28
5564,28
5565,28
5566,13
5567,13
5568,13
5569,13
5570,13
5571,13
5572,13
5573,13
5574,13
5575,13
5576,13
5577,68
5578,68
5579,68
5580,68
5581,68
5582,23
5583,23
5584,23
5585,23
5586,23
5587,23
5588,23
5589,23
5590,23
5591,12
5592,21
5593,21
5594,21
5595,21
5596,21
5597,21
5598,21
5599,21
5600,21
5601,21
5602,1
5603,1
5604,15
5605,22
5606,22
5607,1
5608,1
5609,25
5610,21
5611,22
5612,22
5613,22
5614,22
5615,22
5616,22
5617,22
5618,22
5619,17
5620,17
5621,17
5622,17
5623,27
5624,27
5625,27
5626,27
5627,27
5628,22
5629,22
5630,22
5631,22
5632,22
5633,22
5634,22
5635,22
5636,20
5637,20
5638,20
5639,20
5640,20
5641,14
5642,14
5643,14
5644,14
5645,14
5646,14
5647,68
5648,68
5649,33
5650,33
5651,5
5652,5
5653,5
5654,5
5655,5
5656,5
5657,5
5658,5
5659,14
5660,14
5661,14
5662,14
5663,14
5664,14
5665,14
5666,14
5667,14
5668,14
5669,14
5670,25
5671,25
5672,25
5673,25
5674,25
5675,25
5676,25
5677,18
5678,18
5679,18
5680,18
5681,18
5682,18
5683,18
5684,18
5685,18
5686,18
5687,18
5688,18
5689,18
5690,18
5691,18
5692,18
5693,18
5694,18
5695,18
5696,18
5697,18
5698,18
5699,18
5700,20
5701,18
5702,68
5703,68
5704,68
5705,68
5706,25
5707,25
5708,25
5709,25
5710,25
5711,25
5712,25
5713,25
5714,25
5715,7
5716,7
5717,7
5718,7
5719,7
5720,7
5721,7
5722,7
5723,7
5724,7
5725,71
5726,7
5727,7
5728,7
5729,7
5730,5
5731,5
5732,5
5733,5
5734,28
5735,28
5736,28
5737,28
5738,28
5739,28
5740,13
5741,27
5742,27
5743,27
5744,27
5745,27
5746,4
5747,4
5748,4
5749,4
5750,4
5751,4
5752,13
5753,13
5754,13
5755,13
5756,13
5757,13
5758,32
5759,32
5760,32
5761,32
5762,32
5763,32
5764,32
5765,32
5766,36
5767,36
5768,36
5769,36
5770,36
5771,11
5772,11
5773,13
5774,15
5775,11
5776,11
5777,36
5778,27
5779,36
5780,36
5781,36
5782,36
5783,36
5784,36
5785,36
5786,36
5787,36
5788,36
5789,36
5790,11
5791,11
5792,11
5793,59
5794,59
5795,59
5796,59
5797,59
5798,59
5799,30
5800,30
5801,30
5802,30
5803,30
5804,30
5805,30
5806,30
5807,30
5808,30
5809,30
5810,30
5811,30
5812,30
5813,30
5814,30
5815,30
5816,30
5817,30
5818,28
5819,28
5820,28
5821,29
5822,28
5823,28
5824,28
5825,28
5826,28
5827,28
5828,28
5829,28
5830,28
5831,28
5832,11
5833,13
5834,13
5835,13
5836,13
5837,13
5838,72
5839,13
5840,13
5841,13
5842,13
5843,13
5844,13
5845,13
5846,13
5847,13
5848,13
5849,13
5850,13
5851,13
5852,13
5853,23
5854,23
5855,23
5856,23
5857,23
5858,23
5859,23
5860,23
5861,23
5862,23
5863,23
5864,21
5865,21
5866,21
5867,21
5868,21
5869,21
5870,21
5871,21
5872,21
5873,21
5874,21
5875,21
5876,21
5877,1
5878,1
5879,1
5880,1
5881,22
5882,22
5883,22
5884,22
5885,22
5886,22
5887,22
5888,22
5889,22
5890,22
5891,22
5892,22
5893,22
5894,22
5895,22
5896,22
5897,22
5898,22
5899,22
5900,32
5901,32
5902,32
5903,50
5904,50
5905,50
5906,50
5907,14
5908,50
5909,50
5910,68
5911,68
5912,68
5913,68
5914,68
5915,68
5916,73
5917,74
5918,5
5919,5
5920,5
5921,5
5922,5
5923,5
5924,5
5925,5
5926,14
5927,14
5928,14
5929,5
5930,14
5931,5
5932,14
5933,14
5934,75
5935,25
5936,25
5937,25
5938,25
5939,25
5940,25
5941,25
5942,25
5943,25
5944,25
5945,25
5946,25
5947,18
5948,25
5949,18
5950,18
5951,18
5952,18
5953,18
5954,18
5955,18
5956,18
5957,18
5958,18
5959,18
5960,18
5961,18
5962,18
5963,18
5964,18
5965,25
5966,25
5967,25
5968,25
5969,25
5970,25
5971,76
5972,25
5973,23
5974,23
5975,77
5976,7
5977,13
5978,78
5979,7
5980,7
5981,7
5982,7
5983,30
5984,7
5985,7
5986,7
5987,7
5988,7
5989,7
5990,7
5991,7
5992,7
5993,3
5994,3
5995,3
5996,28
5997,28
5998,28
5999,28
6000,28
6001,28
6002,28
6003,7
6004,25
6005,27
6006,27
6007,27
6008,27
6009,27
6010,27
6011,4
6012,27
6013,4
6014,4
6015,13
6016,4
6017,13
6018,13
6019,15
6020,15
6021,15
6022,15
6023,15
6024,15
6025,15
6026,15
6027,15
6028,15
6029,15
6030,15
6031,15
6032,15
6033,15
6034,15
6035,15
6036,11
6037,11
6038,11
6039,11
6040,11
6041,11
6042,11
6043,36
6044,36
6045,36
6046,36
6047,36
6048,36
6049,36
6050,36
6051,36
6052,15
6053,15
6054,15
6055,15
6056,79
6057,30
6058,30
6059,3
6060,80
6061,81
6062,59
6063,59
6064,59
6065,59
6066,59
6067,59
6068,82
6069,59
6070,30
6071,30
6072,30
6073,30
6074,30
6075,30
6076,30
6077,30
6078,30
6079,30
6080,30
6081,30
6082,30
6083,30
6084,30
6085,30
6086,28
6087,28
6088,28
6089,28
6090,28
6091,28
6092,28
6093,28
6094,28
6095,28
6096,28
6097,28
6098,28
6099,28
6100,28
6101,28
6102,28
6103,28
6104,28
6105,68
6106,68
6107,68
6108,68
6109,13
6110,13
6111,13
6112,13
6113,13
6114,13
6115,13
6116,13
6117,13
6118,13
6119,13
6120,13
6121,13
6122,13
6123,13
6124,13
6125,13
6126,13
6127,23
6128,23
6129,23
6130,23
6131,23
6132,23
6133,23
6134,23
6135,23
6136,23
6137,23
6138,23
6139,23
6140,23
6141,23
6142,23
6143,23
6144,23
6145,23
6146,23
6147,23
6148,21
6149,21
6150,21
6151,21
6152,21
6153,21
6154,21
6155,21
6156,21
6157,21
6158,21
6159,21
6160,21
6161,21
6162,21
6163,21
6164,21
6165,1
6166,22
6167,22
6168,22
6169,22
6170,22
6171,22
6172,22
6173,22
6174,22
6175,22
6176,22
6177,22
6178,22
6179,22
6180,22
6181,22
6182,22
6183,22
6184,22
6185,22
6186,22
6187,22
6188,22
6189,22
6190,22
6191,22
6192,22
6193,22
6194,68
6195,68
6196,68
6197,68
6198,68
6199,68
6200,68
6201,68
6202,39
6203,39
6204,39
6205,22
6206,5
6207,5
6208,5
6209,84
6210,5
6211,5
6212,5
6213,5
6214,5
6215,5
6216,5
6217,5
6218,17
6219,5
6220,5
6221,5
6222,5
6223,5
6224,5
6225,5
6226,5
6227,5
6228,5
6229,5
6230,25
6231,25
6232,25
6233,25
6234,25
6235,25
6236,25
6237,25
6238,25
6239,25
6240,25
6241,25
6242,25
6243,25
6244,25
6245,25
6246,25
6247,25
6248,25
6249,85
6250,18
6251,18
6252,16
6253,16
6254,16
6255,16
6256,18
6257,16
6258,86
6259,87
6260,18
6261,18
6262,25
6263,18
6264,18
6265,25
6266,25
6267,25
6268,25
6269,25
6270,25
6271,25
6272,21
6273,23
6274,23
6275,23
6276,23
6277,13
6278,13
6279,13
6280,7
6281,7
6282,7
6283,7
6284,7
6285,7
6286,7
6287,7
6288,7
6289,7
6290,7
6291,7
6292,7
6293,7
6294,7
6295,7
6296,7
6297,3
6298,3
6299,0
6300,28
6301,28
6302,28
6303,28
6304,7
6305,7
6306,7
6307,7
6308,7
6309,27
6310,27
6311,27
6312,27
6313,27
6314,27
6315,27
6316,27
6317,50
6318,27
6319,27
6320,27
6321,27
6322,15
6323,17
6324,15
6325,15
6326,13
6327,17
6328,15
6329,15
6330,15
6331,15
6332,15
6333,15
6334,15
6335,15
6336,15
6337,15
6338,15
6339,15
6340,15
6341,15
6342,15
6343,15
6344,15
6345,15
6346,15
6347,15
6348,15
6349,11
6350,88
6351,0
6352,36
6353,36
6354,36
6355,15
6356,15
6357,15
6358,15
6359,15
6360,15
6361,15
6362,15
6363,15
6364,30
6365,30
6366,30
6367,30
6368,59
6369,59
6370,59
6371,30
6372,30
6373,30
6374,30
6375,30
6376,30
6377,30
6378,30
6379,30
6380,30
6381,10
6382,10
6383,10
6384,10
6385,14
6386,10
6387,10
6388,28
6389,28
6390,28
6391,28
6392,28
6393,28
6394,28
6395,28
6396,28
6397,28
6398,28
6399,28
6400,28
6401,28
6402,28
6403,28
6404,28
6405,28
6406,28
6407,28
6408,28
6409,89
6410,68
6411,68
6412,90
6413,68
6414,68
6415,68
6416,68
6417,68
6418,68
6419,68
6420,9
6421,13
6422,0
6423,0
6424,13
6425,13
6426,13
6427,13
6428,13
6429,13
6430,13
6431,13
6432,13
6433,25
6434,25
6435,25
6436,25
6437,25
6438,42
6439,23
6440,23
6441,23
6442,23
6443,23
6444,23
6445,23
6446,29
6447,23
6448,23
6449,23
6450,23
6451,23
6452,23
6453,23
6454,23
6455,23
6456,23
6457,21
6458,21
6459,21
6460,21
6461,21
6462,21
6463,21
6464,21
6465,21
6466,21
6467,21
6468,21
6469,21
6470,21
6471,21
6472,21
6473,21
6474,21
6475,21
6476,21
6477,21
6478,21
6479,21
6480,22
6481,22
6482,22
6483,22
6484,22
6485,22
6486,22
6487,22
6488,22
6489,22
6490,22
6491,22
6492,68
6493,68
6494,68
6495,68
6496,14
6497,14
6498,39
6499,39
6500,39
6501,39
6502,39
6503,39
6504,39
6505,39
6506,39
6507,39
6508,39
6509,39
6510,39
6511,5
6512,5
6513,5
6514,5
6515,5
6516,5
6517,5
6518,5
6519,5
6520,5
6521,5
6522,91
6523,5
6524,5
6525,5
6526,5
6527,5
6528,5
6529,5
6530,5
6531,5
6532,5
6533,5
6534,5
6535,5
6536,5
6537,5
6538,5
6539,5
6540,25
6541,25
6542,25
6543,25
6544,25
6545,25
6546,25
6547,25
6548,25
6549,25
6550,25
6551,25
6552,25
6553,25
6554,25
6555,25
6556,25
6557,25
6558,25
6559,25
6560,25
6561,16
6562,16
6563,25
6564,25
6565,25
6566,57
6567,57
6568,57
6569,57
6570,25
6571,25
6572,42
6573,21
6574,21
6575,21
6576,21
6577,21
6578,30
6579,30
6580,30
6581,30
6582,30
6583,30
6584,7
6585,7
6586,7
6587,7
6588,7
6589,7
6590,7
6591,7
6592,7
6593,7
6594,7
6595,7
6596,7
6597,7
6598,7
6599,7
6600,7
6601,7
6602,7
6603,7
6604,7
6605,27
6606,27
6607,27
6608,27
6609,27
6610,27
6611,27
6612,27
6613,27
6614,27
6615,27
6616,27
6617,27
6618,27
6619,27
6620,27
6621,27
6622,27
6623,27
6624,27
6625,27
6626,15
6627,15
6628,15
6629,15
6630,15
6631,15
6632,15
6633,15
6634,15
6635,15
6636,15
6637,15
6638,15
6639,15
6640,15
6641,15
6642,15
6643,15
6644,15
6645,15
6646,15
6647,15
6648,15
6649,15
6650,15
6651,15
6652,15
6653,15
6654,15
6655,15
6656,15
6657,15
6658,15
6659,15
6660,15
6661,30
6662,30
6663,17
6664,30
6665,30
6666,30
6667,30
6668,30
6669,30
6670,30
6671,30
6672,30
6673,30
6674,30
6675,30
6676,10
6677,10
6678,10
6679,10
6680,10
6681,10
6682,10
6683,10
6684,10
6685,28
6686,28
6687,28
6688,28
6689,28
6690,28
6691,28
6692,28
6693,28
6694,28
6695,28
6696,28
6697,28
6698,28
6699,28
6700,28
6701,28
6702,28
6703,28
6704,28
6705,68
6706,68
6707,68
6708,68
6709,68
6710,68
6711,68
6712,68
6713,68
6714,68
6715,68
6716,68
6717,68
6718,68
6719,68
6720,68
6721,68
6722,68
6723,68
6724,68
6725,68
6726,0
6727,0
6728,0
6729,0
6730,13
6731,13
6732,13
6733,13
6734,18
6735,13
6736,13
6737,13
6738,36
6739,36
6740,36
6741,36
6742,36
6743,36
6744,42
6745,42
6746,25
6747,25
6748,25
6749,25
6750,25
6751,23
6752,23
6753,23
6754,92
6755,23
6756,23
6757,23
6758,93
6759,23
6760,23
6761,23
6762,23
6763,23
6764,23
6765,23
6766,23
6767,23
6768,3
6769,3
6770,3
6771,3
6772,17
6773,3
6774,3
6775,3
6776,21
6777,21
6778,21
6779,21
6780,21
6781,21
6782,21
6783,21
6784,21
6785,21
6786,21
6787,21
6788,21
6789,21
6790,21
6791,21
6792,21
6793,21
6794,21
6795,29
6796,21
6797,21
6798,21
6799,21
6800,22
6801,22
6802,22
6803,22
6804,22
6805,22
6806,22
6807,22
6808,39
6809,14
6810,14
6811,39
6812,39
6813,39
6814,39
6815,39
6816,39
6817,39
6818,39
6819,39
6820,39
6821,39
6822,39
6823,28
6824,28
6825,28
6826,28
6827,28
6828,28
6829,94
6830,95
6831,3
6832,3
6833,11
6834,11
6835,5
6836,5
6837,5
6838,5
6839,5
6840,5
6841,5
6842,5
6843,5
6844,5
6845,5
6846,5
6847,5
6848,5
6849,5
6850,5
6851,5
6852,5
6853,5
6854,5
6855,5
6856,5
6857,5
6858,5
6859,5
6860,5
6861,5
6862,25
6863,25
6864,25
6865,25
6866,25
6867,25
6868,25
6869,25
6870,25
6871,25
6872,25
6873,25
6874,25
6875,25
6876,25
6877,25
6878,25
6879,25
6880,25
6881,25
6882,25
6883,25
6884,25
6885,25
6886,25
6887,96
6888,42
6889,42
6890,42
6891,42
6892,42
6893,42
6894,42
6895,30
6896,30
6897,30
6898,30
6899,30
6900,30
6901,30
6902,30
6903,30
6904,30
6905,30
6906,30
6907,30
6908,30
6909,30
6910,30
6911,30
6912,30
6913,30
6914,30
6915,30
6916,30
6917,30
6918,7
6919,7
6920,7
6921,7
6922,7
6923,0
6924,0
6925,0
6926,27
6927,27
6928,27
6929,27
6930,27
6931,27
6932,27
6933,27
6934,27
6935,27
6936,27
6937,27
6938,27
6939,27
6940,27
6941,27
6942,27
6943,27
6944,27
6945,27
6946,27
6947,20
6948,20
6949,15
6950,15
6951,15
6952,15
6953,15
6954,30
6955,4
6956,20
6957,30
6958,30
6959,30
6960,30
6961,30
6962,30
6963,30
6964,30
6965,30
6966,30
6967,10
6968,98
6969,10
6970,10
6971,10
6972,10
6973,10
6974,10
6975,10
6976,10
6977,10
6978,10
6979,10
6980,10
6981,10
6982,28
6983,28
6984,28
6985,28
6986,28
6987,28
6988,28
6989,57
6990,57
6991,57
6992,57
6993,57
6994,28
6995,28
6996,28
6997,16
6998,28
6999,57
7000,57
7001,57
7002,57
7003,57
7004,57
7005,57
7006,99
7007,11
7008,11
7009,11
7010,11
7011,11
7012,68
7013,68
7014,68
7015,68
7016,68
7017,68
7018,68
7019,29
7020,29
7021,29
7022,20
7023,20
7024,13
7025,13
7026,13
7027,18
7028,18
7029,18
7030,18
7031,18
7032,6
7033,6
7034,6
7035,6
7036,6
7037,42
7038,25
7039,25
7040,23
7041,25
7042,25
7043,23
7044,23
7045,23
7046,23
7047,23
7048,23
7049,23
7050,23
7051,23
7052,23
7053,23
7054,23
7055,23
7056,23
7057,23
7058,23
7059,23
7060,23
7061,4
7062,23
7063,23
7064,23
7065,23
7066,23
7067,23
7068,23
7069,23
7070,3
7071,3
7072,3
7073,3
7074,3
7075,17
7076,17
7077,17
7078,17
7079,17
7080,17
7081,21
7082,21
7083,21
7084,21
7085,21
7086,21
7087,21
7088,100
7089,21
7090,101
7091,21
7092,21
7093,21
7094,21
7095,21
7096,21
7097,21
7098,21
7099,21
7100,21
7101,21
7102,21
7103,21
7104,21
7105,21
7106,17
7107,21
7108,17
7109,22
7110,17
7111,17
7112,22
7113,22
7114,17
7115,22
7116,39
7117,39
7118,39
7119,39
7120,39
7121,39
7122,39
7123,39
7124,39
7125,39
7126,39
7127,39
7128,16
7129,16
7130,16
7131,16
7132,16
7133,16
7134,3
7135,3
7136,3
7137,11
7138,11
7139,11
7140,11
7141,11
7142,11
7143,11
7144,5
7145,5
7146,5
7147,5
7148,5
7149,5
7150,5
7151,5
7152,5
7153,5
7154,5
7155,5
7156,5
7157,5
7158,5
7159,5
7160,5
7161,5
7162,5
7163,5
7164,5
7165,5
7166,5
7167,5
7168,5
7169,25
7170,25
7171,25
7172,25
7173,25
7174,25
7175,25
7176,25
7177,25
7178,25
7179,25
7180,25
7181,25
7182,25
7183,25
7184,25
7185,25
7186,25
7187,25
7188,42
7189,42
7190,42
7191,42
7192,42
7193,42
7194,42
7195,30
7196,30
7197,30
7198,30
7199,30
7200,30
7201,30
7202,30
7203,30
7204,30
7205,30
7206,30
7207,30
7208,30
7209,30
7210,30
7211,30
7212,30
7213,30
7214,2
7215,2
7216,2
7217,2
7218,2
7219,2
7220,2
7221,2
7222,0
7223,0
7224,0
7225,0
7226,0
7227,0
7228,0
7229,102
7230,27
7231,27
7232,27
7233,27
7234,27
7235,27
7236,27
7237,27
7238,27
7239,27
7240,27
7241,27
7242,27
7243,27
7244,14
7245,14
7246,14
7247,14
7248,14
7249,14
7250,14
7251,14
7252,27
7253,27
7254,27
7255,27
7256,27
7257,27
7258,27
7259,27
7260,27
7261,27
7262,27
7263,27
7264,27
7265,27
7266,27
7267,20
7268,20
7269,20
7270,20
7271,20
7272,20
7273,126
7274,20
7275,20
7276,20
7277,33
7278,33
7279,33
7280,33
7281,20
7282,20
7283,20
7284,30
7285,20
7286,103
7287,30
7288,30
7289,20
7290,30
7291,10
7292,10
7293,10
7294,10
7295,10
7296,10
7297,10
7298,10
7299,10
7300,10
7301,10
7302,10
7303,10
7304,10
7305,57
7306,57
7307,57
7308,57
7309,57
7310,2
7311,57
7312,57
7313,57
7314,57
7315,28
7316,57
7317,3
7318,57
7319,57
7320,57
7321,57
7322,57
7323,57
7324,57
7325,57
7326,57
7327,57
7328,57
7329,57
7330,57
7331,57
7332,57
7333,104
7334,68
7335,68
7336,68
7337,68
7338,68
7339,68
7340,68
7341,29
7342,29
7343,29
7344,29
7345,29
7346,20
7347,20
7348,20
7349,13
7350,20
7351,18
7352,18
7353,105
7354,106
7355,107
7356,6
7357,6
7358,6
7359,6
7360,6
7361,25
7362,25
7363,25
7364,25
7365,25
7366,25
7367,23
7368,23
7369,23
7370,23
7371,23
7372,23
7373,23
7374,23
7375,23
7376,23
7377,23
7378,23
7379,23
7380,23
7381,23
7382,23
7383,23
7384,23
7385,23
7386,23
7387,23
7388,3
7389,68
7390,68
7391,17
7392,17
7393,17
7394,17
7395,17
7396,17
7397,21
7398,21
7399,21
7400,21
7401,21
7402,21
7403,21
7404,21
7405,21
7406,21
7407,21
7408,21
7409,21
7410,21
7411,21
7412,21
7413,21
7414,17
7415,108
7416,17
7417,17
7418,17
7419,109
7420,110
7421,17
7422,17
7423,17
7424,17
7425,17
7426,17
7427,17
7428,17
7429,17
7430,17
7431,17
7432,17
7433,17
7434,39
7435,39
7436,39
7437,39
7438,39
7439,39
7440,39
7441,39
7442,39
7443,39
7444,39
7445,39
7446,39
7447,39
7448,39
7449,39
7450,39
7451,39
7452,39
7453,4
7454,16
7455,16
7456,16
7457,16
7458,16
7459,3
7460,3
7461,3
7462,3
7463,3
7464,3
7465,3
7466,3
7467,3
7468,3
7469,111
7470,3
7471,11
7472,11
7473,11
7474,11
7475,11
7476,11
7477,5
7478,5
7479,5
7480,5
7481,5
7482,5
7483,5
7484,5
7485,5
7486,5
7487,5
7488,5
7489,5
7490,5
7491,5
7492,5
7493,0
7494,112
7495,0
7496,113
7497,59
7498,25
7499,25
7500,114
7501,36
7502,42
7503,42
7504,42
7505,42
7506,42
7507,30
7508,30
7509,30
7510,30
7511,30
7512,30
7513,30
7514,30
7515,30
7516,30
7517,30
7518,30
7519,30
7520,30
7521,30
7522,30
7523,2
7524,24
7525,2
7526,2
7527,2
7528,24
7529,2
7530,0
7531,50
7532,0
7533,0
7534,0
7535,115
7536,116
7537,27
7538,27
7539,27
7540,27
7541,27
7542,27
7543,27
7544,27
7545,27
7546,27
7547,27
7548,14
7549,14
7550,14
7551,14
7552,14
7553,5
7554,27
7555,27
7556,27
7557,27
7558,27
7559,27
7560,27
7561,27
7562,20
7563,20
7564,20
7565,20
7566,20
7567,20
7568,20
7569,20
7570,20
7571,20
7572,20
7573,20
7574,20
7575,20
7576,20
7577,20
7578,20
7579,20
7580,20
7581,20
7582,20
7583,20
7584,20
7585,20
7586,20
7587,20
7588,20
7589,20
7590,20
7591,20
7592,20
7593,20
7594,20
7595,10
7596,10
7597,10
7598,10
7599,10
7600,10
7601,10
7602,10
7603,10
7604,10
7605,10
7606,10
7607,10
7608,10
7609,10
7610,10
7611,10
7612,10
7613,10
7614,10
7615,10
7616,10
7617,10
7618,10
7619,57
7620,57
7621,57
7622,57
7623,57
7624,57
7625,57
7626,57
7627,57
7628,57
7629,57
7630,57
7631,57
7632,57
7633,57
7634,57
7635,57
7636,57
7637,57
7638,57
7639,57
7640,57
7641,57
7642,57
7643,57
7644,57
7645,57
7646,57
7647,57
7648,57
7649,29
7650,29
7651,29
7652,29
7653,29
7654,20
7655,20
7656,20
7657,117
7658,20
7659,20
7660,20
7661,20
7662,20
7663,20
7664,20
7665,20
7666,20
7667,26
7668,26
7669,26
7670,26
7671,26
7672,26
7673,26
7674,26
7675,26
7676,26
7677,26
7678,26
7679,68
7680,26
7681,68
7682,25
7683,23
7684,23
7685,23
7686,23
7687,23
7688,23
7689,23
7690,23
7691,9
7692,0
7693,0
7694,0
7695,23
7696,23
7697,23
7698,23
7699,68
7700,68
7701,68
7702,68
7703,68
7704,2
7705,2
7706,118
7707,2
7708,21
7709,21
7710,21
7711,21
7712,21
7713,21
7714,21
7715,21
7716,21
7717,21
7718,21
7719,21
7720,21
7721,21
7722,21
7723,21
7724,21
7725,21
7726,17
7727,17
7728,17
7729,17
7730,17
7731,17
7732,17
7733,17
7734,17
7735,17
7736,17
7737,17
7738,17
7739,17
7740,17
7741,17
7742,17
7743,17
7744,17
7745,17
7746,17
7747,17
7748,17
7749,17
7750,17
7751,17
7752,17
7753,17
7754,17
7755,17
7756,39
7757,39
7758,39
7759,39
7760,39
7761,39
7762,39
7763,39
7764,39
7765,39
7766,39
7767,39
7768,39
7769,39
7770,4
7771,4
7772,4
7773,4
7774,4
7775,4
7776,4
7777,4
7778,4
7779,4
7780,29
7781,29
7782,28
7783,29
7784,29
7785,29
7786,29
7787,3
7788,3
7789,3
7790,3
7791,3
7792,3
7793,3
7794,3
7795,3
7796,3
7797,28
7798,28
7799,11
7800,28
7801,28
7802,28
7803,11
7804,11
7805,11
7806,11
7807,6
7808,22
7809,22
7810,6
7811,5
7812,5
7813,5
7814,5
7815,5
7816,5
7817,59
7818,59
7819,59
7820,59
7821,59
7822,59
7823,59
7824,59
7825,0
7826,0
7827,0
7828,0
7829,0
7830,59
7831,59
7832,59
7833,36
7834,36
7835,36
7836,36
7837,36
7838,10
7839,10
7840,10
7841,30
7842,30
7843,30
7844,30
7845,12
7846,30
7847,24
7848,24
7849,24
7850,24
7851,24
7852,24
7853,24
7854,24
7855,24
7856,24
7857,24
7858,24
7859,24
7860,24
7861,24
7862,24
7863,24
7864,24
7865,24
7866,24
7867,24
7868,14
7869,14
7870,14
7871,14
7872,14
7873,14
7874,27
7875,27
7876,27
7877,27
7878,27
7879,27
7880,14
7881,14
7882,14
7883,14
7884,14
7885,5
7886,5
7887,5
7888,5
7889,5
7890,27
7891,27
7892,27
7893,27
7894,27
7895,27
7896,27
7897,27
7898,27
7899,27
7900,27
7901,5
7902,5
7903,25
7904,5
7905,5
7906,20
7907,20
7908,20
7909,20
7910,20
7911,20
7912,20
7913,20
7914,20
7915,20
7916,20
7917,20
7918,20
7919,20
7920,20
7921,20
7922,20
7923,20
7924,20
7925,20
7926,20
7927,20
7928,20
7929,20
7930,10
7931,10
7932,10
7933,126
7934,126
7935,126
7936,126
7937,126
7938,126
7939,126
7940,10
7941,10
7942,10
7943,10
7944,10
7945,10
7946,10
7947,10
7948,10
7949,10
7950,10
7951,10
7952,10
7953,10
7954,10
7955,10
7956,10
7957,10
7958,10
7959,10
7960,10
7961,10
7962,47
7963,121
7964,10
7965,10
7966,10
7967,10
7968,10
7969,10
7970,10
7971,10
7972,57
7973,57
7974,57
7975,57
7976,57
7977,57
7978,57
7979,57
7980,57
7981,57
7982,57
7983,57
7984,57
7985,57
7986,57
7987,57
7988,57
7989,57
7990,57
7991,57
7992,57
7993,57
7994,57
7995,57
7996,57
7997,57
7998,29
7999,29
8000,29
8001,29
8002,29
8003,29
8004,29
8005,29
8006,29
8007,29
8008,29
8009,29
8010,29
8011,29
8012,29
8013,20
8014,20
8015,20
8016,20
8017,20
8018,26
8019,5
8020,26
8021,26
8022,26
8023,26
8024,26
8025,26
8026,26
8027,26
8028,26
8029,26
8030,26
8031,26
8032,26
8033,26
8034,26
8035,26
8036,26
8037,26
8038,68
8039,68
8040,68
8041,68
8042,68
8043,23
8044,23
8045,23
8046,23
8047,23
8048,0
8049,23
8050,23
8051,23
8052,23
8053,23
8054,122
8055,3
8056,1
8057,1
8058,1
8059,1
8060,1
8061,21
8062,21
8063,123
8064,21
8065,21
8066,21
8067,21
8068,21
8069,21
8070,17
8071,17
8072,17
8073,17
8074,17
8075,17
8076,17
8077,17
8078,17
8079,17
8080,17
8081,17
8082,17
8083,17
8084,17
8085,17
8086,17
8087,17
8088,17
8089,39
8090,39
8091,39
8092,39
8093,39
8094,39
8095,39
8096,39
8097,39
8098,39
8099,39
8100,39
8101,39
8102,39
8103,39
8104,4
8105,4
8106,4
8107,4
8108,29
8109,29
8110,29
8111,29
8112,29
8113,29
8114,29
8115,29
8116,29
8117,29
8118,29
8119,3
8120,3
8121,3
8122,3
8123,3
8124,3
8125,28
8126,28
8127,28
8128,28
8129,28
8130,11
8131,11
8132,6
8133,6
8134,6
8135,6
8136,5
8137,5
8138,5
8139,59
8140,59
8141,59
8142,59
8143,59
8144,59
8145,59
8146,59
8147,59
8148,59
8149,59
8150,59
8151,59
8152,59
8153,59
8154,59
8155,59
8156,59
8157,59
8158,59
8159,59
8160,59
8161,59
8162,59
8163,36
8164,36
8165,36
8166,36
8167,36
8168,36
8169,36
8170,36
8171,36
8172,30
8173,124
8174,42
8175,30
8176,24
8177,24
8178,24
8179,24
8180,24
8181,24
8182,24
8183,24
8184,24
8185,24
8186,24
8187,24
8188,14
8189,14
8190,14
8191,27
8192,27
8193,125
8194,27
8195,27
8196,27
8197,27
8198,27
8199,27
8200,27
8201,27
8202,27
8203,27
8204,14
8205,14
8206,5
8207,5
8208,5
8209,5
8210,27
8211,27
8212,5
8213,5
8214,5
8215,5
8216,20
8217,20
8218,20
8219,20
8220,20
8221,20
8222,20
8223,20
8224,20
8225,20
8226,20
8227,20
8228,20
8229,20
8230,20
8231,126
8232,17
8233,126
8234,126
8235,126
8236,126
8237,126
8238,126
8239,126
8240,126
8241,126
8242,126
8243,126
8244,126
8245,23
8246,23
8247,126
8248,126
8249,50
8250,126
8251,17
8252,10
8253,10
8254,10
8255,10
8256,10
8257,10
8258,10
8259,10
8260,10
8261,10
8262,22
8263,10
8264,10
8265,10
8266,10
8267,10
8268,10
8269,28
8270,28
8271,28
8272,28
8273,10
8274,57
8275,57
8276,57
8277,57
8278,57
8279,57
8280,57
8281,57
8282,57
8283,57
8284,57
8285,57
8286,57
8287,57
8288,57
8289,57
8290,57
8291,57
8292,57
8293,57
8294,57
8295,57
8296,57
8297,57
8298,57
8299,0
8300,0
8301,0
8302,0
8303,57
8304,126
8305,29
8306,126
8307,127
8308,153
8309,153
8310,153
8311,29
8312,29
8313,29
8314,29
8315,29
8316,29
8317,0
8318,20
8319,20
8320,20
8321,20
8322,23
8323,20
8324,20
8325,20
8326,20
8327,20
8328,20
8329,26
8330,26
8331,26
8332,26
8333,26
8334,26
8335,26
8336,26
8337,26
8338,26
8339,26
8340,26
8341,26
8342,26
8343,26
8344,26
8345,26
8346,26
8347,26
8348,26
8349,36
8350,26
8351,26
8352,26
8353,26
8354,26
8355,26
8356,26
8357,26
8358,26
8359,26
8360,128
8361,26
8362,26
8363,26
8364,26
8365,26
8366,26
8367,26
8368,68
8369,68
8370,23
8371,23
8372,23
8373,23
8374,23
8375,23
8376,23
8377,23
8378,23
8379,23
8380,23
8381,23
8382,23
8383,23
8384,23
8385,129
8386,23
8387,130
8388,3
8389,131
8390,3
8391,3
8392,3
8393,3
8394,3
8395,3
8396,3
8397,3
8398,3
8399,68
8400,3
8401,68
8402,68
8403,21
8404,9
8405,9
8406,9
8407,9
8408,17
8409,17
8410,17
8411,17
8412,17
8413,17
8414,17
8415,17
8416,17
8417,17
8418,17
8419,17
8420,17
8421,17
8422,17
8423,17
8424,17
8425,17
8426,39
8427,39
8428,39
8429,39
8430,39
8431,39
8432,39
8433,39
8434,39
8435,39
8436,39
8437,39
8438,39
8439,39
8440,39
8441,39
8442,39
8443,39
8444,29
8445,5
8446,29
8447,29
8448,29
8449,29
8450,3
8451,3
8452,3
8453,3
8454,18
8455,18
8456,3
8457,3
8458,3
8459,3
8460,3
8461,3
8462,59
8463,59
8464,59
8465,59
8466,59
8467,59
8468,59
8469,59
8470,59
8471,59
8472,30
8473,30
8474,30
8475,30
8476,59
8477,59
8478,59
8479,59
8480,59
8481,59
8482,59
8483,59
8484,59
8485,59
8486,59
8487,59
8488,59
8489,59
8490,59
8491,59
8492,59
8493,59
8494,59
8495,59
8496,59
8497,59
8498,59
8499,59
8500,59
8501,59
8502,59
8503,59
8504,59
8505,36
8506,36
8507,36
8508,36
8509,42
8510,42
8511,42
8512,42
8513,42
8514,24
8515,24
8516,24
8517,24
8518,24
8519,24
8520,24
8521,24
8522,24
8523,24
8524,24
8525,24
8526,2
8527,2
8528,2
8529,24
8530,24
8531,24
8532,24
8533,24
8534,24
8535,24
8536,27
8537,27
8538,27
8539,27
8540,27
8541,5
8542,5
8543,5
8544,5
8545,5
8546,5
8547,20
8548,20
8549,20
8550,20
8551,20
8552,20
8553,18
8554,18
8555,47
8556,18
8557,26
8558,26
8559,26
8560,126
8561,126
8562,126
8563,126
8564,126
8565,126
8566,126
8567,126
8568,126
8569,126
8570,126
8571,126
8572,126
8573,126
8574,126
8575,126
8576,126
8577,126
8578,23
8579,23
8580,5
8581,5
8582,23
8583,3
8584,10
8585,10
8586,10
8587,10
8588,10
8589,23
8590,23
8591,23
8592,6
8593,23
8594,23
8595,23
8596,28
8597,23
8598,28
8599,28
8600,57
8601,57
8602,57
8603,57
8604,57
8605,57
8606,57
8607,57
8608,57
8609,57
8610,57
8611,57
8612,57
8613,57
8614,57
8615,57
8616,57
8617,57
8618,57
8619,57
8620,57
8621,57
8622,57
8623,57
8624,57
8625,57
8626,57
8627,57
8628,0
8629,0
8630,0
8631,0
8632,0
8633,0
8634,126
8635,126
8636,126
8637,126
8638,153
8639,153
8640,153
8641,17
8642,153
8643,153
8644,153
8645,33
8646,33
8647,33
8648,33
8649,29
8650,33
8651,33
8652,33
8653,0
8654,20
8655,20
8656,20
8657,20
8658,20
8659,20
8660,20
8661,20
8662,20
8663,20
8664,20
8665,20
8666,20
8667,3
8668,3
8669,3
8670,3
8671,26
8672,26
8673,15
8674,26
8675,26
8676,26
8677,26
8678,26
8679,26
8680,26
8681,26
8682,26
8683,26
8684,26
8685,26
8686,26
8687,26
8688,26
8689,26
8690,26
8691,26
8692,26
8693,26
8694,26
8695,26
8696,26
8697,26
8698,26
8699,26
8700,26
8701,26
8702,26
8703,26
8704,26
8705,26
8706,26
8707,26
8708,26
8709,26
8710,26
8711,26
8712,26
8713,26
8714,26
8715,26
8716,23
8717,23
8718,23
8719,23
8720,23
8721,23
8722,23
8723,23
8724,23
8725,23
8726,23
8727,23
8728,23
8729,3
8730,3
8731,12
8732,12
8733,3
8734,3
8735,3
8736,22
8737,22
8738,22
8739,68
8740,68
8741,68
8742,68
8743,68
8744,68
8745,68
8746,68
8747,68
8748,9
8749,9
8750,9
8751,9
8752,9
8753,9
8754,9
8755,9
8756,9
8757,9
8758,9
8759,17
8760,17
8761,17
8762,17
8763,17
8764,17
8765,17
8766,17
8767,17
8768,17
8769,17
8770,17
8771,17
8772,17
8773,17
8774,17
8775,17
8776,17
8777,17
8778,17
8779,17
8780,39
8781,39
8782,39
8783,39
8784,39
8785,39
8786,39
8787,39
8788,39
8789,39
8790,39
8791,39
8792,39
8793,39
8794,39
8795,39
8796,39
8797,39
8798,39
8799,39
8800,39
8801,39
8802,39
8803,5
8804,5
8805,29
8806,29
8807,29
8808,29
8809,29
8810,0
8811,0
8812,3
8813,0
8814,0
8815,18
8816,18
8817,18
8818,18
8819,18
8820,18
8821,18
8822,18
8823,18
8824,18
8825,18
8826,18
8827,18
8828,18
8829,59
8830,59
8831,59
8832,59
8833,59
8834,59
8835,59
8836,132
8837,30
8838,30
8839,30
8840,30
8841,59
8842,59
8843,59
8844,59
8845,59
8846,59
8847,59
8848,59
8849,59
8850,59
8851,59
8852,59
8853,59
8854,59
8855,59
8856,59
8857,59
8858,59
8859,59
8860,59
8861,59
8862,59
8863,59
8864,59
8865,59
8866,59
8867,42
8868,42
8869,42
8870,42
8871,42
8872,42
8873,42
8874,24
8875,24
8876,24
8877,133
8878,24
8879,24
8880,24
8881,24
8882,24
8883,24
8884,24
8885,24
8886,24
8887,24
8888,24
8889,24
8890,24
8891,28
8892,28
8893,27
8894,28
8895,25
8896,5
8897,5
8898,25
8899,20
8900,20
8901,20
8902,20
8903,20
8904,20
8905,59
8906,18
8907,59
8908,134
8909,135
8910,26
8911,26
8912,20
8913,20
8914,20
8915,126
8916,126
8917,126
8918,126
8919,126
8920,126
8921,126
8922,126
8923,126
8924,126
8925,126
8926,126
8927,126
8928,126
8929,126
8930,126
8931,126
8932,126
8933,126
8934,126
8935,126
8936,126
8937,126
8938,126
8939,126
8940,126
8941,126
8942,126
8943,126
8944,126
8945,126
8946,126
8947,23
8948,23
8949,23
8950,23
8951,23
8952,23
8953,23
8954,3
8955,23
8956,10
8957,23
8958,23
8959,23
8960,23
8961,23
8962,23
8963,23
8964,23
8965,23
8966,23
8967,23
8968,23
8969,23
8970,23
8971,23
8972,5
8973,5
8974,14
8975,136
8976,5
8977,57
8978,57
8979,57
8980,57
8981,57
8982,57
8983,57
8984,57
8985,57
8986,57
8987,57
8988,57
8989,57
8990,57
8991,57
8992,57
8993,57
8994,57
8995,57
8996,57
8997,57
8998,57
8999,57
9000,57
9001,57
9002,5
9003,5
9004,5
9005,0
9006,0
9007,0
9008,0
9009,0
9010,22
9011,22
9012,153
9013,153
9014,153
9015,153
9016,153
9017,153
9018,153
9019,153
9020,153
9021,153
9022,153
9023,153
9024,153
9025,33
9026,33
9027,33
9028,33
9029,33
9030,33
9031,33
9032,33
9033,33
9034,33
9035,33
9036,138
9037,33
9038,33
9039,33
9040,33
9041,33
9042,20
9043,20
9044,20
9045,20
9046,20
9047,20
9048,20
9049,20
9050,20
9051,20
9052,20
9053,20
9054,139
9055,20
9056,20
9057,3
9058,3
9059,3
9060,3
9061,26
9062,26
9063,26
9064,26
9065,26
9066,26
9067,26
9068,12
9069,12
9070,26
9071,26
9072,26
9073,26
9074,26
9075,26
9076,26
9077,26
9078,26
9079,26
9080,26
9081,16
9082,26
9083,26
9084,26
9085,36
9086,26
9087,26
9088,140
9089,26
9090,26
9091,26
9092,26
9093,26
9094,26
9095,26
9096,26
9097,26
9098,26
9099,26
9100,26
9101,26
9102,23
9103,23
9104,23
9105,23
9106,23
9107,23
9108,23
9109,23
9110,23
9111,23
9112,23
9113,12
9114,12
9115,12
9116,12
9117,12
9118,141
9119,22
9120,142
9121,22
9122,9
9123,9
9124,9
9125,9
9126,9
9127,9
9128,9
9129,9
9130,9
9131,9
9132,9
9133,9
9134,9
9135,9
9136,9
9137,9
9138,9
9139,9
9140,9
9141,14
9142,17
9143,17
9144,17
9145,17
9146,17
9147,17
9148,17
9149,17
9150,17
9151,17
9152,17
9153,17
9154,17
9155,17
9156,17
9157,17
9158,17
9159,17
9160,17
9161,17
9162,39
9163,39
9164,39
9165,39
9166,39
9167,39
9168,39
9169,39
9170,39
9171,39
9172,39
9173,39
9174,39
9175,39
9176,39
9177,39
9178,5
9179,143
9180,144
9181,39
9182,29
9183,39
9184,0
9185,0
9186,0
9187,0
9188,0
9189,0
9190,0
9191,0
9192,0
9193,0
9194,6
9195,6
9196,6
9197,18
9198,18
9199,18
9200,18
9201,18
9202,18
9203,18
9204,18
9205,59
9206,59
9207,59
9208,59
9209,59
9210,59
9211,59
9212,59
9213,59
9214,59
9215,59
9216,59
9217,59
9218,59
9219,59
9220,59
9221,59
9222,59
9223,59
9224,59
9225,59
9226,59
9227,59
9228,59
9229,59
9230,59
9231,59
9232,59
9233,59
9234,59
9235,59
9236,59
9237,59
9238,59
9239,59
9240,59
9241,42
9242,42
9243,42
9244,42
9245,24
9246,24
9247,24
9248,24
9249,24
9250,24
9251,24
9252,24
9253,24
9254,24
9255,24
9256,24
9257,145
9258,28
9259,28
9260,28
9261,28
9262,25
9263,25
9264,25
9265,25
9266,25
9267,25
9268,25
9269,25
9270,25
9271,25
9272,20
9273,146
9274,20
9275,20
9276,20
9277,59
9278,59
9279,59
9280,59
9281,59
9282,20
9283,20
9284,20
9285,20
9286,20
9287,20
9288,20
9289,126
9290,20
9291,126
9292,126
9293,126
9294,126
9295,126
9296,126
9297,126
9298,126
9299,126
9300,126
9301,126
9302,126
9303,126
9304,126
9305,126
9306,126
9307,126
9308,126
9309,126
9310,126
9311,126
9312,126
9313,126
9314,126
9315,126
9316,126
9317,126
9318,126
9319,126
9320,126
9321,126
9322,126
9323,126
9324,23
9325,23
9326,23
9327,23
9328,23
9329,23
9330,23
9331,23
9332,23
9333,23
9334,23
9335,23
9336,23
9337,23
9338,23
9339,23
9340,23
9341,23
9342,23
9343,23
9344,23
9345,23
9346,23
9347,23
9348,23
9349,23
9350,23
9351,23
9352,23
9353,14
9354,57
9355,57
9356,57
9357,57
9358,57
9359,57
9360,57
9361,57
9362,57
9363,57
9364,57
9365,57
9366,57
9367,57
9368,57
9369,57
9370,57
9371,57
9372,57
9373,57
9374,57
9375,57
9376,5
9377,5
9378,5
9379,5
9380,22
9381,22
9382,22
9383,22
9384,153
9385,153
9386,153
9387,153
9388,153
9389,153
9390,153
9391,153
9392,153
9393,16
9394,16
9395,16
9396,16
9397,16
9398,33
9399,33
9400,147
9401,33
9402,33
9403,33
9404,33
9405,33
9406,33
9407,33
9408,33
9409,33
9410,33
9411,33
9412,33
9413,36
9414,33
9415,20
9416,20
9417,20
9418,20
9419,20
9420,20
9421,20
9422,20
9423,20
9424,20
9425,20
9426,20
9427,20
9428,20
9429,20
9430,20
9431,20
9432,20
9433,20
9434,20
9435,20
9436,3
9437,3
9438,3
9439,3
9440,148
9441,26
9442,26
9443,26
9444,12
9445,12
9446,12
9447,12
9448,149
9449,150
9450,16
9451,16
9452,16
9453,16
9454,16
9455,26
9456,16
9457,16
9458,12
9459,14
9460,5
9461,12
9462,5
9463,5
9464,5
9465,26
9466,26
9467,26
9468,26
9469,6
9470,6
9471,6
9472,6
9473,6
9474,6
9475,6
9476,6
9477,6
9478,6
9479,6
9480,6
9481,6
9482,6
9483,6
9484,12
9485,12
9486,12
9487,16
9488,16
9489,12
9490,12
9491,9
9492,9
9493,9
9494,9
9495,9
9496,9
9497,9
9498,9
9499,9
9500,9
9501,9
9502,9
9503,9
9504,9
9505,9
9506,9
9507,9
9508,9
9509,9
9510,9
9511,14
9512,9
9513,9
9514,9
9515,17
9516,17
9517,17
9518,17
9519,17
9520,17
9521,17
9522,17
9523,17
9524,17
9525,17
9526,17
9527,17
9528,17
9529,17
9530,39
9531,39
9532,39
9533,39
9534,39
9535,39
9536,39
9537,39
9538,39
9539,39
9540,39
9541,39
9542,39
9543,39
9544,0
9545,0
9546,0
9547,6
9548,6
9549,6
9550,6
9551,6
9552,6
9553,6
9554,6
9555,6
9556,6
9557,18
9558,18
9559,18
9560,18
9561,18
9562,18
9563,18
9564,18
9565,18
9566,18
9567,59
9568,59
9569,59
9570,59
9571,59
9572,59
9573,59
9574,59
9575,59
9576,59
9577,59
9578,59
9579,59
9580,59
9581,42
9582,42
9583,42
9584,42
9585,42
9586,24
9587,24
9588,24
9589,24
9590,24
9591,24
9592,24
9593,24
9594,28
9595,25
9596,25
9597,151
9598,25
9599,25
9600,25
9601,25
9602,25
9603,25
9604,25
9605,25
9606,25
9607,25
9608,25
9609,25
9610,25
9611,25
9612,50
9613,59
9614,59
9615,59
9616,20
9617,20
9618,20
9619,20
9620,20
9621,20
9622,20
9623,20
9624,20
9625,20
9626,20
9627,126
9628,126
9629,126
9630,126
9631,126
9632,126
9633,126
9634,126
9635,126
9636,126
9637,126
9638,126
9639,126
9640,126
9641,126
9642,126
9643,126
9644,126
9645,126
9646,126
9647,126
9648,126
9649,126
9650,126
9651,126
9652,126
9653,126
9654,126
9655,126
9656,126
9657,126
9658,126
9659,126
9660,126
9661,126
9662,126
9663,126
9664,126
9665,126
9666,126
9667,23
9668,23
9669,23
9670,23
9671,23
9672,23
9673,23
9674,23
9675,23
9676,23
9677,23
9678,23
9679,23
9680,36
9681,23
9682,23
9683,23
9684,23
9685,23
9686,23
9687,57
9688,57
9689,57
9690,57
9691,57
9692,57
9693,57
9694,57
9695,57
9696,57
9697,57
9698,57
9699,57
9700,57
9701,57
9702,57
9703,57
9704,152
9705,57
9706,57
9707,57
9708,5
9709,5
9710,5
9711,5
9712,0
9713,0
9714,0
9715,153
9716,153
9717,153
9718,153
9719,153
9720,153
9721,153
9722,24
9723,153
9724,153
9725,153
9726,153
9727,29
9728,29
9729,29
9730,29
9731,16
9732,154
9733,16
9734,33
9735,33
9736,33
9737,33
9738,33
9739,155
9740,33
9741,33
9742,33
9743,20
9744,20
9745,20
9746,19
9747,20
9748,20
9749,20
9750,20
9751,3
9752,3
9753,3
9754,3
9755,15
9756,15
9757,12
9758,12
9759,12
9760,16
9761,16
9762,16
9763,156
9764,157
9765,16
9766,25
9767,16
9768,158
9769,11
9770,11
9771,11
9772,14
9773,14
9774,14
9775,14
9776,14
9777,5
9778,5
9779,5
9780,5
9781,5
9782,5
9783,6
9784,159
9785,6
9786,6
9787,6
9788,6
9789,6
9790,6
9791,6
9792,6
9793,6
9794,6
9795,6
9796,6
9797,6
9798,6
9799,6
9800,6
9801,6
9802,6
9803,6
9804,11
9805,6
9806,6
9807,6
9808,6
9809,6
9810,47
9811,6
9812,6
9813,6
9814,6
9815,6
9816,12
9817,12
9818,12
9819,47
9820,47
9821,47
9822,47
9823,47
9824,47
9825,47
9826,47
9827,9
9828,9
9829,9
9830,9
9831,9
9832,9
9833,9
9834,9
9835,9
9836,9
9837,9
9838,9
9839,9
9840,9
9841,17
9842,17
9843,17
9844,17
9845,17
9846,17
9847,17
9848,17
9849,17
9850,39
9851,39
9852,39
9853,39
9854,39
9855,39
9856,39
9857,39
9858,39
9859,39
9860,39
9861,39
9862,39
9863,6
9864,6
9865,6
9866,18
9867,18
9868,18
9869,18
9870,18
9871,18
9872,18
9873,18
9874,59
9875,59
9876,59
9877,59
9878,59
9879,42
9880,42
9881,42
9882,59
9883,42
9884,42
9885,42
9886,42
9887,42
9888,42
9889,42
9890,42
9891,24
9892,24
9893,24
9894,24
9895,24
9896,24
9897,24
9898,24
9899,25
9900,25
9901,25
9902,25
9903,25
9904,25
9905,25
9906,25
9907,25
9908,25
9909,160
9910,25
9911,25
9912,25
9913,25
9914,25
9915,25
9916,25
9917,25
9918,25
9919,25
9920,25
9921,25
9922,25
9923,25
9924,25
9925,42
9926,42
9927,42
9928,20
9929,20
9930,20
9931,162
9932,50
9933,50
9934,50
9935,50
9936,50
9937,16
9938,163
9939,16
9940,16
9941,16
9942,50
9943,50
9944,50
9945,164
9946,126
9947,126
9948,126
9949,126
9950,126
9951,126
9952,126
9953,126
9954,126
9955,126
9956,126
9957,126
9958,126
9959,126
9960,126
9961,126
9962,126
9963,126
9964,126
9965,126
9966,126
9967,165
9968,126
9969,126
9970,126
9971,126
9972,126
9973,126
9974,126
9975,126
9976,126
9977,126
9978,126
9979,126
9980,126
9981,126
9982,126
9983,126
9984,23
9985,23
9986,23
9987,23
9988,23
9989,23
9990,23
9991,23
9992,23
9993,23
9994,23
9995,23
9996,23
9997,23
9998,23
9999,23
10000,23
10001,23
10002,57
10003,57
10004,57
10005,57
10006,57
10007,57
10008,57
10009,57
10010,57
10011,57
10012,57
10013,57
10014,57
10015,57
10016,57
10017,57
10018,57
10019,57
10020,5
10021,5
10022,5
10023,5
10024,166
10025,167
10026,5
10027,5
10028,12
10029,12
10030,153
10031,153
10032,153
10033,153
10034,5
10035,153
10036,153
10037,153
10038,3
10039,29
10040,29
10041,29
10042,29
10043,29
10044,29
10045,29
10046,29
10047,29
10048,29
10049,28
10050,24
10051,24
10052,24
10053,24
10054,24
10055,24
10056,19
10057,19
10058,19
10059,19
10060,19
10061,19
10062,168
10063,19
10064,19
10065,19
10066,19
10067,15
10068,15
10069,15
10070,15
10071,15
10072,15
10073,15
10074,15
10075,15
10076,15
10077,15
10078,15
10079,15
10080,15
10081,0
10082,0
10083,0
10084,0
10085,47
10086,25
10087,25
10088,25
10089,25
10090,25
10091,11
10092,11
10093,11
10094,11
10095,14
10096,14
10097,169
10098,5
10099,5
10100,5
10101,5
10102,5
10103,5
10104,6
10105,6
10106,6
10107,5
10108,6
10109,6
10110,6
10111,6
10112,6
10113,6
10114,6
10115,6
10116,6
10117,6
10118,6
10119,6
10120,6
10121,6
10122,6
10123,6
10124,6
10125,6
10126,47
10127,11
10128,47
10129,47
10130,0
10131,0
10132,0
10133,0
10134,170
10135,47
10136,171
10137,47
10138,47
10139,47
10140,47
10141,47
10142,47
10143,47
10144,47
10145,47
10146,47
10147,9
10148,9
10149,9
10150,9
10151,9
10152,9
10153,9
10154,9
10155,9
10156,172
10157,17
10158,17
10159,17
10160,17
10161,9
10162,9
10163,9
10164,9
10165,173
10166,9
10167,9
10168,17
10169,17
10170,17
10171,17
10172,17
10173,39
10174,6
10175,6
10176,6
10177,6
10178,6
10179,6
10180,6
10181,6
10182,6
10183,6
10184,18
10185,18
10186,18
10187,18
10188,18
10189,18
10190,18
10191,18
10192,18
10193,18
10194,18
10195,18
10196,18
10197,18
10198,18
10199,18
10200,59
10201,59
10202,59
10203,59
10204,59
10205,42
10206,42
10207,42
10208,42
10209,42
10210,42
10211,42
10212,42
10213,42
10214,42
10215,42
10216,42
10217,42
10218,42
10219,42
10220,42
10221,42
10222,42
10223,42
10224,42
10225,24
10226,24
10227,25
10228,25
10229,42
10230,42
10231,42
10232,42
10233,42
10234,42
10235,42
10236,42
10237,42
10238,20
10239,20
10240,50
10241,50
10242,50
10243,50
10244,50
10245,50
10246,16
10247,16
10248,16
10249,16
10250,50
10251,50
10252,50
10253,50
10254,50
10255,50
10256,50
10257,50
10258,126
10259,126
10260,126
10261,126
10262,126
10263,126
10264,126
10265,126
10266,126
10267,126
10268,126
10269,126
10270,126
10271,126
10272,126
10273,126
10274,126
10275,126
10276,174
10277,1
10278,1
10279,1
10280,1
10281,1
10282,175
10283,1
10284,176
10285,1
10286,16
10287,16
10288,16
10289,126
10290,126
10291,126
10292,23
10293,23
10294,23
10295,23
10296,23
10297,23
10298,23
10299,23
10300,23
10301,23
10302,23
10303,57
10304,57
10305,57
10306,57
10307,57
10308,57
10309,57
10310,57
10311,57
10312,57
10313,57
10314,57
10315,57
10316,177
10317,57
10318,57
10319,57
10320,5
10321,5
10322,5
10323,5
10324,5
10325,12
10326,30
10327,153
10328,153
10329,153
10330,153
10331,153
10332,153
10333,153
10334,153
10335,153
10336,153
10337,153
10338,153
10339,153
10340,3
10341,3
10342,3
10343,3
10344,3
10345,3
10346,3
10347,29
10348,29
10349,29
10350,29
10351,29
10352,29
10353,29
10354,29
10355,28
10356,28
10357,28
10358,28
10359,28
10360,28
10361,24
10362,24
10363,24
10364,19
10365,19
10366,19
10367,19
10368,19
10369,19
10370,19
10371,19
10372,19
10373,19
10374,19
10375,19
10376,15
10377,15
10378,15
10379,15
10380,15
10381,15
10382,178
10383,15
10384,15
10385,15
10386,15
10387,15
10388,15
10389,15
10390,0
10391,179
10392,180
10393,0
10394,47
10395,47
10396,47
10397,47
10398,47
10399,47
10400,47
10401,47
10402,25
10403,25
10404,25
10405,25
10406,25
10407,25
10408,24
10409,5
10410,5
10411,5
10412,6
10413,6
10414,6
10415,6
10416,6
10417,6
10418,6
10419,6
10420,6
10421,6
10422,6
10423,6
10424,47
10425,47
10426,181
10427,11
10428,47
10429,11
10430,47
10431,47
10432,47
10433,47
10434,47
10435,47
10436,47
10437,47
10438,47
10439,47
10440,47
10441,47
10442,47
10443,47
10444,59
10445,59
10446,59
10447,59
10448,9
10449,9
10450,9
10451,9
10452,9
10453,9
10454,9
10455,9
10456,17
10457,17
10458,17
10459,17
10460,17
10461,17
10462,17
10463,17
10464,17
10465,17
10466,17
10467,17
10468,17
10469,17
10470,17
10471,17
10472,17
10473,17
10474,17
10475,17
10476,17
10477,17
10478,17
10479,17
10480,17
10481,17
10482,42
10483,6
10484,182
10485,6
10486,6
10487,6
10488,6
10489,6
10490,6
10491,6
10492,6
10493,18
10494,18
10495,18
10496,18
10497,18
10498,18
10499,18
10500,18
10501,18
10502,18
10503,18
10504,18
10505,18
10506,18
10507,18
10508,18
10509,18
10510,27
10511,27
10512,27
10513,27
10514,27
10515,27
10516,27
10517,26
10518,26
10519,26
10520,26
10521,26
10522,26
10523,11
10524,59
10525,59
10526,59
10527,11
10528,42
10529,42
10530,42
10531,42
10532,42
10533,42
10534,42
10535,42
10536,42
10537,42
10538,42
10539,42
10540,42
10541,42
10542,42
10543,42
10544,42
10545,42
10546,42
10547,42
10548,42
10549,42
10550,42
10551,42
10552,42
10553,42
10554,42
10555,42
10556,42
10557,42
10558,42
10559,42
10560,50
10561,50
10562,50
10563,50
10564,50
10565,50
10566,50
10567,50
10568,50
10569,50
10570,50
10571,50
10572,50
10573,50
10574,50
10575,50
10576,50
10577,50
10578,50
10579,126
10580,126
10581,126
10582,126
10583,126
10584,126
10585,126
10586,126
10587,126
10588,126
10589,126
10590,126
10591,126
10592,126
10593,16
10594,16
10595,16
10596,16
10597,16
10598,1
10599,1
10600,1
10601,1
10602,1
10603,1
10604,1
10605,1
10606,1
10607,1
10608,1
10609,23
10610,23
10611,23
10612,23
10613,23
10614,23
10615,23
10616,23
10617,23
10618,23
10619,50
10620,57
10621,57
10622,57
10623,57
10624,57
10625,57
10626,57
10627,57
10628,57
10629,39
10630,17
10631,17
10632,17
10633,17
10634,17
10635,16
10636,16
10637,16
10638,16
10639,16
10640,16
10641,16
10642,20
10643,16
10644,1
10645,1
10646,1
10647,1
10648,1
10649,5
10650,5
10651,5
10652,5
10653,30
10654,30
10655,30
10656,30
10657,153
10658,153
10659,153
10660,153
10661,153
10662,153
10663,153
10664,153
10665,153
10666,3
10667,3
10668,3
10669,3
10670,3
10671,3
10672,3
10673,29
10674,29
10675,29
10676,29
10677,29
10678,29
10679,29
10680,29
10681,29
10682,29
10683,13
10684,13
10685,28
10686,28
10687,28
10688,28
10689,28
10690,28
10691,28
10692,28
10693,28
10694,28
10695,28
10696,28
10697,28
10698,28
10699,28
10700,19
10701,19
10702,19
10703,19
10704,19
10705,22
10706,15
10707,15
10708,15
10709,15
10710,15
10711,15
10712,15
10713,15
10714,15
10715,36
10716,36
10717,36
10718,36
10719,36
10720,36
10721,36
10722,36
10723,28
10724,28
10725,47
10726,47
10727,47
10728,47
10729,47
10730,47
10731,47
10732,25
10733,25
10734,25
10735,15
10736,15
10737,15
10738,15
10739,15
10740,15
10741,6
10742,183
10743,36
10744,184
10745,36
10746,47
10747,47
10748,47
10749,47
10750,47
10751,47
10752,47
10753,47
10754,47
10755,47
10756,47
10757,47
10758,47
10759,47
10760,47
10761,47
10762,47
10763,47
10764,47
10765,47
10766,47
10767,59
10768,59
10769,59
10770,185
10771,9
10772,9
10773,9
10774,9
10775,9
10776,9
10777,17
10778,17
10779,17
10780,17
10781,17
10782,17
10783,17
10784,17
10785,17
10786,17
10787,17
10788,17
10789,17
10790,17
10791,17
10792,6
10793,6
10794,6
10795,6
10796,6
10797,6
10798,6
10799,6
10800,6
10801,186
10802,6
10803,18
10804,18
10805,18
10806,18
10807,18
10808,18
10809,18
10810,18
10811,18
10812,18
10813,18
10814,18
10815,18
10816,18
10817,18
10818,27
10819,153
10820,27
10821,26
10822,26
10823,26
10824,26
10825,26
10826,26
10827,26
10828,26
10829,26
10830,26
10831,26
10832,26
10833,11
10834,11
10835,11
10836,11
10837,11
10838,42
10839,42
10840,42
10841,42
10842,42
10843,42
10844,42
10845,42
10846,42
10847,42
10848,42
10849,42
10850,42
10851,42
10852,42
10853,42
10854,42
10855,42
10856,42
10857,42
10858,42
10859,42
10860,42
10861,42
10862,50
10863,50
10864,50
10865,50
10866,50
10867,50
10868,50
10869,50
10870,50
10871,50
10872,50
10873,50
10874,50
10875,50
10876,50
10877,50
10878,36
10879,36
10880,36
10881,36
10882,36
10883,126
10884,126
10885,126
10886,126
10887,126
10888,126
10889,126
10890,126
10891,126
10892,126
10893,14
10894,14
10895,14
10896,126
10897,187
10898,14
10899,17
10900,17
10901,16
10902,16
10903,16
10904,16
10905,16
10906,16
10907,20
10908,20
10909,20
10910,23
10911,1
10912,188
10913,189
10914,23
10915,23
10916,23
10917,57
10918,57
10919,57
10920,57
10921,57
10922,57
10923,57
10924,17
10925,17
10926,17
10927,17
10928,17
10929,17
10930,16
10931,16
10932,16
10933,16
10934,16
10935,16
10936,16
10937,16
10938,16
10939,153
10940,153
10941,153
10942,5
10943,30
10944,30
10945,30
10946,30
10947,30
10948,30
10949,153
10950,153
10951,153
10952,153
10953,153
10954,153
10955,153
10956,153
10957,29
10958,29
10959,29
10960,29
10961,29
10962,29
10963,29
10964,29
10965,29
10966,29
10967,29
10968,29
10969,29
10970,29
10971,28
10972,29
10973,29
10974,28
10975,28
10976,28
10977,28
10978,28
10979,28
10980,28
10981,36
10982,36
10983,5
10984,5
10985,5
10986,5
10987,5
10988,5
10989,16
10990,22
10991,22
10992,22
10993,22
10994,22
10995,15
10996,15
10997,15
10998,15
10999,15
11000,15
11001,15
11002,15
11003,36
11004,36
11005,36
11006,36
11007,36
11008,36
11009,36
11010,36
11011,36
11012,36
11013,36
11014,28
11015,28
11016,47
11017,47
11018,47
11019,47
11020,47
11021,47
11022,47
11023,47
11024,3
11025,3
11026,15
11027,15
11028,15
11029,15
11030,15
11031,15
11032,15
11033,36
11034,36
11035,36
11036,36
11037,36
11038,36
11039,36
11040,47
11041,47
11042,47
11043,47
11044,47
11045,47
11046,47
11047,47
11048,47
11049,47
11050,47
11051,47
11052,47
11053,47
11054,47
11055,14
11056,14
11057,17
11058,190
11059,17
11060,17
11061,17
11062,17
11063,17
11064,17
11065,17
11066,17
11067,17
11068,17
11069,17
11070,17
11071,17
11072,17
11073,17
11074,17
11075,17
11076,26
11077,3
11078,3
11079,3
11080,3
11081,3
11082,3
11083,3
11084,3
11085,3
11086,6
11087,6
11088,6
11089,6
11090,6
11091,6
11092,6
11093,6
11094,6
11095,6
11096,6
11097,6
11098,6
11099,6
11100,6
11101,6
11102,18
11103,18
11104,18
11105,18
11106,18
11107,18
11108,18
11109,18
11110,18
11111,18
11112,18
11113,18
11114,18
11115,18
11116,18
11117,18
11118,18
11119,18
11120,18
11121,18
11122,18
11123,18
11124,18
11125,153
11126,26
11127,26
11128,26
11129,26
11130,26
11131,26
11132,26
11133,26
11134,26
11135,26
11136,26
11137,26
11138,26
11139,26
11140,42
11141,26
11142,26
11143,191
11144,36
11145,42
11146,42
11147,42
11148,42
11149,42
11150,42
11151,42
11152,42
11153,42
11154,42
11155,42
11156,42
11157,42
11158,50
11159,50
11160,50
11161,50
11162,50
11163,50
11164,50
11165,50
11166,50
11167,50
11168,50
11169,50
11170,50
11171,50
11172,50
11173,50
11174,50
11175,192
11176,21
11177,21
11178,21
11179,21
11180,21
11181,25
11182,126
11183,126
11184,14
11185,126
11186,14
11187,14
11188,14
11189,17
11190,17
11191,17
11192,17
11193,17
11194,16
11195,16
11196,20
11197,20
11198,20
11199,20
11200,20
11201,20
11202,25
11203,25
11204,57
11205,57
11206,57
11207,57
11208,57
11209,57
11210,57
11211,57
11212,57
11213,17
11214,17
11215,17
11216,16
11217,16
11218,16
11219,16
11220,16
11221,16
11222,16
11223,153
11224,153
11225,153
11226,153
11227,153
11228,30
11229,30
11230,30
11231,153
11232,153
11233,153
11234,153
11235,153
11236,153
11237,193
11238,153
11239,153
11240,153
11241,29
11242,29
11243,29
11244,29
11245,29
11246,29
11247,29
11248,29
11249,29
11250,29
11251,29
11252,29
11253,29
11254,29
11255,29
11256,29
11257,29
11258,29
11259,29
11260,29
11261,28
11262,29
11263,36
11264,36
11265,36
11266,36
11267,36
11268,36
11269,36
11270,36
11271,5
11272,5
11273,16
11274,16
11275,22
11276,22
11277,22
11278,4
11279,15
11280,36
11281,36
11282,36
11283,36
11284,36
11285,36
11286,36
11287,36
11288,36
11289,36
11290,36
11291,36
11292,36
11293,36
11294,36
11295,36
11296,36
11297,36
11298,36
11299,36
11300,36
11301,36
11302,36
11303,36
11304,28
11305,28
11306,28
11307,28
11308,47
11309,47
11310,47
11311,47
11312,47
11313,47
11314,15
11315,15
11316,15
11317,36
11318,36
11319,15
11320,36
11321,36
11322,36
11323,36
11324,36
11325,36
11326,36
11327,36
11328,36
11329,36
11330,36
11331,36
11332,36
11333,36
11334,36
11335,36
11336,36
11337,36
11338,47
11339,47
11340,47
11341,47
11342,47
11343,47
11344,47
11345,47
11346,47
11347,29
11348,29
11349,47
11350,47
11351,14
11352,14
11353,14
11354,14
11355,14
11356,14
11357,17
11358,17
11359,17
11360,17
11361,17
11362,17
11363,17
11364,17
11365,17
11366,17
11367,17
11368,17
11369,17
11370,17
11371,17
11372,17
11373,17
11374,17
11375,26
11376,26
11377,26
11378,26
11379,6
11380,26
11381,3
11382,3
11383,3
11384,6
11385,6
11386,6
11387,6
11388,6
11389,6
11390,6
11391,6
11392,6
11393,6
11394,6
11395,6
11396,6
11397,18
11398,18
11399,18
11400,18
11401,18
11402,18
11403,18
11404,18
11405,18
11406,18
11407,18
11408,18
11409,18
11410,18
11411,18
11412,18
11413,18
11414,18
11415,26
11416,26
11417,26
11418,26
11419,26
11420,26
11421,26
11422,26
11423,26
11424,26
11425,42
11426,42
11427,42
11428,42
11429,194
11430,42
11431,42
11432,42
11433,42
11434,42
11435,42
11436,50
11437,50
11438,50
11439,50
11440,50
11441,50
11442,50
11443,50
11444,50
11445,50
11446,195
11447,50
11448,50
11449,50
11450,50
11451,21
11452,21
11453,21
11454,21
11455,21
11456,21
11457,25
11458,25
11459,25
11460,25
11461,25
11462,17
11463,196
11464,17
11465,17
11466,17
11467,17
11468,17
11469,17
11470,17
11471,17
11472,17
11473,20
11474,20
11475,20
11476,20
11477,197
11478,25
11479,25
11480,25
11481,25
11482,25
11483,25
11484,25
11485,25
11486,25
11487,25
11488,25
11489,57
11490,57
11491,198
11492,30
11493,30
11494,30
11495,30
11496,16
11497,16
11498,16
11499,16
11500,153
11501,153
11502,153
11503,153
11504,153
11505,153
11506,153
11507,153
11508,153
11509,153
11510,153
11511,153
11512,153
11513,153
11514,153
11515,153
11516,153
11517,153
11518,153
11519,153
11520,199
11521,153
11522,29
11523,29
11524,29
11525,29
11526,29
11527,29
11528,29
11529,29
11530,29
11531,29
11532,29
11533,29
11534,29
11535,29
11536,29
11537,29
11538,29
11539,36
11540,36
11541,36
11542,36
11543,36
11544,36
11545,36
11546,36
11547,36
11548,36
11549,36
11550,36
11551,36
11552,200
11553,36
11554,36
11555,36
11556,36
11557,36
11558,36
11559,36
11560,36
11561,36
11562,36
11563,36
11564,36
11565,36
11566,36
11567,36
11568,36
11569,36
11570,36
11571,36
11572,36
11573,36
11574,36
11575,36
11576,36
11577,36
11578,36
11579,36
11580,36
11581,36
11582,36
11583,36
11584,36
11585,36
11586,36
11587,36
11588,36
11589,36
11590,28
11591,28
11592,28
11593,28
11594,47
11595,47
11596,15
11597,15
11598,47
11599,15
11600,15
11601,15
11602,15
11603,15
11604,15
11605,15
11606,15
11607,15
11608,15
11609,15
11610,36
11611,36
11612,36
11613,201
11614,36
11615,36
11616,36
11617,36
11618,9
11619,9
11620,47
11621,36
11622,47
11623,47
11624,47
11625,47
11626,47
11627,47
11628,47
11629,47
11630,47
11631,47
11632,47
11633,47
11634,47
11635,47
11636,47
11637,47
11638,47
11639,47
11640,47
11641,29
11642,29
11643,29
11644,29
11645,14
11646,14
11647,14
11648,14
11649,14
11650,14
11651,14
11652,17
11653,17
11654,17
11655,17
11656,29
11657,29
11658,29
11659,29
11660,29
11661,29
11662,202
11663,203
11664,17
11665,17
11666,17
11667,36
11668,26
11669,26
11670,26
11671,26
11672,26
11673,26
11674,26
11675,26
11676,6
11677,6
11678,6
11679,6
11680,6
11681,204
11682,6
11683,6
11684,6
11685,6
11686,18
11687,11
11688,11
11689,11
11690,11
11691,11
11692,18
11693,11
11694,18
11695,13
11696,13
11697,13
11698,26
11699,26
11700,26
11701,26
11702,26
11703,26
11704,26
11705,42
11706,42
11707,42
11708,42
11709,42
11710,42
11711,42
11712,42
11713,42
11714,42
11715,42
11716,42
11717,42
11718,42
11719,50
11720,50
11721,50
11722,50
11723,50
11724,50
11725,50
11726,50
11727,50
11728,50
11729,50
11730,50
11731,50
11732,50
11733,50
11734,50
11735,50
11736,50
11737,39
11738,21
11739,21
11740,21
11741,21
11742,205
11743,21
11744,206
11745,21
11746,25
11747,25
11748,25
11749,17
11750,17
11751,17
11752,17
11753,17
11754,17
11755,17
11756,17
11757,3
11758,17
11759,3
11760,3
11761,3
11762,3
11763,3
11764,25
11765,25
11766,25
11767,12
11768,12
11769,12
11770,12
11771,50
11772,50
11773,50
11774,50
11775,10
11776,10
11777,10
11778,10
11779,10
11780,10
11781,10
11782,10
11783,153
11784,153
11785,153
11786,153
11787,153
11788,153
11789,153
11790,153
11791,153
11792,17
11793,29
11794,17
11795,29
11796,29
11797,29
11798,29
11799,36
11800,36
11801,207
11802,208
11803,6
11804,209
11805,36
11806,36
11807,36
11808,36
11809,36
11810,36
11811,36
11812,36
11813,36
11814,36
11815,36
11816,36
11817,36
11818,36
11819,36
11820,36
11821,36
11822,36
11823,36
11824,36
11825,210
11826,211
11827,36
11828,28
11829,28
11830,28
11831,28
11832,28
11833,28
11834,28
11835,28
11836,28
11837,28
11838,28
11839,28
11840,28
11841,28
11842,28
11843,28
11844,15
11845,15
11846,15
11847,15
11848,15
11849,15
11850,15
11851,15
11852,15
11853,15
11854,15
11855,15
11856,15
11857,212
11858,15
11859,36
11860,36
11861,36
11862,36
11863,36
11864,9
11865,9
11866,9
11867,9
11868,9
11869,9
11870,9
11871,9
11872,9
11873,47
11874,47
11875,47
11876,47
11877,47
11878,47
11879,47
11880,47
11881,47
11882,47
11883,47
11884,47
11885,47
11886,47
11887,47
11888,29
11889,29
11890,29
11891,29
11892,29
11893,29
11894,29
11895,29
11896,29
11897,29
11898,29
11899,29
11900,29
11901,29
11902,29
11903,29
11904,29
11905,29
11906,29
11907,3
11908,3
11909,3
11910,3
11911,3
11912,3
11913,36
11914,36
11915,36
11916,36
11917,36
11918,36
11919,26
11920,26
11921,26
11922,26
11923,26
11924,26
11925,6
11926,6
11927,6
11928,13
11929,13
11930,13
11931,13
11932,13
11933,13
11934,13
11935,13
11936,11
11937,13
11938,13
11939,13
11940,13
11941,26
11942,42
11943,42
11944,42
11945,42
11946,42
11947,42
11948,42
11949,42
11950,42
11951,42
11952,42
11953,42
11954,42
11955,42
11956,42
11957,42
11958,42
11959,42
11960,5
11961,42
11962,42
11963,50
11964,50
11965,50
11966,50
11967,50
11968,50
11969,50
11970,50
11971,50
11972,50
11973,50
11974,50
11975,50
11976,50
11977,50
11978,50
11979,50
11980,50
11981,50
11982,50
11983,50
11984,50
11985,50
11986,50
11987,50
11988,50
11989,50
11990,50
11991,50
11992,50
11993,50
11994,50
11995,50
11996,50
11997,50
11998,50
11999,39
12000,39
12001,39
12002,39
12003,39
12004,39
12005,39
12006,39
12007,25
12008,25
12009,25
12010,17
12011,17
12012,17
12013,17
12014,17
12015,17
12016,17
12017,3
12018,3
12019,3
12020,3
12021,25
12022,25
12023,25
12024,25
12025,25
12026,25
12027,12
12028,12
12029,12
12030,12
12031,12
12032,12
12033,12
12034,12
12035,12
12036,12
12037,12
12038,12
12039,12
12040,12
12041,12
12042,50
12043,50
12044,50
12045,50
12046,50
12047,10
12048,10
12049,10
12050,10
12051,10
12052,213
12053,5
12054,5
12055,10
12056,5
12057,153
12058,153
12059,153
12060,153
12061,153
12062,153
12063,153
12064,153
12065,153
12066,17
12067,17
12068,17
12069,6
12070,6
12071,6
12072,6
12073,36
12074,36
12075,36
12076,36
12077,36
12078,36
12079,36
12080,36
12081,36
12082,36
12083,36
12084,36
12085,36
12086,36
12087,36
12088,36
12089,36
12090,28
12091,36
12092,28
12093,28
12094,28
12095,28
12096,28
12097,28
12098,28
12099,28
12100,28
12101,28
12102,28
12103,28
12104,28
12105,28
12106,28
12107,28
12108,28
12109,28
12110,28
12111,28
12112,28
12113,28
12114,28
12115,28
12116,28
12117,28
12118,28
12119,15
12120,15
12121,15
12122,15
12123,15
12124,15
12125,15
12126,15
12127,15
12128,12
12129,12
12130,22
12131,22
12132,10
12133,47
12134,47
12135,47
12136,47
12137,47
12138,47
12139,47
12140,47
12141,47
12142,47
12143,47
12144,23
12145,23
12146,23
12147,23
12148,23
12149,23
12150,23
12151,10
12152,10
12153,10
12154,29
12155,29
12156,29
12157,29
12158,18
12159,29
12160,29
12161,29
12162,29
12163,29
12164,29
12165,29
12166,29
12167,29
12168,29
12169,29
12170,29
12171,29
12172,29
12173,29
12174,3
12175,3
12176,3
12177,3
12178,3
12179,3
12180,3
12181,3
12182,3
12183,36
12184,36
12185,36
12186,36
12187,26
12188,36
12189,0
12190,26
12191,26
12192,0
12193,0
12194,13
12195,13
12196,13
12197,13
12198,13
12199,13
12200,13
12201,13
12202,13
12203,13
12204,13
12205,13
12206,13
12207,13
12208,13
12209,13
12210,13
12211,13
12212,13
12213,13
12214,13
12215,13
12216,13
12217,13
12218,13
12219,13
12220,13
12221,13
12222,13
12223,13
12224,13
12225,13
12226,16
12227,16
12228,16
12229,16
12230,16
12231,42
12232,16
12233,42
12234,42
12235,42
12236,42
12237,42
12238,42
12239,42
12240,42
12241,42
12242,50
12243,50
12244,50
12245,50
12246,50
12247,50
12248,50
12249,50
12250,50
12251,50
12252,50
12253,50
12254,50
12255,50
12256,50
12257,50
12258,50
12259,50
12260,50
12261,50
12262,50
12263,50
12264,50
12265,50
12266,50
12267,50
12268,50
12269,50
12270,50
12271,50
12272,50
12273,50
12274,50
12275,50
12276,50
12277,50
12278,50
12279,50
12280,50
12281,39
12282,39
12283,39
12284,39
12285,39
12286,39
12287,39
12288,39
12289,39
12290,39
12291,39
12292,39
12293,39
12294,29
12295,29
12296,29
12297,30
12298,30
12299,30
12300,0
12301,0
12302,0
12303,0
12304,25
12305,25
12306,25
12307,25
12308,25
12309,25
12310,25
12311,50
12312,50
12313,50
12314,214
12315,12
12316,12
12317,12
12318,12
12319,12
12320,12
12321,12
12322,12
12323,12
12324,12
12325,12
12326,12
12327,50
12328,50
12329,50
12330,50
12331,50
12332,10
12333,10
12334,10
12335,5
12336,5
12337,5
12338,215
12339,5
12340,5
12341,5
12342,153
12343,153
12344,153
12345,153
12346,153
12347,153
12348,10
12349,10
12350,10
12351,17
12352,17
12353,17
12354,17
12355,17
12356,17
12357,17
12358,6
12359,6
12360,17
12361,6
12362,36
12363,36
12364,36
12365,36
12366,36
12367,36
12368,36
12369,36
12370,36
12371,36
12372,36
12373,17
12374,17
12375,28
12376,216
12377,29
12378,29
12379,29
12380,6
12381,6
12382,217
12383,217
12384,28
12385,28
12386,28
12387,28
12388,28
12389,28
12390,28
12391,28
12392,28
12393,28
12394,28
12395,28
12396,28
12397,15
12398,15
12399,15
12400,15
12401,15
12402,15
12403,15
12404,15
12405,15
12406,15
12407,15
12408,12
12409,15
12410,12
12411,12
12412,12
12413,12
12414,12
12415,12
12416,12
12417,22
12418,22
12419,22
12420,22
12421,22
12422,10
12423,218
12424,10
12425,47
12426,47
12427,47
12428,47
12429,47
12430,47
12431,47
12432,47
12433,47
12434,47
12435,47
12436,47
12437,47
12438,47
12439,47
12440,47
12441,47
12442,47
12443,47
12444,47
12445,47
12446,23
12447,29
12448,29
12449,29
12450,59
12451,59
12452,29
12453,29
12454,29
12455,29
12456,29
12457,29
12458,29
12459,29
12460,29
12461,29
12462,29
12463,28
12464,28
12465,219
12466,39
12467,39
12468,39
12469,3
12470,3
12471,3
12472,220
12473,36
12474,36
12475,36
12476,0
12477,0
12478,221
12479,222
12480,223
12481,13
12482,13
12483,13
12484,13
12485,13
12486,13
12487,13
12488,13
12489,13
12490,13
12491,13
12492,13
12493,0
12494,13
12495,13
12496,13
12497,13
12498,13
12499,13
12500,13
12501,13
12502,13
12503,13
12504,13
12505,13
12506,13
12507,13
12508,13
12509,13
12510,13
12511,2
12512,13
12513,2
12514,13
12515,2
12516,2
12517,36
12518,36
12519,36
12520,36
12521,36
12522,36
12523,42
12524,42
12525,42
12526,42
12527,42
12528,42
12529,42
12530,42
12531,42
12532,42
12533,42
12534,42
12535,42
12536,42
12537,42
12538,50
12539,50
12540,224
12541,50
12542,50
12543,14
12544,50
12545,50
12546,50
12547,50
12548,50
12549,50
12550,50
12551,50
12552,50
12553,50
12554,50
12555,50
12556,18
12557,50
12558,50
12559,50
12560,50
12561,0
12562,0
12563,50
12564,50
12565,50
12566,50
12567,50
12568,5
12569,5
12570,5
12571,39
12572,39
12573,39
12574,39
12575,39
12576,39
12577,39
12578,39
12579,39
12580,39
12581,39
12582,39
12583,39
12584,39
12585,39
12586,0
12587,0
12588,0
12589,225
12590,22
12591,22
12592,29
12593,226
12594,30
12595,30
12596,30
12597,30
12598,30
12599,25
12600,25
12601,25
12602,25
12603,25
12604,25
12605,25
12606,25
12607,47
12608,47
12609,50
12610,50
12611,50
12612,50
12613,50
12614,11
12615,11
12616,50
12617,50
12618,50
12619,50
12620,50
12621,50
12622,227
12623,12
12624,12
12625,12
12626,228
12627,50
12628,50
12629,50
12630,50
12631,50
12632,50
12633,50
12634,50
12635,50
12636,50
12637,50
12638,50
12639,10
12640,10
12641,10
12642,229
12643,5
12644,5
12645,5
12646,5
12647,230
12648,231
12649,232
12650,233
12651,153
12652,153
12653,153
12654,153
12655,10
12656,10
12657,10
12658,17
12659,17
12660,234
12661,17
12662,235
12663,17
12664,17
12665,17
12666,236
12667,237
12668,238
12669,36
12670,36
12671,36
12672,17
12673,17
12674,17
12675,17
12676,29
12677,29
12678,29
12679,29
12680,6
12681,239
12682,240
12683,6
12684,6
12685,6
12686,241
12687,242
12688,217
12689,217
12690,217
12691,217
12692,243
12693,28
12694,28
12695,28
12696,244
12697,28
12698,28
12699,15
12700,15
12701,15
12702,245
12703,246
12704,15
12705,15
12706,15
12707,247
12708,15
12709,15
12710,248
12711,249
12712,12
12713,12
12714,250
12715,22
12716,22
12717,22
12718,39
12719,39
12720,39
12721,39
12722,39
12723,47
12724,47
12725,47
12726,47
12727,47
12728,47
12729,47
12730,47
12731,47
12732,47
12733,47
12734,251
12735,252
12736,47
12737,47
12738,47
12739,47
12740,47
12741,47
12742,29
12743,29
12744,29
12745,29
12746,59
12747,59
12748,59
12749,59
12750,13
12751,29
12752,253
12753,29
12754,29
12755,29
12756,29
12757,29
12758,29
12759,29
12760,29
12761,29
12762,28
12763,28
12764,28
12765,39
12766,254
12767,255
12768,39
12769,3
12770,256
12771,257
12772,258
12773,3
12774,259
12775,260
12776,261
12777,36
12778,36
12779,36
12780,36
12781,0
12782,0
12783,262
12784,263
12785,153
12786,153
12787,153
12788,13
12789,13
12790,13
12791,13
12792,264
12793,13
12794,13
12795,13
12796,13
12797,265
12798,13
12799,13
12800,13
12801,0
12802,0
12803,0
12804,0
12805,0
12806,0
12807,0
12808,0
12809,0
12810,0
12811,0
12812,13
12813,13
12814,13
12815,13
12816,13
12817,13
12818,13
12819,13
12820,13
12821,13
12822,13
12823,2
12824,266
12825,2
12826,267
12827,268
12828,269
12829,270
12830,2
12831,36
12832,271
12833,36
12834,36
12835,36
12836,36
12837,42
12838,42
12839,42
12840,42
12841,42
12842,42
12843,272
12844,42
12845,42
12846,42
12847,50
12848,42
12849,14
12850,14
12851,14
12852,14
12853,19
12854,19
12855,19
12856,19
12857,19
12858,19
12859,19
12860,50
12861,50
12862,18
12863,18
12864,18
12865,18
12866,273
12867,50
12868,50
12869,274
12870,0
12871,275
12872,0
12873,0
12874,276
12875,0
12876,0
12877,50
12878,50
12879,50
12880,5
12881,277
12882,278
12883,279
12884,39
12885,280
12886,39
12887,281
12888,39
12889,39
12890,39
12891,39
12892,39
12893,39
12894,39
12895,39
12896,39
12897,39
12898,39
12899,0
12900,0
12901,0
12902,0
12903,0
12904,22
12905,22
12906,30
12907,30
12908,30
12909,30
12910,30
12911,25
12912,25
12913,47
12914,282
12915,47
12916,47
12917,47
12918,50
12919,50
12920,283
12921,11
12922,11
12923,11
12924,11
12925,11
12926,50
12927,50
12928,50
12929,50
12930,50
12931,11
12932,284
12933,285
12934,286
12935,11
12936,11
12937,287
12938,288
12939,289
12940,50
12941,50
12942,50
12943,50
12944,50
12945,50
12946,50
12947,50
12948,50
12949,290
12950,290
12951,291
12952,291
12953,292
12954,20
12955,293
12956,294
12957,20
12958,295
12959,296
12960,297
12961,298
12962,9
12963,299
12964,300
12965,300
12966,301
12967,11
12968,11
12969,11
12970,302
12971,302
12972,302
12973,303
12974,303
12975,303
12976,303
12977,304
12978,0
12979,6
12980,6
12981,6
12982,6
12983,6
12984,305
12985,29
12986,306
12987,16
12988,307
12989,16
12990,308
12991,16
12992,16
12993,309
12994,310
12995,310
12996,310
12997,310
12998,311
12999,311
13000,311
13001,311
13002,311
13003,311
13004,311
13005,312
13006,312
13007,312
13008,312
13009,313
13010,11
13011,314
13012,315
13013,316
13014,11
13015,317
13016,16
13017,16
13018,16
13019,318
13020,319
13021,57
13022,320
13023,5
13024,5
13025,5
13026,321
13027,322
13028,322
13029,322
13030,322
13031,322
13032,4
13033,323
13034,4
13035,19
13036,19
13037,19
13038,324
13039,19
13040,19
13041,19
13042,19
13043,19
13044,19
13045,19
13046,19
13047,19
13048,19
13049,325
13050,19
13051,19
13052,326
13053,327
13054,327
13055,328
13056,328
13057,328
13058,329
13059,329
13060,2
13061,2
13062,2
13063,330
13064,2
13065,331
13066,332
13067,333
13068,333
13069,333
13070,333
13071,334
13072,334
13073,334
13074,334
13075,335
13076,335
13077,335
13078,36
13079,36
13080,36
13081,336
13082,36
13083,337
13084,337
13085,337
13086,337
13087,337
13088,337
13089,338
13090,339
13091,340
13092,6
13093,341
13094,6
13095,6
13096,6
13097,6
13098,342
13099,343
13100,344
13101,345
13102,39
13103,39
13104,346
13105,39
13106,39
13107,347
13108,347
13109,347
13110,347
13111,347
13112,347
13113,348
13114,348
13115,349
13116,349
13117,349
13118,349
13119,349
13120,350
13121,351
13122,352
13123,353
13124,354
13125,355
13126,356
13127,356
13128,356
13129,3
13130,3
13131,357
13132,358
13133,358
13134,358
13135,358
13136,359
13137,359
13138,359
13139,359
13140,360
13141,360
13142,360
13143,361
13144,361
13145,362
13146,362
13147,362
13148,362
13149,362
13150,362
13151,363
13152,363
13153,364
13154,364
13155,364
13156,364
13157,365
13158,366
13159,23
13160,23
13161,367
13162,18
13163,18
13164,18
13165,18
13166,368
13167,369
13168,18
13169,370
13170,371
13171,372
13172,372
13173,372
13174,372
13175,372
13176,126
13177,373
13178,374
13179,375
13180,376
13181,376
13182,376
13183,376
13184,50
13185,50
13186,377
13187,26
13188,26
13189,378
13190,26
13191,26
13192,379
13193,379
13194,379
13195,380
13196,4
13197,381
13198,381
13199,381
13200,381
13201,382
13202,14
13203,14
13204,383
13205,384
13206,384
13207,385
13208,385
13209,386
13210,387
13211,388
13212,389
13213,17
13214,17
13215,17
13216,390
13217,391
13218,391
13219,391
13220,392
13221,392
13222,392
13223,392
13224,393
13225,393
13226,393
13227,393
13228,393
13229,393
13230,0
13231,394
13232,395
13233,396
13234,397
13235,397
13236,398
13237,398
13238,398
13239,398
13240,20
13241,399
13242,20
13243,20
13244,20
13245,400
13246,18
13247,18
13248,401
13249,18
13250,18
13251,402
13252,402
13253,11
13254,403
13255,404
13256,11
13257,11
13258,405
13259,405
13260,405
13261,405
13262,405
13263,12
13264,12
13265,12
13266,406
13267,407
13268,408
13269,409
13270,409
13271,409
13272,409
13273,409
13274,410
13275,410
13276,410
13277,410
13278,410
13279,410
13280,411
13281,3
13282,3
13283,10
13284,10
13285,412
13286,413
13287,414
13288,415
13289,416
13290,416
13291,416
13292,417
13293,417
13294,417
13295,417
13296,418
13297,418
13298,419
13299,419
13300,419
13301,419
13302,419
13303,419
13304,420
13305,420
13306,420
13307,420
13308,420
13309,420
13310,420
13311,420
13312,29
13313,421
13314,29
13315,29
13316,29
13317,422
13318,422
13319,422
13320,423
13321,423
13322,423
13323,423
13324,424
13325,424
13326,424
13327,424
13328,424
13329,424
13330,9
13331,425
13332,22
13333,426
13334,22
13335,22
13336,427
13337,427
13338,427
13339,2
13340,428
13341,2
13342,429
13343,429
13344,429
13345,429
13346,429
13347,430
13348,431
13349,24
13350,24
13351,432
13352,432
13353,432
13354,432
13355,433
13356,433
13357,433
13358,433
13359,434
13360,434
13361,434
13362,434
13363,434
13364,434
13365,435
13366,435
13367,435
13368,435
13369,25
13370,25
13371,25
13372,25
13373,436
13374,437
13375,437
13376,437
13377,437
13378,438
13379,438
13380,438
13381,438
13382,439
13383,439
13384,440
13385,440
13386,440
13387,23
13388,23
13389,23
13390,23
13391,23
13392,23
13393,441
13394,26
13395,442
13396,443
13397,26
13398,444
13399,26
13400,26
13401,445
13402,445
13403,445
13404,445
13405,445
13406,445
13407,445
13408,28
13409,446
13410,447
13411,447
13412,447
13413,447
13414,447
13415,448
13416,448
13417,449
13418,449
13419,449
13420,449
13421,39
13422,39
13423,39
13424,450
13425,451
13426,451
13427,451
13428,451
13429,451
13430,451
13431,452
13432,452
13433,452
13434,452
13435,452
13436,452
13437,452
13438,453
13439,454
13440,455
13441,3
13442,3
13443,456
13444,457
13445,458
13446,33
13447,33
13448,459
13449,23
13450,23
13451,23
13452,460
13453,23
13454,0
13455,0
13456,0
13457,0
13458,0
13459,0
13460,0
13461,461
13462,28
13463,28
13464,28
13465,462
13466,462
13467,462
13468,463
13469,463
13470,463
13471,464
13472,464
13473,464
13474,464
13475,464
13476,15
13477,15
13478,15
13479,465
13480,15
13481,25
13482,25
13483,466
13484,23
13485,23
13486,23
13487,23
13488,467
13489,23
13490,23
13491,468
13492,468
13493,468
13494,469
13495,469
13496,469
13497,469
13498,470
13499,470
13500,470
13501,471
13502,472
13503,472
13504,472
13505,473
13506,473
13507,473
13508,473
13509,473
13510,473
13511,473
13512,473
13513,474
13514,475
13515,476
13516,477
13517,14
13518,478
13519,478
13520,479
13521,480
13522,480
13523,480
13524,481
13525,481
13526,481
13527,481
13528,481
13529,481
13530,481
13531,57
13532,57
13533,57
13534,482
13535,483
13536,484
13537,484
13538,484
13539,484
13540,485
13541,32
13542,32
13543,486
13544,487
13545,488
13546,488
13547,489
13548,57
13549,490
13550,491
13551,15
13552,15
13553,15
13554,15
13555,492
13556,15
13557,493
13558,494
13559,50
13560,495
13561,496
13562,50
13563,50
13564,497
13565,497
13566,497
13567,497
13568,497
13569,498
13570,498
13571,498
13572,498
13573,499
13574,500
13575,0
13576,501
13577,502
13578,503
13579,17
13580,504
13581,17
13582,505
13583,506
13584,507
13585,508
13586,508
13587,509
13588,36
13589,510
13590,511
13591,511
13592,511
13593,511
13594,511
13595,512
13596,512
13597,512
13598,512
13599,513
13600,513
13601,42
13602,42
13603,514
13604,42
13605,515
13606,515
13607,515
13608,515
13609,515
13610,515
13611,516
13612,516
13613,516
13614,516
13615,516
13616,516
13617,516
13618,517
13619,517
13620,517
13621,518
13622,518
13623,519
13624,519
13625,519
13626,519
13627,519
13628,519
13629,519
13630,520
13631,520
13632,521
13633,521
13634,521
13635,521
13636,521
13637,36
13638,522
13639,523
13640,524
13641,525
13642,36
13643,526
13644,526
13645,526
13646,526
13647,526
13648,526
13649,526
13650,526
13651,527
13652,527
13653,528
13654,528
13655,528
13656,528
13657,528
13658,529
13659,529
13660,529
13661,530
13662,530
13663,530
13664,530
13665,27
13666,531
13667,27
13668,27
13669,532
13670,27
13671,533
13672,534
13673,534
13674,534
13675,534
13676,534
13677,534
13678,30
13679,30
13680,535
13681,30
13682,536
13683,536
13684,536
13685,536
13686,537
13687,16
13688,538
13689,16
13690,16
13691,16
13692,539
13693,540
13694,541
13695,542
13696,3
13697,3
13698,3
13699,543
13700,3
13701,544
13702,544
13703,544
13704,544
13705,544
13706,545
13707,545
13708,545
13709,545
13710,545
13711,545
13712,545
13713,546
13714,546
13715,546
13716,546
13717,546
13718,546
13719,546
13720,546
13721,546
13722,546
13723,546
13724,546
13725,546
13726,546
13727,546
13728,546
13729,546
13730,546
13731,546
13732,546
13733,546
13734,546
13735,546
13736,547
13737,1
13738,1
13739,1
13740,59
13741,59
13742,548
13743,13
13744,549
13745,550
13746,13
13747,13
13748,13
13749,36
13750,36
13751,551
13752,552
13753,36
13754,553
13755,553
13756,553
13757,553
13758,553
13759,553
13760,13
13761,13
13762,13
13763,554
13764,13
13765,555
13766,13
13767,556
13768,557
13769,558
13770,3
13771,3
13772,3
13773,3
13774,559
13775,3
13776,19
13777,560
13778,19
13779,19
13780,19
13781,19
13782,19
13783,19
13784,19
13785,561
13786,561
13787,562
13788,562
13789,562
13790,562
13791,562
13792,563
13793,563
13794,563
13795,12
13796,12
13797,564
13798,565
13799,565
13800,566
13801,566
13802,566
13803,567
13804,567
13805,567
13806,568
13807,568
13808,568
13809,569
13810,569
13811,569
13812,569
13813,570
13814,570
13815,570
13816,571
13817,571
13818,0
13819,0
13820,0
13821,0
13822,572
13823,573
13824,573
13825,573
13826,573
13827,573
13828,21
13829,574
13830,575
13831,576
13832,576
13833,577
13834,577
13835,577
13836,577
13837,577
13838,578
13839,578
13840,578
13841,579
13842,579
13843,580
13844,580
13845,581
13846,581
13847,581
13848,17
13849,17
13850,17
13851,17
13852,17
13853,582
13854,17
13855,17
13856,583
13857,17
13858,17
13859,17
13860,584
13861,585
13862,585
13863,585
13864,586
13865,586
13866,586
13867,480
13868,587
13869,588
13870,588
13871,588
13872,589
13873,589
13874,589
13875,589
13876,589
13877,589
13878,589
13879,590
13880,590
13881,590
13882,591
13883,591
13884,591
13885,591
13886,591
13887,591
13888,591
13889,591
13890,592
13891,592
13892,592
13893,592
13894,593
13895,593
13896,13
13897,594
13898,13
13899,13
13900,595
13901,13
13902,13
13903,596
13904,597
13905,59
13906,598
13907,599
13908,599
13909,13
13910,13
13911,600
13912,601
13913,601
13914,602
13915,602
13916,603
13917,603
13918,603
13919,603
13920,604
13921,604
13922,604
13923,604
13924,604
13925,10
13926,605
13927,10
13928,10
13929,11
13930,606
13931,607
13932,608
13933,609
13934,610
13935,611
13936,611
13937,611
13938,612
13939,612
13940,612
13941,0
13942,613
13943,0
13944,614
13945,615
13946,615
13947,615
13948,615
13949,615
13950,616
13951,616
13952,616
13953,616
13954,39
13955,39
13956,617
13957,618
13958,619
13959,620
13960,620
13961,620
13962,621
13963,622
13964,623
13965,624
13966,624
13967,624
13968,624
13969,624
13970,624
13971,0
13972,0
13973,625
13974,0
13975,0
13976,0
13977,36
13978,626
13979,627
13980,628
13981,57
13982,629
13983,630
13984,631
13985,632
13986,633
13987,633
13988,634
13989,634
13990,634
13991,634
13992,635
13993,635
13994,635
13995,635
13996,635
13997,635
13998,636
13999,7
14000,7
14001,637
14002,16
14003,16
14004,16
14005,16
14006,16
14007,57
14008,638
14009,28
14010,28
14011,639
14012,28
14013,640
14014,640
14015,640
14016,640
14017,641
14018,641
14019,641
14020,641
14021,642
14022,642
14023,643
14024,643
14025,643
14026,643
14027,643
14028,644
14029,644
14030,645
14031,645
14032,645
14033,645
14034,646
14035,0
14036,0
14037,0
14038,0
14039,566
14040,566
14041,647
14042,648
14043,648
14044,648
14045,649
14046,649
14047,649
14048,650
14049,650
14050,20
14051,20
14052,20
14053,651
14054,652
14055,12
14056,12
14057,653
14058,9
14059,654
14060,9
14061,655
14062,656
14063,9
14064,657
14065,9
14066,9
14067,658
14068,658
14069,658
14070,22
14071,22
14072,22
14073,22
14074,22
14075,659
14076,660
14077,660
14078,660
14079,36
14080,36
14081,661
14082,662
14083,36
14084,663
14085,663
14086,663
14087,663
14088,663
14089,664
14090,664
14091,664
14092,664
14093,29
14094,665
14095,29
14096,0
14097,0
14098,0
14099,666
14100,667
14101,667
14102,668
14103,668
14104,668
14105,668
14106,668
14107,668
14108,11
14109,11
14110,11
14111,669
14112,670
14113,671
14114,671
14115,672
14116,672
14117,672
14118,672
14119,672
14120,672
14121,673
14122,673
14123,673
14124,17
14125,17
14126,17
14127,674
14128,675
14129,676
14130,677
14131,25
14132,25
14133,678
14134,25
14135,25
14136,25
14137,25
14138,0
14139,0
14140,679
14141,0
14142,0
14143,0
14144,0
14145,0
14146,680
14147,680
14148,680
14149,681
14150,681
14151,681
14152,681
14153,681
14154,682
14155,682
14156,682
14157,682
14158,683
14159,684
14160,685
14161,5
14162,5
14163,25
14164,25
14165,25
14166,686
14167,25
14168,687
14169,687
14170,687
14171,688
14172,13
14173,13
14174,0
14175,0
14176,689
14177,420
14178,420
14179,690
14180,691
14181,420
14182,14
14183,14
14184,14
14185,692
14186,14
14187,14
14188,14
14189,20
14190,693
14191,694
14192,695
14193,20
14194,20
14195,696
14196,697
14197,697
14198,697
14199,697
14200,698
14201,698
14202,698
14203,699
14204,22
14205,700
14206,701
14207,701
14208,701
14209,701
14210,701
14211,701
14212,701
14213,14
14214,14
14215,14
14216,14
14217,702
14218,703
14219,704
14220,704
14221,704
14222,704
14223,704
14224,704
14225,704
14226,704
14227,704
14228,704
14229,704
14230,704
14231,704
14232,704
14233,704
14234,704
14235,704
14236,704
14237,704
14238,704
14239,705
14240,33
14241,706
14242,33
14243,33
14244,14
14245,14
14246,707
14247,708
14248,708
14249,708
14250,708
14251,708
14252,709
14253,710
14254,710
14255,710
14256,710
14257,710
14258,710
14259,710
14260,711
14261,47
14262,47
14263,47
14264,712
14265,712
14266,713
14267,713
14268,713
14269,714
14270,714
14271,715
14272,715
14273,715
14274,715
14275,5
14276,5
14277,716
14278,5
14279,5
14280,5
14281,5
14282,5
14283,5
14284,5
14285,5
14286,717
14287,717
14288,717
14289,717
14290,717
14291,717
14292,718
14293,718
14294,719
14295,719
14296,719
14297,720
14298,720
14299,720
14300,721
14301,721
14302,721
14303,721
14304,721
14305,721
14306,722
14307,722
14308,722
14309,722
14310,723
14311,723
14312,723
14313,723
14314,723
14315,723
14316,723
14317,723
14318,723
14319,723
14320,723
14321,723
14322,20
14323,724
14324,20
14325,725
14326,725
14327,726
14328,726
14329,726
14330,726
14331,3
14332,3
14333,3
14334,727
14335,3
14336,3
14337,728
14338,728
14339,728
14340,728
14341,728
14342,16
14343,16
14344,729
14345,11
14346,730
14347,11
14348,11
14349,11
14350,11
14351,731
14352,731
14353,731
14354,731
14355,50
14356,50
14357,50
14358,732
14359,733
14360,733
14361,733
14362,733
14363,734
14364,734
14365,734
14366,734
14367,734
14368,734
14369,734
14370,735
14371,735
14372,735
14373,735
14374,735
14375,735
14376,735
14377,736
14378,736
14379,736
14380,737
14381,737
14382,738
14383,738
14384,11
14385,739
14386,740
14387,11
14388,11
14389,11
14390,11
14391,741
14392,742
14393,11
14394,743
14395,743
14396,743
14397,743
14398,743
14399,744
14400,744
14401,744
14402,744
14403,744
14404,12
14405,745
14406,746
14407,12
14408,747
14409,748
14410,749
14411,750
14412,751
14413,751
14414,751
14415,752
14416,752
14417,753
14418,753
14419,753
14420,754
14421,754
14422,754
14423,754
14424,754
14425,754
14426,1
14427,755
14428,50
14429,756
14430,50
14431,757
14432,758
14433,758
14434,758
14435,758
14436,758
14437,759
14438,4
14439,760
14440,760
14441,760
14442,760
14443,16
14444,761
14445,16
14446,16
14447,16
14448,762
14449,763
14450,16
14451,16
14452,16
14453,764
14454,764
14455,764
14456,764
14457,764
14458,764
14459,764
14460,47
14461,765
14462,47
14463,47
14464,766
14465,766
14466,766
14467,766
14468,767
14469,767
14470,768
14471,15
14472,15
14473,769
14474,15
14475,770
14476,771
14477,772
14478,773
14479,0
14480,774
14481,0
14482,0
14483,0
14484,775
14485,775
14486,775
14487,775
14488,775
14489,776
14490,776
14491,776
14492,776
14493,776
14494,776
14495,776
14496,776
14497,776
14498,777
14499,777
14500,777
14501,777
14502,777
14503,17
14504,17
14505,17
14506,778
14507,25
14508,25
14509,779
14510,25
14511,25
14512,25
14513,59
14514,59
14515,780
14516,781
14517,781
14518,781
14519,781
14520,781
14521,781
14522,781
14523,781
14524,781
14525,781
14526,781
14527,781
14528,781
14529,781
14530,781
14531,781
14532,781
14533,781
14534,782
14535,782
14536,782
14537,782
14538,782
14539,782
14540,783
14541,783
14542,783
14543,783
14544,784
14545,784
14546,784
14547,784
14548,784
14549,784
14550,68
14551,785
14552,786
14553,787
14554,68
14555,788
14556,789
14557,789
14558,789
14559,789
14560,789
14561,789
14562,789
14563,789
14564,26
14565,26
14566,26
14567,790
14568,791
14569,791
14570,791
14571,16
14572,16
14573,16
14574,792
14575,793
14576,794
14577,795
14578,796
14579,797
14580,798
14581,798
14582,798
14583,39
14584,799
14585,39
14586,4
14587,800
14588,801
14589,801
14590,801
14591,802
14592,802
14593,802
14594,802
14595,802
14596,803
14597,803
14598,803
14599,803
14600,804
14601,804
14602,804
14603,805
14604,805
14605,805
14606,806
14607,806
14608,806
14609,806
14610,807
14611,807
14612,807
14613,36
14614,808
14615,36
14616,36
14617,809
14618,810
14619,811
14620,0
14621,812
14622,812
14623,813
14624,17
14625,814
14626,21
14627,815
14628,21
14629,21
14630,21
14631,816
14632,817
14633,28
14634,28
14635,28
14636,28
14637,28
14638,818
14639,28
14640,28
14641,819
14642,820
14643,820
14644,820
14645,820
14646,820
14647,820
14648,820
14649,821
14650,821
14651,821
14652,821
14653,821
14654,821
14655,6
14656,6
14657,822
14658,823
14659,6
14660,824
14661,825
14662,826
14663,826
14664,826
14665,826
14666,827
14667,827
14668,827
14669,828
14670,828
14671,828
14672,828
14673,829
14674,829
14675,829
14676,829
14677,829
14678,829
14679,830
14680,830
14681,830
14682,830
14683,830
14684,830
14685,830
14686,57
14687,831
14688,57
14689,832
14690,833
14691,57
14692,57
14693,834
14694,57
14695,57
14696,57
14697,835
14698,836
14699,0
14700,837
14701,0
14702,0
14703,838
14704,0
14705,0
14706,0
14707,839
14708,0
14709,0
14710,0
14711,0
14712,0
14713,0
14714,0
14715,24
14716,24
14717,24
14718,24
14719,840
14720,841
14721,24
14722,24
14723,5
14724,842
14725,5
14726,5
14727,5
14728,843
14729,844
14730,27
14731,27
14732,845
14733,845
14734,845
14735,845
14736,845
14737,845
14738,845
14739,845
14740,846
14741,846
14742,16
14743,17
14744,23
14745,847
14746,17
14747,848
14748,29
14749,849
14750,29
14751,850
14752,23
14753,23
14754,851
14755,852
14756,852
14757,852
14758,15
14759,15
14760,15
14761,15
14762,15
14763,853
14764,854
14765,854
14766,854
14767,855
14768,855
14769,855
14770,855
14771,855
14772,855
14773,856
14774,856
14775,856
14776,856
14777,856
14778,857
14779,857
14780,857
14781,857
14782,857
14783,857
14784,798
14785,858
14786,4
14787,859
14788,860
14789,860
14790,860
14791,860
14792,860
14793,860
14794,861
14795,861
14796,861
14797,862
14798,862
14799,862
14800,863
14801,863
14802,864
14803,864
14804,864
14805,864
14806,864
14807,126
14808,865
14809,866
14810,126
14811,867
14812,126
14813,12
14814,12
14815,868
14816,12
14817,869
14818,869
14819,869
14820,870
14821,870
14822,870
14823,870
14824,871
14825,872
14826,872
14827,872
14828,872
14829,873
14830,873
14831,873
14832,874
14833,874
14834,874
14835,874
14836,874
14837,874
14838,874
14839,17
14840,17
14841,17
14842,17
14843,875
14844,876
14845,17
14846,17
14847,877
14848,1
14849,878
14850,1
14851,1
14852,879
14853,880
14854,881
14855,881
14856,882
14857,882
14858,882
14859,883
14860,883
14861,16
14862,884
14863,16
14864,16
14865,16
14866,7
14867,885
14868,7
14869,7
14870,886
14871,886
14872,886
14873,887
14874,887
14875,887
14876,887
14877,887
14878,887
14879,887
14880,888
14881,18
14882,18
14883,18
14884,16
14885,16
14886,16
14887,16
14888,16
14889,16
14890,16
14891,889
14892,16
14893,890
14894,19
14895,19
14896,19
14897,19
14898,19
14899,891
14900,19
14901,19
14902,57
14903,57
14904,892
14905,57
14906,893
14907,893
14908,893
14909,893
14910,894
14911,895
14912,896
14913,897
14914,897
14915,898
14916,898
14917,899
14918,899
14919,899
14920,900
14921,900
14922,901
14923,901
14924,901
14925,901
14926,901
14927,901
14928,902
14929,902
14930,902
14931,902
14932,903
14933,4
14934,4
14935,4
14936,904
14937,4
14938,14
14939,905
14940,14
14941,906
14942,907
14943,908
14944,908
14945,908
14946,14
14947,14
14948,909
14949,14
14950,910
14951,910
14952,910
14953,911
14954,911
14955,911
14956,911
14957,4
14958,912
14959,913
14960,913
14961,913
14962,913
14963,913
14964,913
14965,914
14966,914
14967,914
14968,12
14969,12
14970,915
14971,916
14972,12
14973,12
14974,917
14975,917
14976,917
14977,917
14978,918
14979,919
14980,920
14981,356
14982,68
14983,68
14984,921
14985,922
14986,923
14987,923
14988,923
14989,923
14990,923
14991,923
14992,924
14993,47
14994,925
14995,926
14996,927
14997,928
14998,929
14999,930
15000,931
15001,16
15002,16
15003,16
15004,932
15005,0
15006,0
15007,0
15008,933
15009,934
15010,935
15011,936
15012,936
15013,937
15014,938
15015,939
15016,940
15017,940
15018,940
15019,940
15020,940
15021,940
15022,941
15023,14
15024,942
15025,943
15026,23
15027,944
15028,945
15029,946
15030,947
15031,947
15032,947
15033,947
15034,947
15035,947
15036,948
15037,948
15038,948
15039,948
15040,948
15041,949
15042,949
15043,950
15044,950
15045,951
15046,6
15047,6
15048,6
15049,50
15050,50
15051,952
15052,50
15053,953
15054,954
15055,954
15056,954
15057,955
15058,955
15059,22
15060,22
15061,22
15062,22
15063,956
15064,957
15065,28
15066,28
15067,958
15068,28
15069,28
15070,28
15071,28
15072,959
15073,960
15074,961
15075,962
15076,963
15077,963
15078,963
15079,963
15080,963
15081,963
15082,964
15083,964
15084,964
15085,965
15086,965
15087,965
15088,965
15089,965
15090,966
15091,23
15092,23
15093,23
15094,23
15095,967
15096,23
15097,2
15098,2
15099,2
15100,968
15101,2
15102,969
15103,2
15104,2
15105,2
15106,970
15107,2
15108,2
15109,971
15110,972
15111,972
15112,972
15113,972
15114,972
15115,973
15116,973
15117,973
15118,973
15119,20
15120,20
15121,20
15122,974
15123,975
15124,27
15125,27
15126,976
15127,68
15128,68
15129,977
15130,978
15131,979
15132,980
15133,22
15134,981
15135,982
15136,22
15137,983
15138,983
15139,983
15140,983
15141,983
15142,983
15143,983
15144,984
15145,984
15146,984
15147,984
15148,21
15149,21
15150,985
15151,21
15152,986
15153,987
15154,987
15155,987
15156,987
15157,987
15158,988
15159,988
15160,988
15161,988
15162,988
15163,988
15164,989
15165,990
15166,991
15167,992
15168,12
15169,993
15170,994
15171,994
15172,994
15173,994
15174,995
15175,996
15176,997
15177,998
15178,998
15179,998
15180,998
15181,999
15182,999
15183,999
15184,999
15185,999
15186,999
15187,1000
15188,1001
15189,1001
15190,1001
15191,1001
15192,1001
15193,1001
15194,1002
15195,1002
15196,1002
15197,1003
15198,1003
15199,1003
15200,1004
15201,1004
15202,1005
15203,1005
15204,1005
15205,1006
15206,1006
15207,0
15208,0
15209,1007
15210,1008
15211,1008
15212,1008
15213,581
15214,581
15215,1009
15216,1010
15217,50
15218,50
15219,50
15220,1011
15221,1012
15222,1012
15223,1012
15224,1012
15225,1012
15226,1013
15227,1014
15228,1015
15229,1016
15230,1017
15231,36
15232,36
15233,1018
15234,1019
15235,1019
15236,1020
15237,1020
15238,1020
15239,1021
15240,1021
15241,1022
15242,1022
15243,1022
15244,10
15245,1023
15246,1024
15247,1025
15248,1026
15249,1026
15250,1026
15251,1026
15252,1026
15253,1027
15254,1028
15255,17
15256,1029
15257,17
15258,28
15259,1030
15260,28
15261,1031
15262,1032
15263,4
15264,4
15265,4
15266,1033
15267,4
15268,4
15269,4
15270,1034
15271,1034
15272,1034
15273,1035
15274,1035
15275,1035
15276,1035
15277,1035
15278,1036
15279,1037
15280,1038
15281,1039
15282,1039
15283,1039
15284,1039
15285,1039
15286,1040
15287,23
15288,23
15289,3
15290,3
15291,3
15292,1041
15293,3
15294,50
15295,1042
15296,50
15297,1043
15298,50
15299,1044
15300,1044
15301,1044
15302,1044
15303,1045
15304,36
15305,36
15306,1046
15307,36
15308,12
15309,12
15310,12
15311,1047
15312,12
15313,12
15314,1048
15315,1048
15316,11
15317,1049
15318,11
15319,11
15320,6
15321,1050
15322,1051
15323,1052
15324,1052
15325,1052
15326,1052
15327,11
15328,11
15329,1053
15330,1054
15331,1054
15332,1054
15333,1054
15334,1055
15335,1055
15336,1056
15337,17
15338,1057
15339,1058
15340,1058
15341,1058
15342,3
15343,3
15344,3
15345,1059
15346,1060
15347,1061
15348,1062
15349,1063
15350,1063
15351,1063
15352,1064
15353,1064
15354,4
15355,4
15356,1065
15357,1066
15358,4
15359,1067
15360,1067
15361,1067
15362,1067
15363,1067
15364,1067
15365,1068
15366,1068
15367,1068
15368,1069
15369,1069
15370,1069
15371,1069
15372,1069
15373,1069
15374,1069
15375,1069
15376,1069
15377,126
15378,1070
15379,126
15380,126
15381,1071
15382,1071
15383,1071
15384,1071
15385,1072
15386,1072
15387,1073
15388,1073
15389,57
15390,57
15391,1074
15392,1075
15393,57
15394,1076
15395,1077
15396,432
15397,1078
15398,1079
15399,1080
15400,1081
15401,126
15402,1082
15403,126
15404,126
15405,1083
15406,1084
15407,1084
15408,1084
15409,1084
15410,4
15411,4
15412,1085
15413,1086
15414,4
15415,1087
15416,1087
15417,1087
15418,1087
15419,1087
15420,1087
15421,1088
15422,1088
15423,1088
15424,1088
15425,1088
15426,1089
15427,1089
15428,1089
15429,1089
15430,23
15431,1090
15432,23
15433,23
15434,1091
15435,1091
15436,1092
15437,1093
15438,1094
15439,1095
15440,1
15441,1096
15442,1
15443,1097
15444,1
15445,1098
15446,26
15447,26
15448,1099
15449,1100
15450,1100
15451,1100
15452,1100
15453,1100
15454,22
15455,1101
15456,22
15457,22
15458,22
15459,22
15460,1102
15461,1102
15462,1102
15463,1102
15464,1103
15465,1104
15466,1105
15467,1106
15468,1107
15469,14
15470,14
15471,14
15472,1108
15473,14
15474,1109
15475,1110
15476,1110
15477,1110
15478,1110
15479,1110
15480,1111
15481,4
15482,4
15483,42
15484,1112
15485,1113
15486,42
15487,42
15488,1114
15489,42
15490,42
15491,1115
15492,1115
15493,16
15494,16
15495,1116
15496,1117
15497,1117
15498,1118
15499,1118
15500,1118
15501,1118
15502,1119
15503,1120
15504,1120
15505,1120
15506,1120
15507,1120
15508,1121
15509,1121
15510,1121
15511,1121
15512,1121
15513,1121
15514,1121
15515,1122
15516,1122
15517,1122
15518,1122
15519,1122
15520,1122
15521,36
15522,36
15523,1123
15524,36
15525,36
15526,36
15527,1124
15528,1124
15529,1124
15530,16
15531,16
15532,16
15533,16
15534,1125
15535,1126
15536,1126
15537,1126
15538,153
15539,153
15540,1127
15541,153
15542,153
15543,153
15544,32
15545,32
15546,1128
15547,32
15548,1129
15549,1129
15550,1129
15551,1129
15552,1129
15553,1130
15554,1130
15555,1130
15556,2
15557,2
15558,1131
15559,2
15560,1132
15561,1133
15562,1134
15563,22
15564,1135
15565,1136
15566,22
15567,1137
15568,827
15569,827
15570,1138
15571,1139
15572,126
15573,1140
15574,126
15575,126
15576,126
15577,126
15578,126
15579,1141
15580,1141
15581,1141
15582,1142
15583,1142
15584,1142
15585,1142
15586,1142
15587,1142
15588,29
15589,29
15590,1143
15591,1144
15592,1145
15593,57
15594,1146
15595,57
15596,1147
15597,11
15598,1148
15599,11
15600,1149
15601,1149
15602,3
15603,3
15604,3
15605,3
15606,3
15607,1150
15608,1151
15609,1152
15610,1152
15611,1152
15612,1152
15613,1152
15614,1153
15615,1153
15616,1153
15617,1153
15618,23
15619,23
15620,23
15621,23
15622,23
15623,1154
15624,30
15625,1155
15626,30
15627,1156
15628,1157
15629,30
15630,1158
15631,14
15632,14
15633,1159
15634,1159
15635,1159
15636,1159
15637,1159
15638,1160
15639,1160
15640,1160
15641,1160
15642,1160
15643,1161
15644,1161
15645,1162
15646,1163
15647,1164
15648,1165
15649,1165
15650,1165
15651,1165
15652,1165
15653,1165
15654,1166
15655,1166
15656,1166
15657,1167
15658,1167
15659,1168
15660,1169
15661,1169
15662,1169
15663,1170
15664,1171
15665,20
15666,20
15667,1172
15668,1173
15669,15
15670,15
15671,1174
15672,15
15673,15
15674,15
15675,15
15676,15
15677,15
15678,1175
15679,15
15680,1176
15681,1176
15682,1176
15683,1176
15684,1177
15685,1177
15686,1177
15687,17
15688,17
15689,1178
15690,2
15691,2
15692,1179
15693,1180
15694,42
15695,36
15696,1181
15697,1182
15698,1183
15699,1184
15700,1185
15701,1185
15702,1185
15703,1186
15704,1186
15705,1186
15706,1186
15707,1187
15708,12
15709,12
15710,1188
15711,1189
15712,11
15713,11
15714,11
15715,11
15716,11
15717,1190
15718,1191
15719,1191
15720,1191
15721,1191
15722,1192
15723,1192
15724,1192
15725,12
15726,12
15727,12
15728,12
15729,1193
15730,1194
15731,1195
15732,1195
15733,1195
15734,1196
15735,2
15736,2
15737,1197
15738,2
15739,2
15740,1198
15741,1198
15742,1199
15743,1199
15744,1199
15745,1199
15746,1200
15747,1200
15748,1200
15749,1200
15750,3
15751,3
15752,1201
15753,1202
15754,12
15755,1203
15756,12
15757,12
15758,1204
15759,39
15760,1205
15761,39
15762,39
15763,1206
15764,1207
15765,1207
15766,1207
15767,1207
15768,1208
15769,1209
15770,1210
15771,1211
15772,1212
15773,1212
15774,1213
15775,1213
15776,1214
15777,1214
15778,1214
15779,1215
15780,1215
15781,1216
15782,1216
15783,1216
15784,1217
15785,6
15786,6
15787,6
15788,6
15789,6
15790,6
15791,1218
15792,6
15793,1219
15794,1220
15795,1220
15796,1220
15797,1220
15798,57
15799,57
15800,1221
15801,57
15802,57
15803,1222
15804,1222
15805,1223
15806,1223
15807,1223
15808,1224
15809,1224
15810,1224
15811,1224
15812,1224
15813,1224
15814,1224
15815,1224
15816,1224
15817,1225
15818,1225
15819,1225
15820,26
15821,26
15822,1226
15823,1227
15824,26
15825,153
15826,153
15827,1228
15828,1229
15829,1230
15830,1230
15831,1230
15832,1230
15833,1230
15834,1230
15835,870
15836,870
15837,1231
15838,1232
15839,1233
15840,1233
15841,1233
15842,1233
15843,1233
15844,1233
15845,1233
15846,1233
15847,1233
15848,1233
15849,1233
15850,1234
15851,1234
15852,1234
15853,1234
15854,1234
15855,1235
15856,1235
15857,1235
15858,1235
15859,1236
15860,36
15861,1237
15862,36
15863,1238
15864,36
15865,36
15866,36
15867,1239
15868,1240
15869,1240
15870,1240
15871,1240
15872,1240
15873,1240
15874,1240
15875,33
15876,1241
15877,1242
15878,33
15879,1243
15880,33
15881,1244
15882,33
15883,1245
15884,1245
15885,1245
15886,1245
15887,1245
15888,1245
15889,1246
15890,1246
15891,1246
15892,1246
15893,3
15894,3
15895,1247
15896,3
15897,3
15898,3
15899,3
15900,3
15901,3
15902,3
15903,3
15904,1248
15905,1248
15906,1249
15907,1249
15908,1249
15909,1250
15910,1250
15911,1250
15912,1250
15913,1251
15914,1251
15915,1251
15916,1251
15917,1251
15918,1251
15919,1251
15920,1251
15921,1252
15922,21
15923,21
15924,1253
15925,1254
15926,1255
15927,1256
15928,1257
15929,1257
15930,1257
15931,1257
15932,1258
15933,1258
15934,1258
15935,1258
15936,14
15937,14
15938,1259
15939,1260
15940,1261
15941,1262
15942,1262
15943,1262
15944,1263
15945,1263
15946,1263
15947,1263
15948,1263
15949,1264
15950,26
15951,26
15952,1265
15953,26
15954,1266
15955,1266
15956,1
15957,1
15958,1267
15959,1268
15960,1268
15961,1268
15962,1268
15963,26
15964,26
15965,26
15966,26
15967,26
15968,1269
15969,0
15970,0
15971,1270
15972,0
15973,0
15974,1271
15975,1272
15976,1273
15977,1274
15978,11
15979,1275
15980,1276
15981,1276
15982,1277
15983,1277
15984,1277
15985,7
15986,7
15987,7
15988,1278
15989,1279
15990,1279
15991,1279
15992,1279
15993,1279
15994,1279
15995,1279
15996,25
15997,1280
15998,1281
15999,11
16000,11
16001,11
16002,11
16003,1282
16004,11
16005,11
16006,11
16007,1283
16008,1283
16009,1283
16010,1283
16011,1283
16012,24
16013,1284
16014,24
16015,24
16016,24
16017,24
16018,1285
16019,1285
16020,1285
16021,1285
16022,1285
16023,1285
16024,1285
16025,1286
16026,1286
16027,1286
16028,1287
16029,1287
16030,1287
16031,1288
16032,1288
16033,1288
16034,1289
16035,1289
16036,1289
16037,1289
16038,1289
16039,11
16040,1290
16041,11
16042,11
16043,1291
16044,11
16045,1292
16046,1293
16047,11
16048,1294
16049,1294
16050,1294
16051,1294
16052,1294
16053,4
16054,4
16055,4
16056,1295
16057,4
16058,1296
16059,1297
16060,59
16061,1298
16062,1299
16063,1300
16064,1301
16065,21
16066,1302
16067,1303
16068,1304
16069,1305
16070,1306
16071,5
16072,5
16073,5
16074,5
16075,5
16076,5
16077,5
16078,5
16079,1307
16080,1308
16081,1309
16082,1310
16083,1311
16084,16
16085,1312
16086,1313
16087,1314
16088,1315
16089,1316
16090,1317
16091,3
16092,3
16093,3
16094,3
16095,1318
16096,30
16097,1319
16098,1320
16099,1321
16100,1322
16101,1322
16102,1322
16103,1323
16104,1324
16105,1325
16106,1326
16107,1327
16108,1328
16109,1329
16110,1330
16111,1331
16112,1332
16113,1333
16114,1334
16115,1335
16116,1336
16117,1337
16118,1338
16119,1338
16120,1338
16121,1338
16122,1338
16123,567
16124,1339
16125,567
16126,567
16127,567
16128,1340
16129,1341
16130,2
16131,1342
16132,1343
16133,1344
16134,1344
16135,1344
16136,1344
16137,1344
16138,1344
16139,1345
16140,1346
16141,1347
16142,16
16143,3
16144,3
16145,3
16146,1348
16147,1349
16148,1350
16149,3
16150,1351
16151,1352
16152,1352
16153,1352
16154,1352
16155,1352
16156,3
16157,3
16158,3
16159,1353
16160,1354
16161,1354
16162,1354
16163,1355
16164,1355
16165,1355
16166,1355
16167,1356
16168,1356
16169,1357
16170,1052
16171,1052
16172,1358
16173,1359
16174,1360
16175,1360
16176,29
16177,1361
16178,29
16179,29
16180,29
16181,29
16182,1
16183,1362
16184,1
16185,1
16186,5
16187,1363
16188,1364
16189,21
16190,1365
16191,21
16192,21
16193,1366
16194,1367
16195,1368
16196,1369
16197,1369
16198,1370
16199,13
16200,1371
16201,1372
16202,1372
16203,1372
16204,1373
16205,1373
16206,1373
16207,1373
16208,1
16209,1
16210,1
16211,1
16212,1
16213,1
16214,1374
16215,1375
16216,1375
16217,1376
16218,1376
16219,1376
16220,57
16221,1377
16222,57
16223,57
16224,1378
16225,57
16226,20
16227,20
16228,1379
16229,20
16230,20
16231,12
16232,12
16233,12
16234,12
16235,12
16236,1380
16237,1381
16238,1381
16239,1381
16240,1381
16241,1381
16242,731
16243,1382
16244,1383
16245,1383
16246,1384
16247,1384
16248,1384
16249,1384
16250,16
16251,1385
16252,16
16253,36
16254,36
16255,36
16256,1386
16257,36
16258,1387
16259,36
16260,1388
16261,1389
16262,1390
16263,3
16264,1391
16265,1391
16266,1391
16267,1391
16268,1391
16269,1392
16270,1392
16271,1392
16272,1392
16273,1392
16274,1393
16275,14
16276,1394
16277,1395
16278,1395
16279,1395
16280,1395
16281,1395
16282,1395
16283,1396
16284,1396
16285,1396
16286,1397
16287,1397
16288,1398
16289,1398
16290,1399
16291,782
16292,782
16293,782
16294,782
16295,782
16296,1400
16297,1400
16298,1400
16299,1401
16300,1401
16301,1402
16302,1403
16303,1404
16304,1405
16305,1405
16306,23
16307,1406
16308,23
16309,1407
16310,1408
16311,23
16312,23
16313,1409
16314,10
16315,1410
16316,10
16317,10
16318,10
16319,1411
16320,1411
16321,1411
16322,1412
16323,1412
16324,1412
16325,1412
16326,1413
16327,1413
16328,1413
16329,1413
16330,3
16331,3
16332,3
16333,3
16334,3
16335,1414
16336,1415
16337,1416
16338,1416
16339,1417
16340,1417
16341,1417
16342,1417
16343,1418
16344,1419
16345,1419
16346,1419
16347,1419
16348,1419
16349,1419
16350,1419
16351,1419
16352,1420
16353,1420
16354,1420
16355,1421
16356,57
16357,57
16358,57
16359,57
16360,1422
16361,1423
16362,1423
16363,1423
16364,1423
16365,1423
16366,1423
16367,1424
16368,1424
16369,1424
16370,1424
16371,1425
16372,1425
16373,1425
16374,1425
16375,1426
16376,1426
16377,1427
16378,1427
16379,1427
16380,1428
16381,1428
16382,1428
16383,1428
16384,1429
16385,1430
16386,16
16387,16
16388,16
16389,16
16390,16
16391,16
16392,16
16393,1431
16394,1431
16395,1431
16396,1431
16397,1431
16398,1432
16399,1433
16400,1434
16401,1435
16402,1436
16403,1437
16404,1438
16405,1439
16406,1440
16407,1441
16408,1442
16409,1443
16410,1444
16411,1445
16412,1446
16413,1447
16414,1448
16415,1449
16416,1450
16417,1451
16418,1452
16419,1453
16420,1454
16421,1455
16422,1456
16423,1457
16424,1458
16425,1459
16426,1460
16427,1461
16428,1462
16429,1463
16430,1464
16431,1465
16432,1466
16433,1467
16434,1468
16435,1469
16436,1470
16437,1471
16438,1472
16439,1473
16440,1474
16441,1475
16442,1476
16443,1477
16444,1478
16445,1479
16446,1480
16447,1481
16448,1482
16449,1483
16450,1484
16451,1485
16452,1486
16453,1487
16454,1488
16455,1489
16456,1490
16457,1491
16458,1492
16459,1493
16460,1494
16461,1495
16462,1496
16463,1497
16464,1498
16465,1499
16466,1500
16467,1501
16468,1502
16469,1503
16470,1504
16471,1505
16472,1506
16473,1507
16474,1508
16475,1509
16476,1510
16477,1511
16478,1512
16479,1513
16480,1514
16481,1515
16482,1516
16483,1517
16484,1518
16485,1519
16486,1520
16487,1521
16488,1522
16489,1523
16490,1524
16491,1525
16492,1526
16493,1527
16494,1528
16495,1529
16496,1530
16497,1531
16498,1532
16499,1533
16500,1534
16501,1535
16502,1536
16503,1537
16504,1538
16505,1539
16506,1540
16507,1541
16508,1542
16509,1543
16510,1544
16511,1545
16512,1546
16513,1547
16514,1548
16515,1549
16516,1550
16517,1551
16518,1552
16519,1553
16520,1554
16521,1555
16522,1556
16523,1557
16524,1558
16525,1559
16526,1560
16527,1561
16528,1562
16529,1563
16530,1564
16531,1565
16532,1566
16533,1567
16534,1568
16535,1569
16536,1570
16537,1571
16538,1572
16539,1573
16540,1574
16541,1575
16542,1576
16543,1577
16544,1578
16545,1579
16546,1580
16547,1581
16548,1582
16549,1583
16550,1584
16551,1585
16552,1586
16553,1587
16554,1588
16555,1589
16556,1590
16557,1591
16558,1592
16559,1593
16560,1594
16561,1595
16562,1596
16563,1597
16564,1598
16565,1599
16566,1600
16567,1601
16568,1602
16569,1603
16570,1604
16571,1605
16572,1606
16573,1607
16574,1608
16575,1609
16576,1610
16577,1611
16578,1612
16579,1613
16580,1614
16581,1615
16582,1616
16583,1617
16584,1618
16585,1619
16586,1620
16587,1621
16588,1622
16589,1623
16590,1624
16591,1625
16592,1626
16593,1627
16594,1628
16595,1629
16596,1630
16597,1631
16598,1632
16599,1633
16600,1634
16601,1635
16602,1636
16603,1637
16604,1638
16605,1639
16606,1640
16607,1641
16608,1642
16609,1643
16610,1644
16611,1645
16612,1646
16613,1647
16614,1648
16615,1649
16616,1650
16617,1651
16618,1652
16619,1653
16620,1654
16621,1655
16622,1656
16623,1657
16624,1658
16625,1659
16626,1660
16627,1661
16628,1662
16629,1663
16630,1664
16631,1665
16632,1666
16633,1667
16634,1668
16635,1669
16636,1670
16637,1671
16638,1672
16639,1673
16640,1674
16641,1675
16642,1676
16643,1677
16644,1678
16645,1679
16646,1680
16647,1681
16648,1682
16649,1683
16650,1684
16651,1685
16652,1686
16653,1687
16654,1688
16655,1689
16656,1690
16657,1691
16658,1692
16659,1693
16660,1694
16661,1695
16662,1696
16663,1697
16664,1698
16665,1699
16666,1700
16667,1701
16668,1702
16669,1703
16670,1704
16671,1705
16672,1706
16673,1707
16674,1708
16675,1709
16676,1710
16677,1711
16678,1712
16679,1713
16680,1714
16681,1715
16682,1716
16683,1717
16684,1718
16685,1719
16686,1720
16687,1721
16688,1722
16689,1723
16690,1724
16691,1725
16692,1726
16693,1727
16694,1728
16695,1729
16696,1730
16697,1731
16698,1732
16699,1733
16700,1734
16701,1735
16702,1736
16703,1737
16704,1738
16705,1739
16706,1740
16707,1741
16708,1742
16709,1743
16710,1744
16711,1745
16712,1746
16713,1747
16714,1748
16715,1749
16716,1750
16717,1751
16718,1752
16719,1753
16720,1754
16721,1755
16722,1756
16723,1757
16724,1758
16725,1759
16726,1760
16727,1761
16728,1762
16729,1763
16730,1764
16731,1765
16732,1766
16733,1767
16734,1768
16735,1769
16736,1770
16737,1771
16738,1772
16739,1773
16740,1774
16741,1775
16742,1776
16743,1777
16744,1778
16745,1779
16746,1780
16747,1781
16748,1782
16749,1783
16750,1784
16751,1785
16752,1786
16753,1787
16754,1788
16755,1789
16756,1790
16757,1791
16758,1792
16759,1793
16760,1794
16761,1795
16762,1796
16763,1797
16764,1798
16765,1799
16766,1800
16767,1801
16768,1802
16769,1803
16770,1804
16771,1805
16772,1806
16773,1807
16774,1808
16775,1809
16776,1810
16777,1811
16778,1812
16779,1813
16780,1814
16781,1815
16782,1816
16783,1817
16784,1818
16785,1819
16786,1820
16787,1821
16788,1822
16789,1823
16790,1824
16791,1825
16792,1826
16793,1827
16794,1828
16795,1829
16796,1830
16797,1831
16798,1832
16799,1833
16800,1834
16801,1835
16802,1836
16803,1837
16804,1838
16805,1839
16806,1840
16807,1841
16808,1842
16809,1843
16810,1844
16811,1845
16812,1846
16813,1847
16814,1848
16815,1849
16816,1850
16817,1851
16818,1852
16819,1853
16820,1854
16821,1855
16822,1856
16823,1857
16824,1858
16825,1859
16826,1860
16827,1861
16828,1862
16829,1863
16830,1864
16831,1865
16832,1866
16833,1867
16834,1868
16835,1869
16836,1870
16837,1871
16838,1872
16839,1873
16840,1874
16841,1875
16842,1876
16843,1877
16844,1878
16845,1879
16846,1880
16847,1881
16848,1882
16849,1883
16850,1884
16851,1885
16852,1886
16853,1887
16854,1888
16855,1889
16856,1890
16857,1891
16858,1892
16859,1893
16860,1894
16861,1895
16862,1896
16863,1897
16864,1898
16865,1899
16866,1900
16867,1901
16868,1902
16869,1903
16870,1904
16871,1905
16872,1906
16873,1907
16874,1908
16875,1909
16876,1910
16877,1911
16878,1912
16879,1913
16880,1914
16881,1915
16882,1916
16883,1917
16884,1918
16885,1919
16886,1920
16887,1921
16888,1922
16889,1923
16890,1924
16891,1925
16892,1926
16893,1927
16894,1928
16895,1929
16896,1930
16897,1931
16898,1932
16899,1933
16900,1934
16901,1935
16902,1936
16903,1937
16904,1938
16905,1939
16906,1940
16907,1941
16908,1942
16909,1943
16910,1944
16911,1945
16912,1946
16913,1947
16914,1948
16915,1949
16916,1950
16917,1951
16918,1952
16919,1953
16920,1954
16921,1955
16922,1956
16923,1957
16924,1958
16925,1959
16926,1960
16927,1961
16928,1962
16929,1963
16930,1964
16931,1965
16932,1966
16933,1967
16934,1968
16935,1969
16936,1970
16937,1971
16938,1972
16939,1973
16940,1974
16941,1975
16942,1976
16943,1977
16944,1978
16945,1979
16946,1980
16947,1981
16948,1982
16949,1983
16950,1984
16951,1985
16952,1986
16953,1987
16954,1988
16955,1989
16956,1990
16957,1991
16958,1992
16959,1993
16960,1994
16961,1995
16962,1996
16963,1997
16964,1998
16965,1999
16966,2000
16967,2001
16968,2002
16969,2003
16970,2004
16971,2005
16972,2006
16973,2007
16974,2008
16975,2009
16976,2010
16977,2011
16978,2012
16979,2013
16980,2014
16981,2015
16982,2016
16983,2017
16984,2018
16985,2019
16986,2020
16987,2021
16988,2022
16989,2023
16990,2024
16991,2025
16992,2026
16993,2027
16994,2028
16995,2029
16996,2030
16997,2031
16998,2032
16999,2033
17000,2034
17001,2035
17002,2036
17003,2037
17004,2038
17005,2039
17006,2040
17007,2041
17008,2042
17009,2043
17010,2044
17011,2045
17012,2046
17013,2047
17014,2048
17015,2049
17016,2050
17017,2051
17018,2052
17019,2053
17020,2054
17021,2055
17022,2056
17023,2057
17024,2058
17025,2059
17026,2060
17027,2061
17028,2062
17029,2063
17030,2064
17031,2065
17032,2066
17033,2067
17034,2068
17035,2069
17036,2070
17037,2071
17038,2072
17039,2073
17040,2074
17041,2075
17042,2076
17043,2077
17044,2078
17045,2079
17046,2080
17047,2081
17048,2082
17049,2083
17050,2084
17051,2085
17052,2086
17053,2087
17054,2088
17055,2089
17056,2090
17057,2091
17058,2092
17059,2093
17060,2094
17061,2095
17062,2096
17063,2097
17064,2098
17065,2099
17066,2100
17067,2101
17068,2102
17069,2103
17070,2104
17071,2105
17072,2106
17073,2107
17074,2108
17075,2109
17076,2110
17077,2111
17078,2112
17079,2113
17080,2114
17081,2115
17082,2116
17083,2117
17084,2118
17085,2119
17086,2120
17087,2121
17088,2122
17089,2123
17090,2124
17091,2125
17092,2126
17093,2127
17094,2128
17095,2129
17096,2130
17097,2131
17098,2132
17099,2133
17100,2134
17101,2135
17102,2136
17103,2137
17104,2138
17105,2139
17106,2140
17107,2141
17108,2142
17109,2143
17110,2144
17111,2145
17112,2146
17113,2147
17114,2148
17115,2149
17116,2150
17117,2151
17118,2152
17119,2153
17120,2154
17121,2155
17122,2156
17123,2157
17124,2158
17125,2159
17126,2160
17127,2161
17128,2162
17129,2163
17130,2164
17131,2165
17132,2166
17133,2167
17134,2168
17135,2169
17136,2170
17137,2171
17138,2172
17139,2173
17140,2174
17141,2175
17142,2176
17143,2177
17144,2178
17145,2179
17146,2180
17147,2181
17148,2182
17149,2183
17150,2184
17151,2185
17152,2186
17153,2187
17154,2188
17155,2189
17156,2190
17157,2191
17158,2192
17159,2193
17160,2194
17161,2195
17162,2196
17163,2197
17164,2198
17165,2199
17166,2200
17167,2201
17168,2202
17169,2203
17170,2204
17171,2205
17172,2206
17173,2207
17174,2208
17175,2209
17176,2210
17177,2211
17178,2212
17179,2213
17180,2214
17181,2215
17182,2216
17183,2217
17184,2218
17185,2219
17186,2220
17187,2221
17188,2222
17189,2223
17190,2224
17191,2225
17192,2226
17193,2227
17194,2228
17195,2229
17196,2230
17197,2231
17198,2232
17199,2233
17200,2234
17201,2235
17202,2236
17203,2237
17204,2238
17205,2239
17206,2240
17207,2241
17208,2242
17209,2243
17210,2244
17211,2245
17212,2246
17213,2247
17214,2248
17215,2249
17216,2250
17217,2251
17218,2252
17219,2253
17220,2254
17221,2255
17222,2256
17223,2257
17224,2258
17225,2259
17226,2260
17227,2261
17228,2262
17229,2263
17230,2264
17231,2265
17232,2266
17233,2267
17234,2268
17235,2269
17236,2270
17237,2271
17238,2272
17239,2273
17240,2274
17241,2275
17242,2276
17243,2277
17244,2278
17245,2279
17246,2280
17247,2281
17248,2282
17249,2283
17250,2284
17251,2285
17252,2286
17253,2287
17254,2288
17255,2289
17256,2290
17257,2291
17258,2292
17259,2293
17260,2294
17261,2295
17262,2296
17263,2297
17264,2298
17265,2299
17266,2300
17267,2301
17268,2302
17269,2303
17270,2304
17271,2305
17272,2306
17273,2307
17274,2308
17275,2309
17276,2310
17277,2311
17278,2312
17279,2313
17280,2314
17281,2315
17282,2316
17283,2317
17284,2318
17285,2319
17286,2320
17287,2321
17288,2322
17289,2323
17290,2324
17291,2325
17292,2326
17293,2327
17294,2328
17295,2329
17296,2330
17297,2331
17298,2332
17299,2333
17300,2334
17301,2335
17302,2336
17303,2337
17304,2338
17305,2339
17306,2340
17307,2341
17308,2342
17309,2343
17310,2344
17311,2345
17312,2346
17313,2347
17314,2348
17315,2349
17316,2350
17317,2351
17318,2352
17319,2353
17320,2354
17321,2355
17322,2356
17323,2357
17324,2358
17325,2359
17326,2360
17327,2361
17328,2362
17329,2363
17330,2364
17331,2365
17332,2366
17333,2367
17334,2368
17335,2369
17336,2370
17337,2371
17338,2372
17339,2373
17340,2374
17341,2375
17342,2376
17343,2377
17344,2378
17345,2379
17346,2380
17347,2381
17348,2382
17349,2383
17350,2384
17351,2385
17352,2386
17353,2387
17354,2388
17355,2389
17356,2390
17357,2391
17358,2392
17359,2393
17360,2394
17361,2395
17362,2396
17363,2397
17364,2398
17365,2399
17366,2400
17367,2401
17368,2402
17369,2403
17370,2404
17371,2405
17372,2406
17373,2407
17374,2408
17375,2409
17376,2410
17377,2411
17378,2412
17379,2413
17380,2414
17381,2415
17382,2416
17383,2417
17384,2418
17385,2419
17386,2420
17387,2421
17388,2422
17389,2423
17390,2424
17391,2425
17392,2426
17393,2427
17394,2428
17395,2429
17396,2430
17397,2431
17398,2432
17399,2433
17400,2434
17401,2435
17402,2436
17403,2437
17404,2438
17405,2439
17406,2440
17407,2441
17408,2442
17409,2443
17410,2444
17411,2445
17412,2446
17413,2447
17414,2448
17415,2449
17416,2450
17417,2451
17418,2452
17419,2453
17420,2454
17421,2455
17422,2456
17423,2457
17424,2458
17425,2459
17426,2460
17427,2461
17428,2462
17429,2463
17430,2464
17431,2465
17432,2466
17433,2467
17434,2468
17435,2469
17436,2470
17437,2471
17438,2472
17439,2473
17440,2474
17441,2475
17442,2476
17443,2477
17444,2478
17445,2479
17446,2480
17447,2481
17448,2482
17449,2483
17450,2484
17451,2485
17452,2486
17453,2487
17454,2488
17455,2489
17456,2490
17457,2491
17458,2492
17459,2493
17460,2494
17461,2495
17462,2496
17463,2497
17464,2498
17465,2499
17466,2500
17467,2501
17468,2502
17469,2503
17470,2504
17471,2505
17472,2506
17473,2507
17474,2508
17475,2509
17476,2510
17477,2511
17478,2512
17479,2513
17480,2514
17481,2515
17482,2516
17483,2517
17484,2518
17485,2519
17486,2520
17487,2521
17488,2522
17489,2523
17490,2524
17491,2525
17492,2526
17493,2527
17494,2528
17495,2529
17496,2530
17497,2531
17498,2532
17499,2533
17500,2534
17501,2535
17502,2536
17503,2537
17504,2538
17505,2539
17506,2540
17507,2541
17508,2542
17509,2543
17510,2544
17511,2545
17512,2546
17513,2547
17514,2548
17515,2549
17516,2550
17517,2551
17518,2552
17519,2553
17520,2554
17521,2555
17522,2556
17523,2557
17524,2558
17525,2559
17526,2560
17527,2561
17528,2562
17529,2563
17530,2564
17531,2565
17532,2566
17533,2567
17534,2568
17535,2569
17536,2570
17537,2571
17538,2572
17539,2573
17540,2574
17541,2575
17542,2576
17543,2577
17544,2578
17545,2579
17546,2580
17547,2581
17548,2582
17549,2583
17550,2584
17551,2585
17552,2586
17553,2587
17554,2588
17555,2589
17556,2590
17557,2591
17558,2592
17559,2593
17560,2594
17561,2595
17562,2596
17563,2597
17564,2598
17565,2599
17566,2600
17567,2601
17568,2602
17569,2603
17570,2604
17571,2605
17572,2606
17573,2607
17574,2608
17575,2609
17576,2610
17577,2611
17578,2612
17579,2613
17580,2614
17581,2615
17582,2616
17583,2617
17584,2618
17585,2619
17586,2620
17587,2621
17588,2622
17589,2623
17590,2624
17591,2625
17592,2626
17593,2627
17594,2628
17595,2629
17596,2630
17597,2631
17598,2632
17599,2633
17600,2634
17601,2635
17602,2636
17603,2637
17604,2638
17605,2639
17606,2640
17607,2641
17608,2642
17609,2643
17610,2644
17611,2645
17612,2646
17613,2647
17614,2648
17615,2649
17616,2650
17617,2651
17618,2652
17619,2653
17620,2654
17621,2655
17622,2656
17623,2657
17624,2658
17625,2659
17626,2660
17627,2661
17628,2662
17629,2663
17630,2664
17631,2665
17632,2666
17633,2667
17634,2668
17635,2669
17636,2670
17637,2671
17638,2672
17639,2673
17640,2674
17641,2675
17642,2676
17643,2677
17644,2678
17645,2679
17646,2680
17647,2681
17648,2682
17649,2683
17650,2684
17651,2685
17652,2686
17653,2687
17654,2688
17655,2689
17656,2690
17657,2691
17658,2692
17659,2693
17660,2694
17661,2695
17662,2696
17663,2697
17664,2698
17665,2699
17666,2700
17667,2701
17668,2702
17669,2703
17670,2704
17671,2705
17672,2706
17673,2707
17674,2708
17675,2709
17676,2710
17677,2711
17678,2712
17679,2713
17680,2714
17681,2715
17682,2716
17683,2717
17684,2718
17685,2719
17686,2720
17687,2721
17688,2722
17689,2723
17690,2724
17691,2725
17692,2726
17693,2727
17694,2728
17695,2729
17696,2730
17697,2731
17698,2732
17699,2733
17700,2734
17701,2735
17702,2736
17703,2737
17704,2738
17705,2739
17706,2740
17707,2741
17708,2742
17709,2743
17710,2744
17711,2745
17712,2746
17713,2747
17714,2748
17715,2749
17716,2750
17717,2751
17718,2752
17719,2753
17720,2754
17721,2755
17722,2756
17723,2757
17724,2758
17725,2759
17726,2760
17727,2761
17728,2762
17729,2763
17730,2764
17731,2765
17732,2766
17733,2767
17734,2768
17735,2769
17736,2770
17737,2771
17738,2772
17739,2773
17740,2774
17741,2775
17742,2776
17743,2777
17744,2778
17745,2779
17746,2780
17747,2781
17748,2782
17749,2783
17750,2784
17751,2785
17752,2786
17753,2787
17754,2788
17755,2789
17756,2790
17757,2791
17758,2792
17759,2793
17760,2794
17761,2795
17762,2796
17763,2797
17764,2798
17765,2799
17766,2800
17767,2801
17768,2802
17769,2803
17770,2804
17771,2805
17772,2806
17773,2807
17774,2808
17775,2809
17776,2810
17777,2811
17778,2812
17779,2813
17780,2814
17781,2815
17782,2816
17783,2817
17784,2818
17785,2819
17786,2820
17787,2821
17788,2822
17789,2823
17790,2824
17791,2825
17792,2826
17793,2827
17794,2828
17795,2829
17796,2830
17797,2831
17798,2832
17799,2833
17800,2834
17801,2835
17802,2836
17803,2837
17804,2838
17805,2839
17806,2840
17807,2841
17808,2842
17809,2843
17810,2844
17811,2845
17812,2846
17813,2847
17814,2848
17815,2849
17816,2850
17817,2851
17818,2852
17819,2853
17820,2854
17821,2855
17822,2856
17823,2857
17824,2858
17825,2859
17826,2860
17827,2861
17828,2862
17829,2863
17830,2864
17831,2865
17832,2866
17833,2867
17834,2868
17835,2869
17836,2870
17837,2871
17838,2872
17839,2873
17840,2874
17841,2875
17842,2876
17843,2877
17844,2878
17845,2879
17846,2880
17847,2881
17848,2882
17849,2883
17850,2884
17851,2885
17852,2886
17853,2887
17854,2888
17855,2889
17856,2890
17857,2891
17858,2892
17859,2893
17860,2894
17861,2895
17862,2896
17863,2897
17864,2898
17865,2899
17866,2900
17867,2901
17868,2902
17869,2903
17870,2904
17871,2905
17872,2906
17873,2907
17874,2908
17875,2909
17876,2910
17877,2911
17878,2912
17879,2913
17880,2914
17881,2915
17882,2916
17883,2917
17884,2918
17885,2919
17886,2920
17887,2921
17888,2922
17889,2923
17890,2924
17891,2925
17892,2926
17893,2927
17894,2928
17895,2929
17896,2930
17897,2931
17898,2932
17899,2933
17900,2934
17901,2935
17902,2936
17903,2937
17904,2938
17905,2939
17906,2940
17907,2941
17908,2942
17909,2943
17910,2944
17911,2945
17912,2946
17913,2947
17914,2948
17915,2949
17916,2950
17917,2951
17918,2952
17919,2953
17920,2954
17921,2955
17922,2956
17923,2957
17924,2958
17925,2959
17926,2960
17927,2961
17928,2962
17929,2963
17930,2964
17931,2965
17932,2966
17933,2967
17934,2968
17935,2969
17936,2970
17937,2971
17938,2972
17939,2973
17940,2974
17941,2975
17942,2976
17943,2977
17944,2978
17945,2979
17946,2980
17947,2981
17948,2982
17949,2983
17950,2984
17951,2985
17952,2986
17953,2987
17954,2988
17955,2989
17956,2990
17957,2991
17958,2992
17959,2993
17960,2994
17961,2995
17962,2996
17963,2997
17964,2998
17965,2999
17966,3000
17967,3001
17968,3002
17969,3003
17970,3004
17971,3005
17972,3006
17973,3007
17974,3008
17975,3009
17976,3010
17977,3011
17978,3012
17979,3013
17980,3014
17981,3015
17982,3016
17983,3017
17984,3018
17985,3019
17986,3020
17987,3021
17988,3022
17989,3023
17990,3024
17991,3025
17992,3026
17993,3027
17994,3028
17995,3029
17996,3030
17997,3031
17998,3032
17999,3033
18000,3034
18001,3035
18002,3036
18003,3037
18004,3038
18005,3039
18006,3040
18007,3041
18008,3042
18009,3043
18010,3044
18011,3045
18012,3046
18013,3047
18014,3048
18015,3049
18016,3050
18017,3051
18018,3052
18019,3053
18020,3054
18021,3055
18022,3056
18023,3057
18024,3058
18025,3059
18026,3060
18027,3061
18028,3062
18029,3063
18030,3064
18031,3065
18032,3066
18033,3067
18034,3068
18035,3069
18036,3070
18037,3071
18038,3072
18039,3073
18040,3074
18041,3075
18042,3076
18043,3077
18044,3078
18045,3079
18046,3080
18047,3081
18048,3082
18049,3083
18050,3084
18051,3085
18052,3086
18053,3087
18054,3088
18055,3089
18056,3090
18057,3091
18058,3092
18059,3093
18060,3094
18061,3095
18062,3096
18063,3097
18064,3098
18065,3099
18066,3100
18067,3101
18068,3102
18069,3103
18070,3104
18071,3105
18072,3106
18073,3107
18074,3108
18075,3109
18076,3110
18077,3111
18078,3112
18079,3113
18080,3114
18081,3115
18082,3116
18083,3117
18084,3118
18085,3119
18086,3120
18087,3121
18088,3122
18089,3123
18090,3124
18091,3125
18092,3126
18093,3127
18094,3128
18095,3129
18096,3130
18097,3131
18098,3132
18099,3133
18100,3134
18101,3135
18102,3136
18103,3137
18104,3138
18105,3139
18106,3140
18107,3141
18108,3142
18109,3143
18110,3144
18111,3145
18112,3146
18113,3147
18114,3148
18115,3149
18116,3150
18117,3151
18118,3152
18119,3153
18120,3154
18121,3155
18122,3156
18123,3157
18124,3158
18125,3159
18126,3160
18127,3161
18128,3162
18129,3163
18130,3164
18131,3165
18132,3166
18133,3167
18134,3168
18135,3169
18136,3170
18137,3171
18138,3172
18139,3173
18140,3174
18141,3175
18142,3176
18143,3177
18144,3178
18145,3179
18146,3180
18147,3181
18148,3182
18149,3183
18150,3184
18151,3185
18152,3186
18153,3187
18154,3188
18155,3189
18156,3190
18157,3191
18158,3192
18159,3193
18160,3194
18161,3195
18162,3196
18163,3197
18164,3198
18165,3199
18166,3200
18167,3201
18168,3202
18169,3203
18170,3204
18171,3205
18172,3206
18173,3207
18174,3208
18175,3209
18176,3210
18177,3211
18178,3212
18179,3213
18180,3214
18181,3215
18182,3216
18183,3217
18184,3218
18185,3219
18186,3220
18187,3221
18188,3222
18189,3223
18190,3224
18191,3225
18192,3226
18193,3227
18194,3228
18195,3229
18196,3230
18197,3231
18198,3232
18199,3233
18200,3234
18201,3235
18202,3236
18203,3237
18204,3238
18205,3239
18206,3240
18207,3241
18208,3242
18209,3243
18210,3244
18211,3245
18212,3246
18213,3247
18214,3248
18215,3249
18216,3250
18217,3251
18218,3252
18219,3253
18220,3254
18221,3255
18222,3256
18223,3257
18224,3258
18225,3259
18226,3260
18227,3261
18228,3262
18229,3263
18230,3264
18231,3265
18232,3266
18233,3267
18234,3268
18235,3269
18236,3270
18237,3271
18238,3272
18239,3273
18240,3274
18241,3275
18242,3276
18243,3277
18244,3278
18245,3279
18246,3280
18247,3281
18248,3282
18249,3283
18250,3284
18251,3285
18252,3286
18253,3287
18254,3288
18255,3289
18256,3290
18257,3291
18258,3292
18259,3293
18260,3294
18261,3295
18262,3296
18263,3297
18264,3298
18265,3299
18266,3300
18267,3301
18268,3302
18269,3303
18270,3304
18271,3305
18272,3306
18273,3307
18274,3308
18275,3309
18276,3310
18277,3311
18278,3312
18279,3313
18280,3314
18281,3315
18282,3316
18283,3317
18284,3318
18285,3319
18286,3320
18287,3321
18288,3322
18289,3323
18290,3324
18291,3325
18292,3326
18293,3327
18294,3328
18295,3329
18296,3330
18297,3331
18298,3332
18299,3333
18300,3334
18301,3335
18302,3336
18303,3337
18304,3338
18305,3339
18306,3340
18307,3341
18308,3342
18309,3343
18310,3344
18311,3345
18312,3346
18313,3347
18314,3348
18315,3349
18316,3350
18317,3351
18318,3352
18319,3353
18320,3354
18321,3355
18322,3356
18323,3357
18324,3358
18325,3359
18326,3360
18327,3361
18328,3362
18329,3363
18330,3364
18331,3365
18332,3366
18333,3367
18334,3368
18335,3369
18336,3370
18337,3371
18338,3372
18339,3373
18340,3374
18341,3375
18342,3376
18343,3377
18344,3378
18345,3379
18346,3380
18347,3381
18348,3382
18349,3383
18350,3384
18351,3385
18352,3386
18353,3387
18354,3388
18355,3389
18356,3390
18357,3391
18358,3392
18359,3393
18360,3394
18361,3395
18362,3396
18363,3397
18364,3398
18365,3399
18366,3400
18367,3401
18368,3402
18369,3403
18370,3404
18371,3405
18372,3406
18373,3407
18374,3408
18375,3409
18376,3410
18377,3411
18378,3412
18379,3413
18380,3414
18381,3415
18382,3416
18383,3417
18384,3418
18385,3419
18386,3420
18387,3421
18388,3422
18389,3423
18390,3424
18391,3425
18392,3426
18393,3427
18394,3428
18395,3429
18396,3430
18397,3431
18398,3432
18399,3433
18400,3434
18401,3435
18402,3436
18403,3437
18404,3438
18405,3439
18406,3440
18407,3441
18408,3442
18409,3443
18410,3444
18411,3445
18412,3446
18413,3447
18414,3448
18415,3449
18416,3450
18417,3451
18418,3452
18419,3453
18420,3454
18421,3455
18422,3456
18423,3457
18424,3458
18425,3459
18426,3460
18427,3461
18428,3462
18429,3463
18430,3464
18431,3465
18432,3466
18433,3467
18434,3468
18435,3469
18436,3470
18437,3471
18438,3472
18439,3473
18440,3474
18441,3475
18442,3476
18443,3477
18444,3478
18445,3479
18446,3480
18447,3481
18448,3482
18449,3483
18450,3484
18451,3485
18452,3486
18453,3487
18454,3488
18455,3489
18456,3490
18457,3491
18458,3492
18459,3493
18460,3494
18461,3495
18462,3496
18463,3497
18464,3498
18465,3499
18466,3500
18467,3501
18468,3502
18469,3503
18470,3504
18471,3505
18472,3506
18473,3507
18474,3508
18475,3509
18476,3510
18477,3511
18478,3512
18479,3513
18480,3514
18481,3515
18482,3516
18483,3517
18484,3518
18485,3519
18486,3520
18487,3521
18488,3522
18489,3523
18490,3524
18491,3525
18492,3526
18493,3527
18494,3528
18495,3529
18496,3530
18497,3531
18498,3532
18499,3533
18500,3534
18501,3535
18502,3536
18503,3537
18504,3538
18505,3539
18506,3540
18507,3541
18508,3542
18509,3543
18510,3544
18511,3545
18512,3546
18513,3547
18514,3548
18515,3549
18516,3550
18517,3551
18518,3552
18519,3553
18520,3554
18521,3555
18522,3556
18523,3557
18524,3558
18525,3559
18526,3560
18527,3561
18528,3562
18529,3563
18530,3564
18531,3565
18532,3566
18533,3567
18534,3568
18535,3569
18536,3570
18537,3571
18538,3572
18539,3573
18540,3574
18541,3575
18542,3576
18543,3577
18544,3578
18545,3579
18546,3580
18547,3581
18548,3582
18549,3583
18550,3584
18551,3585
18552,3586
18553,3587
18554,3588
18555,3589
18556,3590
18557,3591
18558,3592
18559,3593
18560,3594
18561,3595
18562,3596
18563,3597
18564,3598
18565,3599
18566,3600
18567,3601
18568,3602
18569,3603
18570,3604
18571,3605
18572,3606
18573,3607
18574,3608
18575,3609
18576,3610
18577,3611
18578,3612
18579,3613
18580,3614
18581,3615
18582,3616
18583,3617
18584,3618
18585,3619
18586,3620
18587,3621
18588,3622
18589,3623
18590,3624
18591,3625
18592,3626
18593,3627
18594,3628
18595,3629
18596,3630
18597,3631
18598,3632
18599,3633
18600,3634
18601,3635
18602,3636
18603,3637
18604,3638
18605,3639
18606,3640
18607,3641
18608,3642
18609,3643
18610,3644
18611,3645
18612,3646
18613,3647
18614,3648
18615,3649
18616,3650
18617,3651
18618,3652
18619,3653
18620,3654
18621,3655
18622,3656
18623,3657
18624,3658
18625,3659
18626,3660
18627,3661
18628,3662
18629,3663
18630,3664
18631,3665
18632,3666
18633,3667
18634,3668
18635,3669
18636,3670
18637,3671
18638,3672
18639,3673
18640,3674
18641,3675
18642,3676
18643,3677
18644,3678
18645,3679
18646,3680
18647,3681
18648,3682
18649,3683
18650,3684
18651,3685
18652,3686
18653,3687
18654,3688
18655,3689
18656,3690
18657,3691
18658,3692
18659,3693
18660,3694
18661,3695
18662,3696
18663,3697
18664,3698
18665,3699
18666,3700
18667,3701
18668,3702
18669,3703
18670,3704
18671,3705
18672,3706
18673,3707
18674,3708
18675,3709
18676,3710
18677,3711
18678,3712
18679,3713
18680,3714
18681,3715
18682,3716
18683,3717
18684,3718
18685,3719
18686,3720
18687,3721
18688,3722
18689,3723
18690,3724
18691,3725
18692,3726
18693,3727
18694,3728
18695,3729
18696,3730
18697,3731
18698,3732
18699,3733
18700,3734
18701,3735
18702,3736
18703,3737
18704,3738
18705,3739
18706,3740
18707,3741
18708,3742
18709,3743
18710,3744
18711,3745
18712,3746
18713,3747
18714,3748
18715,3749
18716,3750
18717,3751
18718,3752
18719,3753
18720,3754
18721,3755
18722,3756
18723,3757
18724,3758
18725,3759
18726,3760
18727,3761
18728,3762
18729,3763
18730,3764
18731,3765
18732,3766
18733,3767
18734,3768
18735,3769
18736,3770
18737,3771
18738,3772
18739,3773
18740,3774
18741,3775
18742,3776
18743,3777
18744,3778
18745,3779
18746,3780
18747,3781
18748,3782
18749,3783
18750,3784
18751,3785
18752,3786
18753,3787
18754,3788
18755,3789
18756,3790
18757,3791
18758,3792
18759,3793
18760,3794
18761,3795
18762,3796
18763,3797
18764,3798
18765,3799
18766,3800
18767,3801
18768,3802
18769,3803
18770,3804
18771,3805
18772,3806
18773,3807
18774,3808
18775,3809
18776,3810
18777,3811
18778,3812
18779,3813
18780,3814
18781,3815
18782,3816
18783,3817
18784,3818
18785,3819
18786,3820
18787,3821
18788,3822
18789,3823
18790,3824
18791,3825
18792,3826
18793,3827
18794,3828
18795,3829
18796,3830
18797,3831
18798,3832
18799,3833
18800,3834
18801,3835
18802,3836
18803,3837
18804,3838
18805,3839
18806,3840
18807,3841
18808,3842
18809,3843
18810,3844
18811,3845
18812,3846
18813,3847
18814,3848
18815,3849
18816,3850
18817,3851
18818,3852
18819,3853
18820,3854
18821,3855
18822,3856
18823,3857
18824,3858
18825,3859
18826,3860
18827,3861
18828,3862
18829,3863
18830,3864
18831,3865
18832,3866
18833,3867
18834,3868
18835,3869
18836,3870
18837,3871
18838,3872
18839,3873
18840,3874
18841,3875
18842,3876
18843,3877
18844,3878
18845,3879
18846,3880
18847,3881
18848,3882
18849,3883
18850,3884
18851,3885
18852,3886
18853,3887
18854,3888
18855,3889
18856,3890
18857,3891
18858,3892
18859,3893
18860,3894
18861,3895
18862,3896
18863,3897
18864,3898
18865,3899
18866,3900
18867,3901
18868,3902
18869,3903
18870,3904
18871,3905
18872,3906
18873,3907
18874,3908
18875,3909
18876,3910
18877,3911
18878,3912
18879,3913
18880,3914
18881,3915
18882,3916
18883,3917
18884,3918
18885,3919
18886,3920
18887,3921
18888,3922
18889,3923
18890,3924
18891,3925
18892,3926
18893,3927
18894,3928
18895,3929
18896,3930
18897,3931
18898,3932
18899,3933
18900,3934
18901,3935
18902,3936
18903,3937
18904,3938
18905,3939
18906,3940
18907,3941
18908,3942
18909,3943
18910,3944
18911,3945
18912,3946
18913,3947
18914,3948
18915,3949
18916,3950
18917,3951
18918,3952
18919,3953
18920,3954
18921,3955
18922,3956
18923,3957
18924,3958
18925,3959
18926,3960
18927,3961
18928,3962
18929,3963
18930,3964
18931,3965
18932,3966
18933,3967
18934,3968
18935,3969
18936,3970
18937,3971
18938,3972
18939,3973
18940,3974
18941,3975
18942,3976
18943,3977
18944,3978
18945,3979
18946,3980
18947,3981
18948,3982
18949,3983
18950,3984
18951,3985
18952,3986
18953,3987
18954,3988
18955,3989
18956,3990
18957,3991
18958,3992
18959,3993
18960,3994
18961,3995
18962,3996
18963,3997
18964,3998
18965,3999
18966,4000
18967,4001
18968,4002
18969,4003
18970,4004
18971,4005
18972,4006
18973,4007
18974,4008
18975,4009
18976,4010
18977,4011
18978,4012
18979,4013
18980,4014
18981,4015
18982,4016
18983,4017
18984,4018
18985,4019
18986,4020
18987,4021
18988,4022
18989,4023
18990,4024
18991,4025
18992,4026
18993,4027
18994,4028
18995,4029
18996,4030
18997,4031
18998,4032
18999,4033
19000,4034
19001,4035
19002,4036
19003,4037
19004,4038
19005,4039
19006,4040
19007,4041
19008,4042
19009,4043
19010,4044
19011,4045
19012,4046
19013,4047
19014,4048
19015,4049
19016,4050
19017,4051
19018,4052
19019,4053
19020,4054
19021,4055
19022,4056
19023,4057
19024,4058
19025,4059
19026,4060
19027,4061
19028,4062
19029,4063
19030,4064
19031,4065
19032,4066
19033,4067
19034,4068
19035,4069
19036,4070
19037,4071
19038,4072
19039,4073
19040,4074
19041,4075
19042,4076
19043,4077
19044,4078
19045,4079
19046,4080
19047,4081
19048,4082
19049,4083
19050,4084
19051,4085
19052,4086
19053,4087
19054,4088
19055,4089
19056,4090
19057,4091
19058,4092
19059,4093
19060,4094
19061,4095
19062,4096
19063,4097
19064,4098
19065,4099
19066,4100
19067,4101
19068,4102
19069,4103
19070,4104
19071,4105
19072,4106
19073,4107
19074,4108
19075,4109
19076,4110
19077,4111
19078,4112
19079,4113
19080,4114
19081,4115
19082,4116
19083,4117
19084,4118
19085,4119
19086,4120
19087,4121
19088,4122
19089,4123
19090,4124
19091,4125
19092,4126
19093,4127
19094,4128
19095,4129
19096,4130
19097,4131
19098,4132
19099,4133
19100,4134
19101,4135
19102,4136
19103,4137
19104,4138
19105,4139
19106,4140
19107,4141
19108,4142
19109,4143
19110,4144
19111,4145
19112,4146
19113,4147
19114,4148
19115,4149
19116,4150
19117,4151
19118,4152
19119,4153
19120,4154
19121,4155
19122,4156
19123,4157
19124,4158
19125,4159
19126,4160
19127,4161
19128,4162
19129,4163
19130,4164
19131,4165
19132,4166
19133,4167
19134,4168
19135,4169
19136,4170
19137,4171
19138,4172
19139,4173
19140,4174
19141,4175
19142,4176
19143,4177
19144,4178
19145,4179
19146,4180
19147,4181
19148,4182
19149,4183
19150,4184
19151,4185
19152,4186
19153,4187
19154,4188
19155,4189
19156,4190
19157,4191
19158,4192
19159,4193
19160,4194
19161,4195
19162,4196
19163,4197
19164,4198
19165,4199
19166,4200
19167,4201
19168,4202
19169,4203
19170,4204
19171,4205
19172,4206
19173,4207
19174,4208
19175,4209
19176,4210
19177,4211
19178,4212
19179,4213
19180,4214
19181,4215
19182,4216
19183,4217
19184,4218
19185,4219
19186,4220
19187,4221
19188,4222
19189,4223
19190,4224
19191,4225
19192,4226
19193,4227
19194,4228
19195,4229
19196,4230
19197,4231
19198,4232
19199,4233
19200,4234
19201,4235
19202,4236
19203,4237
19204,4238
19205,4239
19206,4240
19207,4241
19208,4242
19209,4243
19210,4244
19211,4245
19212,4246
19213,4247
19214,4248
19215,4249
19216,4250
19217,4251
19218,4252
19219,4253
19220,4254
19221,4255
19222,4256
19223,4257
19224,4258
19225,4259
19226,4260
19227,4261
19228,4262
19229,4263
19230,4264
19231,4265
19232,4266
19233,4267
19234,4268
19235,4269
19236,4270
19237,4271
19238,4272
19239,4273
19240,4274
19241,4275
19242,4276
19243,4277
19244,4278
19245,4279
19246,4280
19247,4281
19248,4282
19249,4283
19250,4284
19251,4285
19252,4286
19253,4287
19254,4288
19255,4289
19256,4290
19257,4291
19258,4292
19259,4293
19260,4294
19261,4295
19262,4296
19263,4297
19264,4298
19265,4299
19266,4300
19267,4301
19268,4302
19269,4303
19270,4304
19271,4305
19272,4306
19273,4307
19274,4308
19275,4309
19276,4310
19277,4311
19278,4312
19279,4313
19280,4314
19281,4315
19282,4316
19283,4317
19284,4318
19285,4319
19286,4320
19287,4321
19288,4322
19289,4323
19290,4324
19291,4325
19292,4326
19293,4327
19294,4328
19295,4329
19296,4330
19297,4331
19298,4332
19299,4333
19300,4334
19301,4335
19302,4336
19303,4337
19304,4338
19305,4339
19306,4340
19307,4341
19308,4342
19309,4343
19310,4344
19311,4345
19312,4346
19313,4347
19314,4348
19315,4349
19316,4350
19317,4351
19318,4352
19319,4353
19320,4354
19321,4355
19322,4356
19323,4357
19324,4358
19325,4359
19326,4360
19327,4361
19328,4362
19329,4363
19330,4364
19331,4365
19332,4366
19333,4367
19334,4368
19335,4369
19336,4370
19337,4371
19338,4372
19339,4373
19340,4374
19341,4375
19342,4376
19343,4377
19344,4378
19345,4379
19346,4380
19347,4381
19348,4382
19349,4383
19350,4384
19351,4385
19352,4386
19353,4387
19354,4388
19355,4389
19356,4390
19357,4391
19358,4392
19359,4393
19360,4394
19361,4395
19362,4396
19363,4397
19364,4398
19365,4399
19366,4400
19367,4401
19368,4402
19369,4403
19370,4404
19371,4405
19372,4406
19373,4407
19374,4408
19375,4409
19376,4410
19377,4411
19378,4412
19379,4413
19380,4414
19381,4415
19382,4416
19383,4417
19384,4418
19385,4419
19386,4420
19387,4421
19388,4422
19389,4423
19390,4424
19391,4425
19392,4426
19393,4427
19394,4428
19395,4429
19396,4430
19397,4431
19398,4432
19399,4433
19400,4434
19401,4435
19402,4436
19403,4437
19404,4438
19405,4439
19406,4440
19407,4441
19408,4442
19409,4443
19410,4444
19411,4445
19412,4446
19413,4447
19414,4448
19415,4449
19416,4450
19417,4451
19418,4452
19419,4453
19420,4454
19421,4455
19422,4456
19423,4457
19424,4458
19425,4459
19426,4460
19427,4461
19428,4462
19429,4463
19430,4464
19431,4465
19432,4466
19433,4467
19434,4468
19435,4469
19436,4470
19437,4471
19438,4472
19439,4473
19440,4474
19441,4475
19442,4476
19443,4477
19444,4478
19445,4479
19446,4480
19447,4481
19448,4482
19449,4483
19450,4484
19451,4485
19452,4486
19453,4487
19454,4488
19455,4489
19456,4490
19457,4491
19458,4492
19459,4493
19460,4494
19461,4495
19462,4496
19463,4497
19464,4498
19465,4499
19466,4500
19467,4501
19468,4502
19469,4503
19470,4504
19471,4505
19472,4506
19473,4507
19474,4508
19475,4509
19476,4510
19477,4511
19478,4512
19479,4513
19480,4514
19481,4515
19482,4516
19483,4517
19484,4518
19485,4519
19486,4520
19487,4521
19488,4522
19489,4523
19490,4524
19491,4525
19492,4526
19493,4527
19494,4528
19495,4529
19496,4530
19497,4531
19498,4532
19499,4533
19500,4534
19501,4535
19502,4536
19503,4537
19504,4538
19505,4539
19506,4540
19507,4541
19508,4542
19509,4543
19510,4544
19511,4545
19512,4546
19513,4547
19514,4548
19515,4549
19516,4550
19517,4551
19518,4552
19519,4553
19520,4554
19521,4555
19522,4556
19523,4557
19524,4558
19525,4559
19526,4560
19527,4561
19528,4562
19529,4563
19530,4564
19531,4565
19532,4566
19533,4567
19534,4568
19535,4569
19536,4570
19537,4571
19538,4572
19539,4573
19540,4574
19541,4575
19542,4576
19543,4577
19544,4578
19545,4579
19546,4580
19547,4581
19548,4582
19549,4583
19550,4584
19551,4585
19552,4586
19553,4587
19554,4588
19555,4589
19556,4590
19557,4591
19558,4592
19559,4593
19560,4594
19561,4595
19562,4596
19563,4597
19564,4598
19565,4599
19566,4600
19567,4601
19568,4602
19569,4603
19570,4604
19571,4605
19572,4606
19573,4607
19574,4608
19575,4609
19576,4610
19577,4611
19578,4612
19579,4613
19580,4614
19581,4615
19582,4616
19583,4617
19584,4618
19585,4619
19586,4620
19587,4621
19588,4622
19589,4623
19590,4624
19591,4625
19592,4626
19593,4627
19594,4628
19595,4629
19596,4630
19597,4631
19598,4632
19599,4633
19600,4634
19601,4635
19602,4636
19603,4637
19604,4638
19605,4639
19606,4640
19607,4641
19608,4642
19609,4643
19610,4644
19611,4645
19612,4646
19613,4647
19614,4648
19615,4649
19616,4650
19617,4651
19618,4652
19619,4653
19620,4654
19621,4655
19622,4656
19623,4657
19624,4658
19625,4659
19626,4660
19627,4661
19628,4662
19629,4663
19630,4664
19631,4665
19632,4666
19633,4667
19634,4668
19635,4669
19636,4670
19637,4671
19638,4672
19639,4673
19640,4674
19641,4675
19642,4676
19643,4677
19644,4678
19645,4679
19646,4680
19647,4681
19648,4682
19649,4683
19650,4684
19651,4685
19652,4686
19653,4687
19654,4688
19655,4689
19656,4690
19657,4691
19658,4692
19659,4693
19660,4694
19661,4695
19662,4696
19663,4697
19664,4698
19665,4699
19666,4700
19667,4701
19668,4702
19669,4703
19670,4704
19671,4705
19672,4706
19673,4707
19674,4708
19675,4709
19676,4710
19677,4711
19678,4712
19679,4713
19680,4714
19681,4715
19682,4716
19683,4717
19684,4718
19685,4719
19686,4720
19687,4721
19688,4722
19689,4723
19690,4724
19691,4725
19692,4726
19693,4727
19694,4728
19695,4729
19696,4730
19697,4731
19698,4732
19699,4733
19700,4734
19701,4735
19702,4736
19703,4737
19704,4738
19705,4739
19706,4740
19707,4741
19708,4742
19709,4743
19710,4744
19711,4745
19712,4746
19713,4747
19714,4748
19715,4749
19716,4750
19717,4751
19718,4752
19719,4753
19720,4754
19721,4755
19722,4756
19723,4757
19724,4758
19725,4759
19726,4760
19727,4761
19728,4762
19729,4763
19730,4764
19731,4765
19732,4766
19733,4767
19734,4768
19735,4769
19736,4770
19737,4771
19738,4772
19739,4773
19740,4774
19741,4775
19742,4776
19743,4777
19744,4778
19745,4779
19746,4780
19747,4781
19748,4782
19749,4783
19750,4784
19751,4785
19752,4786
19753,4787
19754,4788
19755,4789
19756,4790
19757,4791
19758,4792
19759,4793
19760,4794
19761,4795
19762,4796
19763,4797
19764,4798
19765,4799
19766,4800
19767,4801
19768,4802
19769,4803
19770,4804
19771,4805
19772,4806
19773,4807
19774,4808
19775,4809
19776,4810
19777,4811
19778,4812
19779,4813
19780,4814
19781,4815
19782,4816
19783,4817
19784,4818
19785,4819
19786,4820
19787,4821
19788,4822
19789,4823
19790,4824
19791,4825
19792,4826
19793,4827
19794,4828
19795,4829
19796,4830
19797,4831
19798,4832
19799,4833
19800,4834
19801,4835
19802,4836
19803,4837
19804,4838
19805,4839
19806,4840
19807,4841
19808,4842
19809,4843
19810,4844
19811,4845
19812,4846
19813,4847
19814,4848
19815,4849
19816,4850
19817,4851
19818,4852
19819,4853
19820,4854
19821,4855
19822,4856
19823,4857
19824,4858
19825,4859
19826,4860
19827,4861
19828,4862
19829,4863
19830,4864
19831,4865
19832,4866
19833,4867
19834,4868
19835,4869
19836,4870
19837,4871
19838,4872
19839,4873
19840,4874
19841,4875
19842,4876
19843,4877
19844,4878
19845,4879
19846,4880
19847,4881
19848,4882
19849,4883
19850,4884
19851,4885
19852,4886
19853,4887
19854,4888
19855,4889
19856,4890
19857,4891
19858,4892
19859,4893
19860,4894
19861,4895
19862,4896
19863,4897
19864,4898
19865,4899
19866,4900
19867,4901
19868,4902
19869,4903
19870,4904
19871,4905
19872,4906
19873,4907
19874,4908
19875,4909
19876,4910
19877,4911
19878,4912
19879,4913
19880,4914
19881,4915
19882,4916
19883,4917
19884,4918
19885,4919
19886,4920
19887,4921
19888,4922
19889,4923
19890,4924
19891,4925
19892,4926
19893,4927
19894,4928
19895,4929
19896,4930
19897,4931
19898,4932
19899,4933
19900,4934
19901,4935
19902,4936
19903,4937
19904,4938
19905,4939
19906,4940
19907,4941
19908,4942
19909,4943
19910,4944
19911,4945
19912,4946
19913,4947
19914,4948
19915,4949
19916,4950
19917,4951
19918,4952
19919,4953
19920,4954
19921,4955
19922,4956
19923,4957
19924,4958
19925,4959
19926,4960
19927,4961
19928,4962
19929,4963
19930,4964
19931,4965
19932,4966
19933,4967
19934,4968
19935,4969
19936,4970
19937,4971
19938,4972
19939,4973
19940,4974
19941,4975
19942,4976
19943,4977
19944,4978
19945,4979
19946,4980
19947,4981
19948,4982
19949,4983
19950,4984
19951,4985
19952,4986
19953,4987
19954,4988
19955,4989
19956,4990
19957,4991
19958,4992
19959,4993
19960,4994
19961,4995
19962,4996
19963,4997
19964,4998
19965,4999
19966,5000
19967,5001
19968,5002
19969,5003
19970,5004
19971,5005
19972,5006
19973,5007
19974,5008
19975,5009
19976,5010
19977,5011
19978,5012
19979,5013
19980,5014
19981,5015
19982,5016
19983,5017
19984,5018
19985,5019
19986,5020
19987,5021
19988,5022
19989,5023
19990,5024
19991,5025
19992,5026
19993,5027
19994,5028
19995,5029
19996,5030
19997,5031
19998,5032
19999,5033
20000,5034
20001,5035
20002,5036
20003,5037
20004,5038
20005,5039
20006,5040
20007,5041
20008,5042
20009,5043
20010,5044
20011,5045
20012,5046
20013,5047
20014,5048
20015,5049
20016,5050
20017,5051
20018,5052
20019,5053
20020,5054
20021,5055
20022,5056
20023,5057
20024,5058
20025,5059
20026,5060
20027,5061
20028,5062
20029,5063
20030,5064
20031,5065
20032,5066
20033,5067
20034,5068
20035,5069
20036,5070
20037,5071
20038,5072
20039,5073
20040,5074
20041,5075
20042,5076
20043,5077
20044,5078
20045,5079
20046,5080
20047,5081
20048,5082
20049,5083
20050,5084
20051,5085
20052,5086
20053,5087
20054,5088
20055,5089
20056,5090
20057,5091
20058,5092
20059,5093
20060,5094
20061,5095
20062,5096
20063,5097
20064,5098
20065,5099
20066,5100
20067,5101
20068,5102
20069,5103
20070,5104
20071,5105
20072,5106
20073,5107
20074,5108
20075,5109
20076,5110
20077,5111
20078,5112
20079,5113
20080,5114
20081,5115
20082,5116
20083,5117
20084,5118
20085,5119
20086,5120
20087,5121
20088,5122
20089,5123
20090,5124
20091,5125
20092,5126
20093,5127
20094,5128
20095,5129
20096,5130
20097,5131
20098,5132
20099,5133
20100,5134
20101,5135
20102,5136
20103,5137
20104,5138
20105,5139
20106,5140
20107,5141
20108,5142
20109,5143
20110,5144
20111,5145
20112,5146
20113,5147
20114,5148
20115,5149
20116,5150
20117,5151
20118,5152
20119,5153
20120,5154
20121,5155
20122,5156
20123,5157
20124,5158
20125,5159
20126,5160
20127,5161
20128,5162
20129,5163
20130,5164
20131,5165
20132,5166
20133,5167
20134,5168
20135,5169
20136,5170
20137,5171
20138,5172
20139,5173
20140,5174
20141,5175
20142,5176
20143,5177
20144,5178
20145,5179
20146,5180
20147,5181
20148,5182
20149,5183
20150,5184
20151,5185
20152,5186
20153,5187
20154,5188
20155,5189
20156,5190
20157,5191
20158,5192
20159,5193
20160,5194
20161,5195
20162,5196
20163,5197
20164,5198
20165,5199
20166,5200
20167,5201
20168,5202
20169,5203
20170,5204
20171,5205
20172,5206
20173,5207
20174,5208
20175,5209
20176,5210
20177,5211
20178,5212
20179,5213
20180,5214
20181,5215
20182,5216
20183,5217
20184,5218
20185,5219
20186,5220
20187,5221
20188,5222
20189,5223
20190,5224
20191,5225
20192,5226
20193,5227
20194,5228
20195,5229
20196,5230
20197,5231
20198,5232
20199,5233
20200,5234
20201,5235
20202,5236
20203,5237
20204,5238
20205,5239
20206,5240
20207,5241
20208,5242
20209,5243
20210,5244
20211,5245
20212,5246
20213,5247
20214,5248
20215,5249
20216,5250
20217,5251
20218,5252
20219,5253
20220,5254
20221,5255
20222,5256
20223,5257
20224,5258
20225,5259
20226,5260
20227,5261
20228,5262
20229,5263
20230,5264
20231,5265
20232,5266
20233,5267
20234,5268
20235,5269
20236,5270
20237,5271
20238,5272
20239,5273
20240,5274
20241,5275
20242,5276
20243,5277
20244,5278
20245,5279
20246,5280
20247,5281
20248,5282
20249,5283
20250,5284
20251,5285
20252,5286
20253,5287
20254,5288
20255,5289
20256,5290
20257,5291
20258,5292
20259,5293
20260,5294
20261,5295
20262,5296
20263,5297
20264,5298
20265,5299
20266,5300
20267,5301
20268,5302
20269,5303
20270,5304
20271,5305
20272,5306
20273,5307
20274,5308
20275,5309
20276,5310
20277,5311
20278,5312
20279,5313
20280,5314
20281,5315
20282,5316
20283,5317
20284,5318
20285,5319
20286,5320
20287,5321
20288,5322
20289,5323
20290,5324
20291,5325
20292,5326
20293,5327
20294,5328
20295,5329
20296,5330
20297,5331
20298,5332
20299,5333
20300,5334
20301,5335
20302,5336
20303,5337
20304,5338
20305,5339
20306,5340
20307,5341
20308,5342
20309,5343
20310,5344
20311,5345
20312,5346
20313,5347
20314,5348
20315,5349
20316,5350
20317,5351
20318,5352
20319,5353
20320,5354
20321,5355
20322,5356
20323,5357
20324,5358
20325,5359
20326,5360
20327,5361
20328,5362
20329,5363
20330,5364
20331,5365
20332,5366
20333,5367
20334,5368
20335,5369
20336,5370
20337,5371
20338,5372
20339,5373
20340,5374
20341,5375
20342,5376
20343,5377
20344,5378
20345,5379
20346,5380
20347,5381
20348,5382
20349,5383
20350,5384
20351,5385
20352,5386
20353,5387
20354,5388
20355,5389
20356,5390
20357,5391
20358,5392
20359,5393
20360,5394
20361,5395
20362,5396
20363,5397
20364,5398
20365,5399
20366,5400
20367,5401
20368,5402
20369,5403
20370,5404
20371,5405
20372,5406
20373,5407
20374,5408
20375,5409
20376,5410
20377,5411
20378,5412
20379,5413
20380,5414
20381,5415
20382,5416
20383,5417
20384,5418
20385,5419
20386,5420
20387,5421
20388,5422
20389,5423
20390,5424
20391,5425
20392,5426
20393,5427
20394,5428
20395,5429
20396,5430
20397,5431
20398,5432
20399,5433
20400,5434
20401,5435
20402,5436
20403,5437
20404,5438
20405,5439
20406,5440
20407,5441
20408,5442
20409,5443
20410,5444
20411,5445
20412,5446
20413,5447
20414,5448
20415,5449
20416,5450
20417,5451
20418,5452
20419,5453
20420,5454
20421,5455
20422,5456
20423,5457
20424,5458
20425,5459
20426,5460
20427,5461
20428,5462
20429,5463
20430,5464
20431,5465
20432,5466
20433,5467
20434,5468
20435,5469
20436,5470
20437,5471
20438,5472
20439,5473
20440,5474
20441,5475
20442,5476
20443,5477
20444,5478
20445,5479
20446,5480
20447,5481
20448,5482
20449,5483
20450,5484
20451,5485
20452,5486
20453,5487
20454,5488
20455,5489
20456,5490
20457,5491
20458,5492
20459,5493
20460,5494
20461,5495
20462,5496
20463,5497
20464,5498
20465,5499
20466,5500
20467,5501
20468,5502
20469,5503
20470,5504
20471,5505
20472,5506
20473,5507
20474,5508
20475,5509
20476,5510
20477,5511
20478,5512
20479,5513
20480,5514
20481,5515
20482,5516
20483,5517
20484,5518
20485,5519
20486,5520
20487,5521
20488,5522
20489,5523
20490,5524
20491,5525
20492,5526
20493,5527
20494,5528
20495,5529
20496,5530
20497,5531
20498,5532
20499,5533
20500,5534
20501,5535
20502,5536
20503,5537
20504,5538
20505,5539
20506,5540
20507,5541
20508,5542
20509,5543
20510,5544
20511,5545
20512,5546
20513,5547
20514,5548
20515,5549
20516,5550
20517,5551
20518,5552
20519,5553
20520,5554
20521,5555
20522,5556
20523,5557
20524,5558
20525,5559
20526,5560
20527,5561
20528,5562
20529,5563
20530,5564
20531,5565
20532,5566
20533,5567
20534,5568
20535,5569
20536,5570
20537,5571
20538,5572
20539,5573
20540,5574
20541,5575
20542,5576
20543,5577
20544,5578
20545,5579
20546,5580
20547,5581
20548,5582
20549,5583
20550,5584
20551,5585
20552,5586
20553,5587
20554,5588
20555,5589
20556,5590
20557,5591
20558,5592
20559,5593
20560,5594
20561,5595
20562,5596
20563,5597
20564,5598
20565,5599
20566,5600
20567,5601
20568,5602
20569,5603
20570,5604
20571,5605
20572,5606
20573,5607
20574,5608
20575,5609
20576,5610
20577,5611
20578,5612
20579,5613
20580,5614
20581,5615
20582,5616
20583,5617
20584,5618
20585,5619
20586,5620
20587,5621
20588,5622
20589,5623
20590,5624
20591,5625
20592,5626
20593,5627
20594,5628
20595,5629
20596,5630
20597,5631
20598,5632
20599,5633
20600,5634
20601,5635
20602,5636
20603,5637
20604,5638
20605,5639
20606,5640
20607,5641
20608,5642
20609,5643
20610,5644
20611,5645
20612,5646
20613,5647
20614,5648
20615,5649
20616,5650
20617,5651
20618,5652
20619,5653
20620,5654
20621,5655
20622,5656
20623,5657
20624,5658
20625,5659
20626,5660
20627,5661
20628,5662
20629,5663
20630,5664
20631,5665
20632,5666
20633,5667
20634,5668
20635,5669
20636,5670
20637,5671
20638,5672
20639,5673
20640,5674
20641,5675
20642,5676
20643,5677
20644,5678
20645,5679
20646,5680
20647,5681
20648,5682
20649,5683
20650,5684
20651,5685
20652,5686
20653,5687
20654,5688
20655,5689
20656,5690
20657,5691
20658,5692
20659,5693
20660,5694
20661,5695
20662,5696
20663,5697
20664,5698
20665,5699
20666,5700
20667,5701
20668,5702
20669,5703
20670,5704
20671,5705
20672,5706
20673,5707
20674,5708
20675,5709
20676,5710
20677,5711
20678,5712
20679,5713
20680,5714
20681,5715
20682,5716
20683,5717
20684,5718
20685,5719
20686,5720
20687,5721
20688,5722
20689,5723
20690,5724
20691,5725
20692,5726
20693,5727
20694,5728
20695,5729
20696,5730
20697,5731
20698,5732
20699,5733
20700,5734
20701,5735
20702,5736
20703,5737
20704,5738
20705,5739
20706,5740
20707,5741
20708,5742
20709,5743
20710,5744
20711,5745
20712,5746
20713,5747
20714,5748
20715,5749
20716,5750
20717,5751
20718,5752
20719,5753
20720,5754
20721,5755
20722,5756
20723,5757
20724,5758
20725,5759
20726,5760
20727,5761
20728,5762
20729,5763
20730,5764
20731,5765
20732,5766
20733,5767
20734,5768
20735,5769
20736,5770
20737,5771
20738,5772
20739,5773
20740,5774
20741,5775
20742,5776
20743,5777
20744,5778
20745,5779
20746,5780
20747,5781
20748,5782
20749,5783
20750,5784
20751,5785
20752,5786
20753,5787
20754,5788
20755,5789
20756,5790
20757,5791
20758,5792
20759,5793
20760,5794
20761,5795
20762,5796
20763,5797
20764,5798
20765,5799
20766,5800
20767,5801
20768,5802
20769,5803
20770,5804
20771,5805
20772,5806
20773,5807
20774,5808
20775,5809
20776,5810
20777,5811
20778,5812
20779,5813
20780,5814
20781,5815
20782,5816
20783,5817
20784,5818
20785,5819
20786,5820
20787,5821
20788,5822
20789,5823
20790,5824
20791,5825
20792,5826
20793,5827
20794,5828
20795,5829
20796,5830
20797,5831
20798,5832
20799,5833
20800,5834
20801,5835
20802,5836
20803,5837
20804,5838
20805,5839
20806,5840
20807,5841
20808,5842
20809,5843
20810,5844
20811,5845
20812,5846
20813,5847
20814,5848
20815,5849
20816,5850
20817,5851
20818,5852
20819,5853
20820,5854
20821,5855
20822,5856
20823,5857
20824,5858
20825,5859
20826,5860
20827,5861
20828,5862
20829,5863
20830,5864
20831,5865
20832,5866
20833,5867
20834,5868
20835,5869
20836,5870
20837,5871
20838,5872
20839,5873
20840,5874
20841,5875
20842,5876
20843,5877
20844,5878
20845,5879
20846,5880
20847,5881
20848,5882
20849,5883
20850,5884
20851,5885
20852,5886
20853,5887
20854,5888
20855,5889
20856,5890
20857,5891
20858,5892
20859,5893
20860,5894
20861,5895
20862,5896
20863,5897
20864,5898
20865,5899
20866,5900
20867,5901
20868,5902
20869,5903
20870,5904
20871,5905
20872,5906
20873,5907
20874,5908
20875,5909
20876,5910
20877,5911
20878,5912
20879,5913
20880,5914
20881,5915
20882,5916
20883,5917
20884,5918
20885,5919
20886,5920
20887,5921
20888,5922
20889,5923
20890,5924
20891,5925
20892,5926
20893,5927
20894,5928
20895,5929
20896,5930
20897,5931
20898,5932
20899,5933
20900,5934
20901,5935
20902,5936
20903,5937
20904,5938
20905,5939
20906,5940
20907,5941
20908,5942
20909,5943
20910,5944
20911,5945
20912,5946
20913,5947
20914,5948
20915,5949
20916,5950
20917,5951
20918,5952
20919,5953
20920,5954
20921,5955
20922,5956
20923,5957
20924,5958
20925,5959
20926,5960
20927,5961
20928,5962
20929,5963
20930,5964
20931,5965
20932,5966
20933,5967
20934,5968
20935,5969
20936,5970
20937,5971
20938,5972
20939,5973
20940,5974
20941,5975
20942,5976
20943,5977
20944,5978
20945,5979
20946,5980
20947,5981
20948,5982
20949,5983
20950,5984
20951,5985
20952,5986
20953,5987
20954,5988
20955,5989
20956,5990
20957,5991
20958,5992
20959,5993
20960,5994
20961,5995
20962,5996
20963,5997
20964,5998
20965,5999
20966,6000
20967,6001
20968,6002
20969,6003
20970,6004
20971,6005
20972,6006
20973,6007
20974,6008
20975,6009
20976,6010
20977,6011
20978,6012
20979,6013
20980,6014
20981,6015
20982,6016
20983,6017
20984,6018
20985,6019
20986,6020
20987,6021
20988,6022
20989,6023
20990,6024
20991,6025
20992,6026
20993,6027
20994,6028
20995,6029
20996,6030
20997,6031
20998,6032
20999,6033
21000,6034
21001,6035
21002,6036
21003,6037
21004,6038
21005,6039
21006,6040
21007,6041
21008,6042
21009,6043
21010,6044
21011,6045
21012,6046
21013,6047
21014,6048
21015,6049
21016,6050
21017,6051
21018,6052
21019,6053
21020,6054
21021,6055
21022,6056
21023,6057
21024,6058
21025,6059
21026,6060
21027,6061
21028,6062
21029,6063
21030,6064
21031,6065
21032,6066
21033,6067
21034,6068
21035,6069
21036,6070
21037,6071
21038,6072
21039,6073
21040,6074
21041,6075
21042,6076
21043,6077
21044,6078
21045,6079
21046,6080
21047,6081
21048,6082
21049,6083
21050,6084
21051,6085
21052,6086
21053,6087
21054,6088
21055,6089
21056,6090
21057,6091
21058,6092
21059,6093
21060,6094
21061,6095
21062,6096
21063,6097
21064,6098
21065,6099
21066,6100
21067,6101
21068,6102
21069,6103
21070,6104
21071,6105
21072,6106
21073,6107
21074,6108
21075,6109
21076,6110
21077,6111
21078,6112
21079,6113
21080,6114
21081,6115
21082,6116
21083,6117
21084,6118
21085,6119
21086,6120
21087,6121
21088,6122
21089,6123
21090,6124
21091,6125
21092,6126
21093,6127
21094,6128
21095,6129
21096,6130
21097,6131
21098,6132
21099,6133
21100,6134
21101,6135
21102,6136
21103,6137
21104,6138
21105,6139
21106,6140
21107,6141
21108,6142
21109,6143
21110,6144
21111,6145
21112,6146
21113,6147
21114,6148
21115,6149
21116,6150
21117,6151
21118,6152
21119,6153
21120,6154
21121,6155
21122,6156
21123,6157
21124,6158
21125,6159
21126,6160
21127,6161
21128,6162
21129,6163
21130,6164
21131,6165
21132,6166
21133,6167
21134,6168
21135,6169
21136,6170
21137,6171
21138,6172
21139,6173
21140,6174
21141,6175
21142,6176
21143,6177
21144,6178
21145,6179
21146,6180
21147,6181
21148,6182
21149,6183
21150,6184
21151,6185
21152,6186
21153,6187
21154,6188
21155,6189
21156,6190
21157,6191
21158,6192
21159,6193
21160,6194
21161,6195
21162,6196
21163,6197
21164,6198
21165,6199
21166,6200
21167,6201
21168,6202
21169,6203
21170,6204
21171,6205
21172,6206
21173,6207
21174,6208
21175,6209
21176,6210
21177,6211
21178,6212
21179,6213
21180,6214
21181,6215
21182,6216
21183,6217
21184,6218
21185,6219
21186,6220
21187,6221
21188,6222
21189,6223
21190,6224
21191,6225
21192,6226
21193,6227
21194,6228
21195,6229
21196,6230
21197,6231
21198,6232
21199,6233
21200,6234
21201,6235
21202,6236
21203,6237
21204,6238
21205,6239
21206,6240
21207,6241
21208,6242
21209,6243
21210,6244
21211,6245
21212,6246
21213,6247
21214,6248
21215,6249
21216,6250
21217,6251
21218,6252
21219,6253
21220,6254
21221,6255
21222,6256
21223,6257
21224,6258
21225,6259
21226,6260
21227,6261
21228,6262
21229,6263
21230,6264
21231,6265
21232,6266
21233,6267
21234,6268
21235,6269
21236,6270
21237,6271
21238,6272
21239,6273
21240,6274
21241,6275
21242,6276
21243,6277
21244,6278
21245,6279
21246,6280
21247,6281
21248,6282
21249,6283
21250,6284
21251,6285
21252,6286
21253,6287
21254,6288
21255,6289
21256,6290
21257,6291
21258,6292
21259,6293
21260,6294
21261,6295
21262,6296
21263,6297
21264,6298
21265,6299
21266,6300
21267,6301
21268,6302
21269,6303
21270,6304
21271,6305
21272,6306
21273,6307
21274,6308
21275,6309
21276,6310
21277,6311
21278,6312
21279,6313
21280,6314
21281,6315
21282,6316
21283,6317
21284,6318
21285,6319
21286,6320
21287,6321
21288,6322
21289,6323
21290,6324
21291,6325
21292,6326
21293,6327
21294,6328
21295,6329
21296,6330
21297,6331
21298,6332
21299,6333
21300,6334
21301,6335
21302,6336
21303,6337
21304,6338
21305,6339
21306,6340
21307,6341
21308,6342
21309,6343
21310,6344
21311,6345
21312,6346
21313,6347
21314,6348
21315,6349
21316,6350
21317,6351
21318,6352
21319,6353
21320,6354
21321,6355
21322,6356
21323,6357
21324,6358
21325,6359
21326,6360
21327,6361
21328,6362
21329,6363
21330,6364
21331,6365
21332,6366
21333,6367
21334,6368
21335,6369
21336,6370
21337,6371
21338,6372
21339,6373
21340,6374
21341,6375
21342,6376
21343,6377
21344,6378
21345,6379
21346,6380
21347,6381
21348,6382
21349,6383
21350,6384
21351,6385
21352,6386
21353,6387
21354,6388
21355,6389
21356,6390
21357,6391
21358,6392
21359,6393
21360,6394
21361,6395
21362,6396
21363,6397
21364,6398
21365,6399
21366,6400
21367,6401
21368,6402
21369,6403
21370,6404
21371,6405
21372,6406
21373,6407
21374,6408
21375,6409
21376,6410
21377,6411
21378,6412
21379,6413
21380,6414
21381,6415
21382,6416
21383,6417
21384,6418
21385,6419
21386,6420
21387,6421
21388,6422
21389,6423
21390,6424
21391,6425
21392,6426
21393,6427
21394,6428
21395,6429
21396,6430
21397,6431
21398,6432
21399,6433
21400,6434
21401,6435
21402,6436
21403,6437
21404,6438
21405,6439
21406,6440
21407,6441
21408,6442
21409,6443
21410,6444
21411,6445
21412,6446
21413,6447
21414,6448
21415,6449
21416,6450
21417,6451
21418,6452
21419,6453
21420,6454
21421,6455
21422,6456
21423,6457
21424,6458
21425,6459
21426,6460
21427,6461
21428,6462
21429,6463
21430,6464
21431,6465
21432,6466
21433,6467
21434,6468
21435,6469
21436,6470
21437,6471
21438,6472
21439,6473
21440,6474
21441,6475
21442,6476
21443,6477
21444,6478
21445,6479
21446,6480
21447,6481
21448,6482
21449,6483
21450,6484
21451,6485
21452,6486
21453,6487
21454,6488
21455,6489
21456,6490
21457,6491
21458,6492
21459,6493
21460,6494
21461,6495
21462,6496
21463,6497
21464,6498
21465,6499
21466,6500
21467,6501
21468,6502
21469,6503
21470,6504
21471,6505
21472,6506
21473,6507
21474,6508
21475,6509
21476,6510
21477,6511
21478,6512
21479,6513
21480,6514
21481,6515
21482,6516
21483,6517
21484,6518
21485,6519
21486,6520
21487,6521
21488,6522
21489,6523
21490,6524
21491,6525
21492,6526
21493,6527
21494,6528
21495,6529
21496,6530
21497,6531
21498,6532
21499,6533
21500,6534
21501,6535
21502,6536
21503,6537
21504,6538
21505,6539
21506,6540
21507,6541
21508,6542
21509,6543
21510,6544
21511,6545
21512,6546
21513,6547
21514,6548
21515,6549
21516,6550
21517,6551
21518,6552
21519,6553
21520,6554
21521,6555
21522,6556
21523,6557
21524,6558
21525,6559
21526,6560
21527,6561
21528,6562
21529,6563
21530,6564
21531,6565
21532,6566
21533,6567
21534,6568
21535,6569
21536,6570
21537,6571
21538,6572
21539,6573
21540,6574
21541,6575
21542,6576
21543,6577
21544,6578
21545,6579
21546,6580
21547,6581
21548,6582
21549,6583
21550,6584
21551,6585
21552,6586
21553,6587
21554,6588
21555,6589
21556,6590
21557,6591
21558,6592
21559,6593
21560,6594
21561,6595
21562,6596
21563,6597
21564,6598
21565,6599
21566,6600
21567,6601
21568,6602
21569,6603
21570,6604
21571,6605
21572,6606
21573,6607
21574,6608
21575,6609
21576,6610
21577,6611
21578,6612
21579,6613
21580,6614
21581,6615
21582,6616
21583,6617
21584,6618
21585,6619
21586,6620
21587,6621
21588,6622
21589,6623
21590,6624
21591,6625
21592,6626
21593,6627
21594,6628
21595,6629
21596,6630
21597,6631
21598,6632
21599,6633
21600,6634
21601,6635
21602,6636
21603,6637
21604,6638
21605,6639
21606,6640
21607,6641
21608,6642
21609,6643
21610,6644
21611,6645
21612,6646
21613,6647
21614,6648
21615,6649
21616,6650
21617,6651
21618,6652
21619,6653
21620,6654
21621,6655
21622,6656
21623,6657
21624,6658
21625,6659
21626,6660
21627,6661
21628,6662
21629,6663
21630,6664
21631,6665
21632,6666
21633,6667
21634,6668
21635,6669
21636,6670
21637,6671
21638,6672
21639,6673
21640,6674
21641,6675
21642,6676
21643,6677
21644,6678
21645,6679
21646,6680
21647,6681
21648,6682
21649,6683
21650,6684
21651,6685
21652,6686
21653,6687
21654,6688
21655,6689
21656,6690
21657,6691
21658,6692
21659,6693
21660,6694
21661,6695
21662,6696
21663,6697
21664,6698
21665,6699
21666,6700
21667,6701
21668,6702
21669,6703
21670,6704
21671,6705
21672,6706
21673,6707
21674,6708
21675,6709
21676,6710
21677,6711
21678,6712
21679,6713
21680,6714
21681,6715
21682,6716
21683,6717
21684,6718
21685,6719
21686,6720
21687,6721
21688,6722
21689,6723
21690,6724
21691,6725
21692,6726
21693,6727
21694,6728
21695,6729
21696,6730
21697,6731
21698,6732
21699,6733
21700,6734
21701,6735
21702,6736
21703,6737
21704,6738
21705,6739
21706,6740
21707,6741
21708,6742
21709,6743
21710,6744
21711,6745
21712,6746
21713,6747
21714,6748
21715,6749
21716,6750
21717,6751
21718,6752
21719,6753
21720,6754
21721,6755
21722,6756
21723,6757
21724,6758
21725,6759
21726,6760
21727,6761
21728,6762
21729,6763
21730,6764
21731,6765
21732,6766
21733,6767
21734,6768
21735,6769
21736,6770
21737,6771
21738,6772
21739,6773
21740,6774
21741,6775
21742,6776
21743,6777
21744,6778
21745,6779
21746,6780
21747,6781
21748,6782
21749,6783
21750,6784
21751,6785
21752,6786
21753,6787
21754,6788
21755,6789
21756,6790
21757,6791
21758,6792
21759,6793
21760,6794
21761,6795
21762,6796
21763,6797
21764,6798
21765,6799
21766,6800
21767,6801
21768,6802
21769,6803
21770,6804
21771,6805
21772,6806
21773,6807
21774,6808
21775,6809
21776,6810
21777,6811
21778,6812
21779,6813
21780,6814
21781,6815
21782,6816
21783,6817
21784,6818
21785,6819
21786,6820
21787,6821
21788,6822
21789,6823
21790,6824
21791,6825
21792,6826
21793,6827
21794,6828
21795,6829
21796,6830
21797,6831
21798,6832
21799,6833
21800,6834
21801,6835
21802,6836
21803,6837
21804,6838
21805,6839
21806,6840
21807,6841
21808,6842
21809,6843
21810,6844
21811,6845
21812,6846
21813,6847
21814,6848
21815,6849
21816,6850
21817,6851
21818,6852
21819,6853
21820,6854
21821,6855
21822,6856
21823,6857
21824,6858
21825,6859
21826,6860
21827,6861
21828,6862
21829,6863
21830,6864
21831,6865
21832,6866
21833,6867
21834,6868
21835,6869
21836,6870
21837,6871
21838,6872
21839,6873
21840,6874
21841,6875
21842,6876
21843,6877
21844,6878
21845,6879
21846,6880
21847,6881
21848,6882
21849,6883
21850,6884
21851,6885
21852,6886
21853,6887
21854,6888
21855,6889
21856,6890
21857,6891
21858,6892
21859,6893
21860,6894
21861,6895
21862,6896
21863,6897
21864,6898
21865,6899
21866,6900
21867,6901
21868,6902
21869,6903
21870,6904
21871,6905
21872,6906
21873,6907
21874,6908
21875,6909
21876,6910
21877,6911
21878,6912
21879,6913
21880,6914
21881,6915
21882,6916
21883,6917
21884,6918
21885,6919
21886,6920
21887,6921
21888,6922
21889,6923
21890,6924
21891,6925
21892,6926
21893,6927
21894,6928
21895,6929
21896,6930
21897,6931
21898,6932
21899,6933
21900,6934
21901,6935
21902,6936
21903,6937
21904,6938
21905,6939
21906,6940
21907,6941
21908,6942
21909,6943
21910,6944
21911,6945
21912,6946
21913,6947
21914,6948
21915,6949
21916,6950
21917,6951
21918,6952
21919,6953
21920,6954
21921,6955
21922,6956
21923,6957
21924,6958
21925,6959
21926,6960
21927,6961
21928,6962
21929,6963
21930,6964
21931,6965
21932,6966
21933,6967
21934,6968
21935,6969
21936,6970
21937,6971
21938,6972
21939,6973
21940,6974
21941,6975
21942,6976
21943,6977
21944,6978
21945,6979
21946,6980
21947,6981
21948,6982
21949,6983
21950,6984
21951,6985
21952,6986
21953,6987
21954,6988
21955,6989
21956,6990
21957,6991
21958,6992
21959,6993
21960,6994
21961,6995
21962,6996
21963,6997
21964,6998
21965,6999
21966,7000
21967,7001
21968,7002
21969,7003
21970,7004
21971,7005
21972,7006
21973,7007
21974,7008
21975,7009
21976,7010
21977,7011
21978,7012
21979,7013
21980,7014
21981,7015
21982,7016
21983,7017
21984,7018
21985,7019
21986,7020
21987,7021
21988,7022
21989,7023
21990,7024
21991,7025
21992,7026
21993,7027
21994,7028
21995,7029
21996,7030
21997,7031
21998,7032
21999,7033
22000,7034
22001,7035
22002,7036
22003,7037
22004,7038
22005,7039
22006,7040
22007,7041
22008,7042
22009,7043
22010,7044
22011,7045
22012,7046
22013,7047
22014,7048
22015,7049
22016,7050
22017,7051
22018,7052
22019,7053
22020,7054
22021,7055
22022,7056
22023,7057
22024,7058
22025,7059
22026,7060
22027,7061
22028,7062
22029,7063
22030,7064
22031,7065
22032,7066
22033,7067
22034,7068
22035,7069
22036,7070
22037,7071
22038,7072
22039,7073
22040,7074
22041,7075
22042,7076
22043,7077
22044,7078
22045,7079
22046,7080
22047,7081
22048,7082
22049,7083
22050,7084
22051,7085
22052,7086
22053,7087
22054,7088
22055,7089
22056,7090
22057,7091
22058,7092
22059,7093
22060,7094
22061,7095
22062,7096
22063,7097
22064,7098
22065,7099
22066,7100
22067,7101
22068,7102
22069,7103
22070,7104
22071,7105
22072,7106
22073,7107
22074,7108
22075,7109
22076,7110
22077,7111
22078,7112
22079,7113
22080,7114
22081,7115
22082,7116
22083,7117
22084,7118
22085,7119
22086,7120
22087,7121
22088,7122
22089,7123
22090,7124
22091,7125
22092,7126
22093,7127
22094,7128
22095,7129
22096,7130
22097,7131
22098,7132
22099,7133
22100,7134
22101,7135
22102,7136
22103,7137
22104,7138
22105,7139
22106,7140
22107,7141
22108,7142
22109,7143
22110,7144
22111,7145
22112,7146
22113,7147
22114,7148
22115,7149
22116,7150
22117,7151
22118,7152
22119,7153
22120,7154
22121,7155
22122,7156
22123,7157
22124,7158
22125,7159
22126,7160
22127,7161
22128,7162
22129,7163
22130,7164
22131,7165
22132,7166
22133,7167
22134,7168
22135,7169
22136,7170
22137,7171
22138,7172
22139,7173
22140,7174
22141,7175
22142,7176
22143,7177
22144,7178
22145,7179
22146,7180
22147,7181
22148,7182
22149,7183
22150,7184
22151,7185
22152,7186
22153,7187
22154,7188
22155,7189
22156,7190
22157,7191
22158,7192
22159,7193
22160,7194
22161,7195
22162,7196
22163,7197
22164,7198
22165,7199
22166,7200
22167,7201
22168,7202
22169,7203
22170,7204
22171,7205
22172,7206
22173,7207
22174,7208
22175,7209
22176,7210
22177,7211
22178,7212
22179,7213
22180,7214
22181,7215
22182,7216
22183,7217
22184,7218
22185,7219
22186,7220
22187,7221
22188,7222
22189,7223
22190,7224
22191,7225
22192,7226
22193,7227
22194,7228
22195,7229
22196,7230
22197,7231
22198,7232
22199,7233
22200,7234
22201,7235
22202,7236
22203,7237
22204,7238
22205,7239
22206,7240
22207,7241
22208,7242
22209,7243
22210,7244
22211,7245
22212,7246
22213,7247
22214,7248
22215,7249
22216,7250
22217,7251
22218,7252
22219,7253
22220,7254
22221,7255
22222,7256
22223,7257
22224,7258
22225,7259
22226,7260
22227,7261
22228,7262
22229,7263
22230,7264
22231,7265
22232,7266
22233,7267
22234,7268
22235,7269
22236,7270
22237,7271
22238,7272
22239,7273
22240,7274
22241,7275
22242,7276
22243,7277
22244,7278
22245,7279
22246,7280
22247,7281
22248,7282
22249,7283
22250,7284
22251,7285
22252,7286
22253,7287
22254,7288
22255,7289
22256,7290
22257,7291
22258,7292
22259,7293
22260,7294
22261,7295
22262,7296
22263,7297
22264,7298
22265,7299
22266,7300
22267,7301
22268,7302
22269,7303
22270,7304
22271,7305
22272,7306
22273,7307
22274,7308
22275,7309
22276,7310
22277,7311
22278,7312
22279,7313
22280,7314
22281,7315
22282,7316
22283,7317
22284,7318
22285,7319
22286,7320
22287,7321
22288,7322
22289,7323
22290,7324
22291,7325
22292,7326
22293,7327
22294,7328
22295,7329
22296,7330
22297,7331
22298,7332
22299,7333
22300,7334
22301,7335
22302,7336
22303,7337
22304,7338
22305,7339
22306,7340
22307,7341
22308,7342
22309,7343
22310,7344
22311,7345
22312,7346
22313,7347
22314,7348
22315,7349
22316,7350
22317,7351
22318,7352
22319,7353
22320,7354
22321,7355
22322,7356
22323,7357
22324,7358
22325,7359
22326,7360
22327,7361
22328,7362
22329,7363
22330,7364
22331,7365
22332,7366
22333,7367
22334,7368
22335,7369
22336,7370
22337,7371
22338,7372
22339,7373
22340,7374
22341,7375
22342,7376
22343,7377
22344,7378
22345,7379
22346,7380
22347,7381
22348,7382
22349,7383
22350,7384
22351,7385
22352,7386
22353,7387
22354,7388
22355,7389
22356,7390
22357,7391
22358,7392
22359,7393
22360,7394
22361,7395
22362,7396
22363,7397
22364,7398
22365,7399
22366,7400
22367,7401
22368,7402
22369,7403
22370,7404
22371,7405
22372,7406
22373,7407
22374,7408
22375,7409
22376,7410
22377,7411
22378,7412
22379,7413
22380,7414
22381,7415
22382,7416
22383,7417
22384,7418
22385,7419
22386,7420
22387,7421
22388,7422
22389,7423
22390,7424
22391,7425
22392,7426
22393,7427
22394,7428
22395,7429
22396,7430
22397,7431
22398,7432
22399,7433
22400,7434
22401,7435
22402,7436
22403,7437
22404,7438
22405,7439
22406,7440
22407,7441
22408,7442
22409,7443
22410,7444
22411,7445
22412,7446
22413,7447
22414,7448
22415,7449
22416,7450
22417,7451
22418,7452
22419,7453
22420,7454
22421,7455
22422,7456
22423,7457
22424,7458
22425,7459
22426,7460
22427,7461
22428,7462
22429,7463
22430,7464
22431,7465
22432,7466
22433,7467
22434,7468
22435,7469
22436,7470
22437,7471
22438,7472
22439,7473
22440,7474
22441,7475
22442,7476
22443,7477
22444,7478
22445,7479
22446,7480
22447,7481
22448,7482
22449,7483
22450,7484
22451,7485
22452,7486
22453,7487
22454,7488
22455,7489
22456,7490
22457,7491
22458,7492
22459,7493
22460,7494
22461,7495
22462,7496
22463,7497
22464,7498
22465,7499
22466,7500
22467,7501
22468,7502
22469,7503
22470,7504
22471,7505
22472,7506
22473,7507
22474,7508
22475,7509
22476,7510
22477,7511
22478,7512
22479,7513
22480,7514
22481,7515
22482,7516
22483,7517
22484,7518
22485,7519
22486,7520
22487,7521
22488,7522
22489,7523
22490,7524
22491,7525
22492,7526
22493,7527
22494,7528
22495,7529
22496,7530
22497,7531
22498,7532
22499,7533
22500,7534
22501,7535
22502,7536
22503,7537
22504,7538
22505,7539
22506,7540
22507,7541
22508,7542
22509,7543
22510,7544
22511,7545
22512,7546
22513,7547
22514,7548
22515,7549
22516,7550
22517,7551
22518,7552
22519,7553
22520,7554
22521,7555
22522,7556
22523,7557
22524,7558
22525,7559
22526,7560
22527,7561
22528,7562
22529,7563
22530,7564
22531,7565
22532,7566
22533,7567
22534,7568
22535,7569
22536,7570
22537,7571
22538,7572
22539,7573
22540,7574
22541,7575
22542,7576
22543,7577
22544,7578
22545,7579
22546,7580
22547,7581
22548,7582
22549,7583
22550,7584
22551,7585
22552,7586
22553,7587
22554,7588
22555,7589
22556,7590
22557,7591
22558,7592
22559,7593
22560,7594
22561,7595
22562,7596
22563,7597
22564,7598
22565,7599
22566,7600
22567,7601
22568,7602
22569,7603
22570,7604
22571,7605
22572,7606
22573,7607
22574,7608
22575,7609
22576,7610
22577,7611
22578,7612
22579,7613
22580,7614
22581,7615
22582,7616
22583,7617
22584,7618
22585,7619
22586,7620
22587,7621
22588,7622
22589,7623
22590,7624
22591,7625
22592,7626
22593,7627
22594,7628
22595,7629
22596,7630
22597,7631
22598,7632
22599,7633
22600,7634
22601,7635
22602,7636
22603,7637
22604,7638
22605,7639
22606,7640
22607,7641
22608,7642
22609,7643
22610,7644
22611,7645
22612,7646
22613,7647
22614,7648
22615,7649
22616,7650
22617,7651
22618,7652
22619,7653
22620,7654
22621,7655
22622,7656
22623,7657
22624,7658
22625,7659
22626,7660
22627,7661
22628,7662
22629,7663
22630,7664
22631,7665
22632,7666
22633,7667
22634,7668
22635,7669
22636,7670
22637,7671
22638,7672
22639,7673
22640,7674
22641,7675
22642,7676
22643,7677
22644,7678
22645,7679
22646,7680
22647,7681
22648,7682
22649,7683
22650,7684
22651,7685
22652,7686
22653,7687
22654,7688
22655,7689
22656,7690
22657,7691
22658,7692
22659,7693
22660,7694
22661,7695
22662,7696
22663,7697
22664,7698
22665,7699
22666,7700
22667,7701
22668,7702
22669,7703
22670,7704
22671,7705
22672,7706
22673,7707
22674,7708
22675,7709
22676,7710
22677,7711
22678,7712
22679,7713
22680,7714
22681,7715
22682,7716
22683,7717
22684,7718
22685,7719
22686,7720
22687,7721
22688,7722
22689,7723
22690,7724
22691,7725
22692,7726
22693,7727
22694,7728
22695,7729
22696,7730
22697,7731
22698,7732
22699,7733
22700,7734
22701,7735
22702,7736
22703,7737
22704,7738
22705,7739
22706,7740
22707,7741
22708,7742
22709,7743
22710,7744
22711,7745
22712,7746
22713,7747
22714,7748
22715,7749
22716,7750
22717,7751
22718,7752
22719,7753
22720,7754
22721,7755
22722,7756
22723,7757
22724,7758
22725,7759
22726,7760
22727,7761
22728,7762
22729,7763
22730,7764
22731,7765
22732,7766
22733,7767
22734,7768
22735,7769
22736,7770
22737,7771
22738,7772
22739,7773
22740,7774
22741,7775
22742,7776
22743,7777
22744,7778
22745,7779
22746,7780
22747,7781
22748,7782
22749,7783
22750,7784
22751,7785
22752,7786
22753,7787
22754,7788
22755,7789
22756,7790
22757,7791
22758,7792
22759,7793
22760,7794
22761,7795
22762,7796
22763,7797
22764,7798
22765,7799
22766,7800
22767,7801
22768,7802
22769,7803
22770,7804
22771,7805
22772,7806
22773,7807
22774,7808
22775,7809
22776,7810
22777,7811
22778,7812
22779,7813
22780,7814
22781,7815
22782,7816
22783,7817
22784,7818
22785,7819
22786,7820
22787,7821
22788,7822
22789,7823
22790,7824
22791,7825
22792,7826
22793,7827
22794,7828
22795,7829
22796,7830
22797,7831
22798,7832
22799,7833
22800,7834
22801,7835
22802,7836
22803,7837
22804,7838
22805,7839
22806,7840
22807,7841
22808,7842
22809,7843
22810,7844
22811,7845
22812,7846
22813,7847
22814,7848
22815,7849
22816,7850
22817,7851
22818,7852
22819,7853
22820,7854
22821,7855
22822,7856
22823,7857
22824,7858
22825,7859
22826,7860
22827,7861
22828,7862
22829,7863
22830,7864
22831,7865
22832,7866
22833,7867
22834,7868
22835,7869
22836,7870
22837,7871
22838,7872
22839,7873
22840,7874
22841,7875
22842,7876
22843,7877
22844,7878
22845,7879
22846,7880
22847,7881
22848,7882
22849,7883
22850,7884
22851,7885
22852,7886
22853,7887
22854,7888
22855,7889
22856,7890
22857,7891
22858,7892
22859,7893
22860,7894
22861,7895
22862,7896
22863,7897
22864,7898
22865,7899
22866,7900
22867,7901
22868,7902
22869,7903
22870,7904
22871,7905
22872,7906
22873,7907
22874,7908
22875,7909
22876,7910
22877,7911
22878,7912
22879,7913
22880,7914
22881,7915
22882,7916
22883,7917
22884,7918
22885,7919
22886,7920
22887,7921
22888,7922
22889,7923
22890,7924
22891,7925
22892,7926
22893,7927
22894,7928
22895,7929
22896,7930
22897,7931
22898,7932
22899,7933
22900,7934
22901,7935
22902,7936
22903,7937
22904,7938
22905,7939
22906,7940
22907,7941
22908,7942
22909,7943
22910,7944
22911,7945
22912,7946
22913,7947
22914,7948
22915,7949
22916,7950
22917,7951
22918,7952
22919,7953
22920,7954
22921,7955
22922,7956
22923,7957
22924,7958
22925,7959
22926,7960
22927,7961
22928,7962
22929,7963
22930,7964
22931,7965
22932,7966
22933,7967
22934,7968
22935,7969
22936,7970
22937,7971
22938,7972
22939,7973
22940,7974
22941,7975
22942,7976
22943,7977
22944,7978
22945,7979
22946,7980
22947,7981
22948,7982
22949,7983
22950,7984
22951,7985
22952,7986
22953,7987
22954,7988
22955,7989
22956,7990
22957,7991
22958,7992
22959,7993
22960,7994
22961,7995
22962,7996
22963,7997
22964,7998
22965,7999
22966,8000
22967,8001
22968,8002
22969,8003
22970,8004
22971,8005
22972,8006
22973,8007
22974,8008
22975,8009
22976,8010
22977,8011
22978,8012
22979,8013
22980,8014
22981,8015
22982,8016
22983,8017
22984,8018
22985,8019
22986,8020
22987,8021
22988,8022
22989,8023
22990,8024
22991,8025
22992,8026
22993,8027
22994,8028
22995,8029
22996,8030
22997,8031
22998,8032
22999,8033
23000,8034
23001,8035
23002,8036
23003,8037
23004,8038
23005,8039
23006,8040
23007,8041
23008,8042
23009,8043
23010,8044
23011,8045
23012,8046
23013,8047
23014,8048
23015,8049
23016,8050
23017,8051
23018,8052
23019,8053
23020,8054
23021,8055
23022,8056
23023,8057
23024,8058
23025,8059
23026,8060
23027,8061
23028,8062
23029,8063
23030,8064
23031,8065
23032,8066
23033,8067
23034,8068
23035,8069
23036,8070
23037,8071
23038,8072
23039,8073
23040,8074
23041,8075
23042,8076
23043,8077
23044,8078
23045,8079
23046,8080
23047,8081
23048,8082
23049,8083
23050,8084
23051,8085
23052,8086
23053,8087
23054,8088
23055,8089
23056,8090
23057,8091
23058,8092
23059,8093
23060,8094
23061,8095
23062,8096
23063,8097
23064,8098
23065,8099
23066,8100
23067,8101
23068,8102
23069,8103
23070,8104
23071,8105
23072,8106
23073,8107
23074,8108
23075,8109
23076,8110
23077,8111
23078,8112
23079,8113
23080,8114
23081,8115
23082,8116
23083,8117
23084,8118
23085,8119
23086,8120
23087,8121
23088,8122
23089,8123
23090,8124
23091,8125
23092,8126
23093,8127
23094,8128
23095,8129
23096,8130
23097,8131
23098,8132
23099,8133
23100,8134
23101,8135
23102,8136
23103,8137
23104,8138
23105,8139
23106,8140
23107,8141
23108,8142
23109,8143
23110,8144
23111,8145
23112,8146
23113,8147
23114,8148
23115,8149
23116,8150
23117,8151
23118,8152
23119,8153
23120,8154
23121,8155
23122,8156
23123,8157
23124,8158
23125,8159
23126,8160
23127,8161
23128,8162
23129,8163
23130,8164
23131,8165
23132,8166
23133,8167
23134,8168
23135,8169
23136,8170
23137,8171
23138,8172
23139,8173
23140,8174
23141,8175
23142,8176
23143,8177
23144,8178
23145,8179
23146,8180
23147,8181
23148,8182
23149,8183
23150,8184
23151,8185
23152,8186
23153,8187
23154,8188
23155,8189
23156,8190
23157,8191
23158,8192
23159,8193
23160,8194
23161,8195
23162,8196
23163,8197
23164,8198
23165,8199
23166,8200
23167,8201
23168,8202
23169,8203
23170,8204
23171,8205
23172,8206
23173,8207
23174,8208
23175,8209
23176,8210
23177,8211
23178,8212
23179,8213
23180,8214
23181,8215
23182,8216
23183,8217
23184,8218
23185,8219
23186,8220
23187,8221
23188,8222
23189,8223
23190,8224
23191,8225
23192,8226
23193,8227
23194,8228
23195,8229
23196,8230
23197,8231
23198,8232
23199,8233
23200,8234
23201,8235
23202,8236
23203,8237
23204,8238
23205,8239
23206,8240
23207,8241
23208,8242
23209,8243
23210,8244
23211,8245
23212,8246
23213,8247
23214,8248
23215,8249
23216,8250
23217,8251
23218,8252
23219,8253
23220,8254
23221,8255
23222,8256
23223,8257
23224,8258
23225,8259
23226,8260
23227,8261
23228,8262
23229,8263
23230,8264
23231,8265
23232,8266
23233,8267
23234,8268
23235,8269
23236,8270
23237,8271
23238,8272
23239,8273
23240,8274
23241,8275
23242,8276
23243,8277
23244,8278
23245,8279
23246,8280
23247,8281
23248,8282
23249,8283
23250,8284
23251,8285
23252,8286
23253,8287
23254,8288
23255,8289
23256,8290
23257,8291
23258,8292
23259,8293
23260,8294
23261,8295
23262,8296
23263,8297
23264,8298
23265,8299
23266,8300
23267,8301
23268,8302
23269,8303
23270,8304
23271,8305
23272,8306
23273,8307
23274,8308
23275,8309
23276,8310
23277,8311
23278,8312
23279,8313
23280,8314
23281,8315
23282,8316
23283,8317
23284,8318
23285,8319
23286,8320
23287,8321
23288,8322
23289,8323
23290,8324
23291,8325
23292,8326
23293,8327
23294,8328
23295,8329
23296,8330
23297,8331
23298,8332
23299,8333
23300,8334
23301,8335
23302,8336
23303,8337
23304,8338
23305,8339
23306,8340
23307,8341
23308,8342
23309,8343
23310,8344
23311,8345
23312,8346
23313,8347
23314,8348
23315,8349
23316,8350
23317,8351
23318,8352
23319,8353
23320,8354
23321,8355
23322,8356
23323,8357
23324,8358
23325,8359
23326,8360
23327,8361
23328,8362
23329,8363
23330,8364
23331,8365
23332,8366
23333,8367
23334,8368
23335,8369
23336,8370
23337,8371
23338,8372
23339,8373
23340,8374
23341,8375
23342,8376
23343,8377
23344,8378
23345,8379
23346,8380
23347,8381
23348,8382
23349,8383
23350,8384
23351,8385
23352,8386
23353,8387
23354,8388
23355,8389
23356,8390
23357,8391
23358,8392
23359,8393
23360,8394
23361,8395
23362,8396
23363,8397
23364,8398
23365,8399
23366,8400
23367,8401
23368,8402
23369,8403
23370,8404
23371,8405
23372,8406
23373,8407
23374,8408
23375,8409
23376,8410
23377,8411
23378,8412
23379,8413
23380,8414
23381,8415
23382,8416
23383,8417
23384,8418
23385,8419
23386,8420
23387,8421
23388,8422
23389,8423
23390,8424
23391,8425
23392,8426
23393,8427
23394,8428
23395,8429
23396,8430
23397,8431
23398,8432
23399,8433
23400,8434
23401,8435
23402,8436
23403,8437
23404,8438
23405,8439
23406,8440
23407,8441
23408,8442
23409,8443
23410,8444
23411,8445
23412,8446
23413,8447
23414,8448
23415,8449
23416,8450
23417,8451
23418,8452
23419,8453
23420,8454
23421,8455
23422,8456
23423,8457
23424,8458
23425,8459
23426,8460
23427,8461
23428,8462
23429,8463
23430,8464
23431,8465
23432,8466
23433,8467
23434,8468
23435,8469
23436,8470
23437,8471
23438,8472
23439,8473
23440,8474
23441,8475
23442,8476
23443,8477
23444,8478
23445,8479
23446,8480
23447,8481
23448,8482
23449,8483
23450,8484
23451,8485
23452,8486
23453,8487
23454,8488
23455,8489
23456,8490
23457,8491
23458,8492
23459,8493
23460,8494
23461,8495
23462,8496
23463,8497
23464,8498
23465,8499
23466,8500
23467,8501
23468,8502
23469,8503
23470,8504
23471,8505
23472,8506
23473,8507
23474,8508
23475,8509
23476,8510
23477,8511
23478,8512
23479,8513
23480,8514
23481,8515
23482,8516
23483,8517
23484,8518
23485,8519
23486,8520
23487,8521
23488,8522
23489,8523
23490,8524
23491,8525
23492,8526
23493,8527
23494,8528
23495,8529
23496,8530
23497,8531
23498,8532
23499,8533
23500,8534
23501,8535
23502,8536
23503,8537
23504,8538
23505,8539
23506,8540
23507,8541
23508,8542
23509,8543
23510,8544
23511,8545
23512,8546
23513,8547
23514,8548
23515,8549
23516,8550
23517,8551
23518,8552
23519,8553
23520,8554
23521,8555
23522,8556
23523,8557
23524,8558
23525,8559
23526,8560
23527,8561
23528,8562
23529,8563
23530,8564
23531,8565
23532,8566
23533,8567
23534,8568
23535,8569
23536,8570
23537,8571
23538,8572
23539,8573
23540,8574
23541,8575
23542,8576
23543,8577
23544,8578
23545,8579
23546,8580
23547,8581
23548,8582
23549,8583
23550,8584
23551,8585
23552,8586
23553,8587
23554,8588
23555,8589
23556,8590
23557,8591
23558,8592
23559,8593
23560,8594
23561,8595
23562,8596
23563,8597
23564,8598
23565,8599
23566,8600
23567,8601
23568,8602
23569,8603
23570,8604
23571,8605
23572,8606
23573,8607
23574,8608
23575,8609
23576,8610
23577,8611
23578,8612
23579,8613
23580,8614
23581,8615
23582,8616
23583,8617
23584,8618
23585,8619
23586,8620
23587,8621
23588,8622
23589,8623
23590,8624
23591,8625
23592,8626
23593,8627
23594,8628
23595,8629
23596,8630
23597,8631
23598,8632
23599,8633
23600,8634
23601,8635
23602,8636
23603,8637
23604,8638
23605,8639
23606,8640
23607,8641
23608,8642
23609,8643
23610,8644
23611,8645
23612,8646
23613,8647
23614,8648
23615,8649
23616,8650
23617,8651
23618,8652
23619,8653
23620,8654
23621,8655
23622,8656
23623,8657
23624,8658
23625,8659
23626,8660
23627,8661
23628,8662
23629,8663
23630,8664
23631,8665
23632,8666
23633,8667
23634,8668
23635,8669
23636,8670
23637,8671
23638,8672
23639,8673
23640,8674
23641,8675
23642,8676
23643,8677
23644,8678
23645,8679
23646,8680
23647,8681
23648,8682
23649,8683
23650,8684
23651,8685
23652,8686
23653,8687
23654,8688
23655,8689
23656,8690
23657,8691
23658,8692
23659,8693
23660,8694
23661,8695
23662,8696
23663,8697
23664,8698
23665,8699
23666,8700
23667,8701
23668,8702
23669,8703
23670,8704
23671,8705
23672,8706
23673,8707
23674,8708
23675,8709
23676,8710
23677,8711
23678,8712
23679,8713
23680,8714
23681,8715
23682,8716
23683,8717
23684,8718
23685,8719
23686,8720
23687,8721
23688,8722
23689,8723
23690,8724
23691,8725
23692,8726
23693,8727
23694,8728
23695,8729
23696,8730
23697,8731
23698,8732
23699,8733
23700,8734
23701,8735
23702,8736
23703,8737
23704,8738
23705,8739
23706,8740
23707,8741
23708,8742
23709,8743
23710,8744
23711,8745
23712,8746
23713,8747
23714,8748
23715,8749
23716,8750
23717,8751
23718,8752
23719,8753
23720,8754
23721,8755
23722,8756
23723,8757
23724,8758
23725,8759
23726,8760
23727,8761
23728,8762
23729,8763
23730,8764
23731,8765
23732,8766
23733,8767
23734,8768
23735,8769
23736,8770
23737,8771
23738,8772
23739,8773
23740,8774
23741,8775
23742,8776
23743,8777
23744,8778
23745,8779
23746,8780
23747,8781
23748,8782
23749,8783
23750,8784
23751,8785
23752,8786
23753,8787
23754,8788
23755,8789
23756,8790
23757,8791
23758,8792
23759,8793
23760,8794
23761,8795
23762,8796
23763,8797
23764,8798
23765,8799
23766,8800
23767,8801
23768,8802
23769,8803
23770,8804
23771,8805
23772,8806
23773,8807
23774,8808
23775,8809
23776,8810
23777,8811
23778,8812
23779,8813
23780,8814
23781,8815
23782,8816
23783,8817
23784,8818
23785,8819
23786,8820
23787,8821
23788,8822
23789,8823
23790,8824
23791,8825
23792,8826
23793,8827
23794,8828
23795,8829
23796,8830
23797,8831
23798,8832
23799,8833
23800,8834
23801,8835
23802,8836
23803,8837
23804,8838
23805,8839
23806,8840
23807,8841
23808,8842
23809,8843
23810,8844
23811,8845
23812,8846
23813,8847
23814,8848
23815,8849
23816,8850
23817,8851
23818,8852
23819,8853
23820,8854
23821,8855
23822,8856
23823,8857
23824,8858
23825,8859
23826,8860
23827,8861
23828,8862
23829,8863
23830,8864
23831,8865
23832,8866
23833,8867
23834,8868
23835,8869
23836,8870
23837,8871
23838,8872
23839,8873
23840,8874
23841,8875
23842,8876
23843,8877
23844,8878
23845,8879
23846,8880
23847,8881
23848,8882
23849,8883
23850,8884
23851,8885
23852,8886
23853,8887
23854,8888
23855,8889
23856,8890
23857,8891
23858,8892
23859,8893
23860,8894
23861,8895
23862,8896
23863,8897
23864,8898
23865,8899
23866,8900
23867,8901
23868,8902
23869,8903
23870,8904
23871,8905
23872,8906
23873,8907
23874,8908
23875,8909
23876,8910
23877,8911
23878,8912
23879,8913
23880,8914
23881,8915
23882,8916
23883,8917
23884,8918
23885,8919
23886,8920
23887,8921
23888,8922
23889,8923
23890,8924
23891,8925
23892,8926
23893,8927
23894,8928
23895,8929
23896,8930
23897,8931
23898,8932
23899,8933
23900,8934
23901,8935
23902,8936
23903,8937
23904,8938
23905,8939
23906,8940
23907,8941
23908,8942
23909,8943
23910,8944
23911,8945
23912,8946
23913,8947
23914,8948
23915,8949
23916,8950
23917,8951
23918,8952
23919,8953
23920,8954
23921,8955
23922,8956
23923,8957
23924,8958
23925,8959
23926,8960
23927,8961
23928,8962
23929,8963
23930,8964
23931,8965
23932,8966
23933,8967
23934,8968
23935,8969
23936,8970
23937,8971
23938,8972
23939,8973
23940,8974
23941,8975
23942,8976
23943,8977
23944,8978
23945,8979
23946,8980
23947,8981
23948,8982
23949,8983
23950,8984
23951,8985
23952,8986
23953,8987
23954,8988
23955,8989
23956,8990
23957,8991
23958,8992
23959,8993
23960,8994
23961,8995
23962,8996
23963,8997
23964,8998
23965,8999
23966,9000
23967,9001
23968,9002
23969,9003
23970,9004
23971,9005
23972,9006
23973,9007
23974,9008
23975,9009
23976,9010
23977,9011
23978,9012
23979,9013
23980,9014
23981,9015
23982,9016
23983,9017
23984,9018
23985,9019
23986,9020
23987,9021
23988,9022
23989,9023
23990,9024
23991,9025
23992,9026
23993,9027
23994,9028
23995,9029
23996,9030
23997,9031
23998,9032
23999,9033
24000,9034
24001,9035
24002,9036
24003,9037
24004,9038
24005,9039
24006,9040
24007,9041
24008,9042
24009,9043
24010,9044
24011,9045
24012,9046
24013,9047
24014,9048
24015,9049
24016,9050
24017,9051
24018,9052
24019,9053
24020,9054
24021,9055
24022,9056
24023,9057
24024,9058
24025,9059
24026,9060
24027,9061
24028,9062
24029,9063
24030,9064
24031,9065
24032,9066
24033,9067
24034,9068
24035,9069
24036,9070
24037,9071
24038,9072
24039,9073
24040,9074
24041,9075
24042,9076
24043,9077
24044,9078
24045,9079
24046,9080
24047,9081
24048,9082
24049,9083
24050,9084
24051,9085
24052,9086
24053,9087
24054,9088
24055,9089
24056,9090
24057,9091
24058,9092
24059,9093
24060,9094
24061,9095
24062,9096
24063,9097
24064,9098
24065,9099
24066,9100
24067,9101
24068,9102
24069,9103
24070,9104
24071,9105
24072,9106
24073,9107
24074,9108
24075,9109
24076,9110
24077,9111
24078,9112
24079,9113
24080,9114
24081,9115
24082,9116
24083,9117
24084,9118
24085,9119
24086,9120
24087,9121
24088,9122
24089,9123
24090,9124
24091,9125
24092,9126
24093,9127
24094,9128
24095,9129
24096,9130
24097,9131
24098,9132
24099,9133
24100,9134
24101,9135
24102,9136
24103,9137
24104,9138
24105,9139
24106,9140
24107,9141
24108,9142
24109,9143
24110,9144
24111,9145
24112,9146
24113,9147
24114,9148
24115,9149
24116,9150
24117,9151
24118,9152
24119,9153
24120,9154
24121,9155
24122,9156
24123,9157
24124,9158
24125,9159
24126,9160
24127,9161
24128,9162
24129,9163
24130,9164
24131,9165
24132,9166
24133,9167
24134,9168
24135,9169
24136,9170
24137,9171
24138,9172
24139,9173
24140,9174
24141,9175
24142,9176
24143,9177
24144,9178
24145,9179
24146,9180
24147,9181
24148,9182
24149,9183
24150,9184
24151,9185
24152,9186
24153,9187
24154,9188
24155,9189
24156,9190
24157,9191
24158,9192
24159,9193
24160,9194
24161,9195
24162,9196
24163,9197
24164,9198
24165,9199
24166,9200
24167,9201
24168,9202
24169,9203
24170,9204
24171,9205
24172,9206
24173,9207
24174,9208
24175,9209
24176,9210
24177,9211
24178,9212
24179,9213
24180,9214
24181,9215
24182,9216
24183,9217
24184,9218
24185,9219
24186,9220
24187,9221
24188,9222
24189,9223
24190,9224
24191,9225
24192,9226
24193,9227
24194,9228
24195,9229
24196,9230
24197,9231
24198,9232
24199,9233
24200,9234
24201,9235
24202,9236
24203,9237
24204,9238
24205,9239
24206,9240
24207,9241
24208,9242
24209,9243
24210,9244
24211,9245
24212,9246
24213,9247
24214,9248
24215,9249
24216,9250
24217,9251
24218,9252
24219,9253
24220,9254
24221,9255
24222,9256
24223,9257
24224,9258
24225,9259
24226,9260
24227,9261
24228,9262
24229,9263
24230,9264
24231,9265
24232,9266
24233,9267
24234,9268
24235,9269
24236,9270
24237,9271
24238,9272
24239,9273
24240,9274
24241,9275
24242,9276
24243,9277
24244,9278
24245,9279
24246,9280
24247,9281
24248,9282
24249,9283
24250,9284
24251,9285
24252,9286
24253,9287
24254,9288
24255,9289
24256,9290
24257,9291
24258,9292
24259,9293
24260,9294
24261,9295
24262,9296
24263,9297
24264,9298
24265,9299
24266,9300
24267,9301
24268,9302
24269,9303
24270,9304
24271,9305
24272,9306
24273,9307
24274,9308
24275,9309
24276,9310
24277,9311
24278,9312
24279,9313
24280,9314
24281,9315
24282,9316
24283,9317
24284,9318
24285,9319
24286,9320
24287,9321
24288,9322
24289,9323
24290,9324
24291,9325
24292,9326
24293,9327
24294,9328
24295,9329
24296,9330
24297,9331
24298,9332
24299,9333
24300,9334
24301,9335
24302,9336
24303,9337
24304,9338
24305,9339
24306,9340
24307,9341
24308,9342
24309,9343
24310,9344
24311,9345
24312,9346
24313,9347
24314,9348
24315,9349
24316,9350
24317,9351
24318,9352
24319,9353
24320,9354
24321,9355
24322,9356
24323,9357
24324,9358
24325,9359
24326,9360
24327,9361
24328,9362
24329,9363
24330,9364
24331,9365
24332,9366
24333,9367
24334,9368
24335,9369
24336,9370
24337,9371
24338,9372
24339,9373
24340,9374
24341,9375
24342,9376
24343,9377
24344,9378
24345,9379
24346,9380
24347,9381
24348,9382
24349,9383
24350,9384
24351,9385
24352,9386
24353,9387
24354,9388
24355,9389
24356,9390
24357,9391
24358,9392
24359,9393
24360,9394
24361,9395
24362,9396
24363,9397
24364,9398
24365,9399
24366,9400
24367,9401
24368,9402
24369,9403
24370,9404
24371,9405
24372,9406
24373,9407
24374,9408
24375,9409
24376,9410
24377,9411
24378,9412
24379,9413
24380,9414
24381,9415
24382,9416
24383,9417
24384,9418
24385,9419
24386,9420
24387,9421
24388,9422
24389,9423
24390,9424
24391,9425
24392,9426
24393,9427
24394,9428
24395,9429
24396,9430
24397,9431
24398,9432
24399,9433
24400,9434
24401,9435
24402,9436
24403,9437
24404,9438
24405,9439
24406,9440
24407,9441
24408,9442
24409,9443
24410,9444
24411,9445
24412,9446
24413,9447
24414,9448
24415,9449
24416,9450
24417,9451
24418,9452
24419,9453
24420,9454
24421,9455
24422,9456
24423,9457
24424,9458
24425,9459
24426,9460
24427,9461
24428,9462
24429,9463
24430,9464
24431,9465
24432,9466
24433,9467
24434,9468
24435,9469
24436,9470
24437,9471
24438,9472
24439,9473
24440,9474
24441,9475
24442,9476
24443,9477
24444,9478
24445,9479
24446,9480
24447,9481
24448,9482
24449,9483
24450,9484
24451,9485
24452,9486
24453,9487
24454,9488
24455,9489
24456,9490
24457,9491
24458,9492
24459,9493
24460,9494
24461,9495
24462,9496
24463,9497
24464,9498
24465,9499
24466,9500
24467,9501
24468,9502
24469,9503
24470,9504
24471,9505
24472,9506
24473,9507
24474,9508
24475,9509
24476,9510
24477,9511
24478,9512
24479,9513
24480,9514
24481,9515
24482,9516
24483,9517
24484,9518
24485,9519
24486,9520
24487,9521
24488,9522
24489,9523
24490,9524
24491,9525
24492,9526
24493,9527
24494,9528
24495,9529
24496,9530
24497,9531
24498,9532
24499,9533
24500,9534
24501,9535
24502,9536
24503,9537
24504,9538
24505,9539
24506,9540
24507,9541
24508,9542
24509,9543
24510,9544
24511,9545
24512,9546
24513,9547
24514,9548
24515,9549
24516,9550
24517,9551
24518,9552
24519,9553
24520,9554
24521,9555
24522,9556
24523,9557
24524,9558
24525,9559
24526,9560
24527,9561
24528,9562
24529,9563
24530,9564
24531,9565
24532,9566
24533,9567
24534,9568
24535,9569
24536,9570
24537,9571
24538,9572
24539,9573
24540,9574
24541,9575
24542,9576
24543,9577
24544,9578
24545,9579
24546,9580
24547,9581
24548,9582
24549,9583
24550,9584
24551,9585
24552,9586
24553,9587
24554,9588
24555,9589
24556,9590
24557,9591
24558,9592
24559,9593
24560,9594
24561,9595
24562,9596
24563,9597
24564,9598
24565,9599
24566,9600
24567,9601
24568,9602
24569,9603
24570,9604
24571,9605
24572,9606
24573,9607
24574,9608
24575,9609
24576,9610
24577,9611
24578,9612
24579,9613
24580,9614
24581,9615
24582,9616
24583,9617
24584,9618
24585,9619
24586,9620
24587,9621
24588,9622
24589,9623
24590,9624
24591,9625
24592,9626
24593,9627
24594,9628
24595,9629
24596,9630
24597,9631
24598,9632
24599,9633
24600,9634
24601,9635
24602,9636
24603,9637
24604,9638
24605,9639
24606,9640
24607,9641
24608,9642
24609,9643
24610,9644
24611,9645
24612,9646
24613,9647
24614,9648
24615,9649
24616,9650
24617,9651
24618,9652
24619,9653
24620,9654
24621,9655
24622,9656
24623,9657
24624,9658
24625,9659
24626,9660
24627,9661
24628,9662
24629,9663
24630,9664
24631,9665
24632,9666
24633,9667
24634,9668
24635,9669
24636,9670
24637,9671
24638,9672
24639,9673
24640,9674
24641,9675
24642,9676
24643,9677
24644,9678
24645,9679
24646,9680
24647,9681
24648,9682
24649,9683
24650,9684
24651,9685
24652,9686
24653,9687
24654,9688
24655,9689
24656,9690
24657,9691
24658,9692
24659,9693
24660,9694
24661,9695
24662,9696
24663,9697
24664,9698
24665,9699
24666,9700
24667,9701
24668,9702
24669,9703
24670,9704
24671,9705
24672,9706
24673,9707
24674,9708
24675,9709
24676,9710
24677,9711
24678,9712
24679,9713
24680,9714
24681,9715
24682,9716
24683,9717
24684,9718
24685,9719
24686,9720
24687,9721
24688,9722
24689,9723
24690,9724
24691,9725
24692,9726
24693,9727
24694,9728
24695,9729
24696,9730
24697,9731
24698,9732
24699,9733
24700,9734
24701,9735
24702,9736
24703,9737
24704,9738
24705,9739
24706,9740
24707,9741
24708,9742
24709,9743
24710,9744
24711,9745
24712,9746
24713,9747
24714,9748
24715,9749
24716,9750
24717,9751
24718,9752
24719,9753
24720,9754
24721,9755
24722,9756
24723,9757
24724,9758
24725,9759
24726,9760
24727,9761
24728,9762
24729,9763
24730,9764
24731,9765
24732,9766
24733,9767
24734,9768
24735,9769
24736,9770
24737,9771
24738,9772
24739,9773
24740,9774
24741,9775
24742,9776
24743,9777
24744,9778
24745,9779
24746,9780
24747,9781
24748,9782
24749,9783
24750,9784
24751,9785
24752,9786
24753,9787
24754,9788
24755,9789
24756,9790
24757,9791
24758,9792
24759,9793
24760,9794
24761,9795
24762,9796
24763,9797
24764,9798
24765,9799
24766,9800
24767,9801
24768,9802
24769,9803
24770,9804
24771,9805
24772,9806
24773,9807
24774,9808
24775,9809
24776,9810
24777,9811
24778,9812
24779,9813
24780,9814
24781,9815
24782,9816
24783,9817
24784,9818
24785,9819
24786,9820
24787,9821
24788,9822
24789,9823
24790,9824
24791,9825
24792,9826
24793,9827
24794,9828
24795,9829
24796,9830
24797,9831
24798,9832
24799,9833
24800,9834
24801,9835
24802,9836
24803,9837
24804,9838
24805,9839
24806,9840
24807,9841
24808,9842
24809,9843
24810,9844
24811,9845
24812,9846
24813,9847
24814,9848
24815,9849
24816,9850
24817,9851
24818,9852
24819,9853
24820,9854
24821,9855
24822,9856
24823,9857
24824,9858
24825,9859
24826,9860
24827,9861
24828,9862
24829,9863
24830,9864
24831,9865
24832,9866
24833,9867
24834,9868
24835,9869
24836,9870
24837,9871
24838,9872
24839,9873
24840,9874
24841,9875
24842,9876
24843,9877
24844,9878
24845,9879
24846,9880
24847,9881
24848,9882
24849,9883
24850,9884
24851,9885
24852,9886
24853,9887
24854,9888
24855,9889
24856,9890
24857,9891
24858,9892
24859,9893
24860,9894
24861,9895
24862,9896
24863,9897
24864,9898
24865,9899
24866,9900
24867,9901
24868,9902
24869,9903
24870,9904
24871,9905
24872,9906
24873,9907
24874,9908
24875,9909
24876,9910
24877,9911
24878,9912
24879,9913
24880,9914
24881,9915
24882,9916
24883,9917
24884,9918
24885,9919
24886,9920
24887,9921
24888,9922
24889,9923
24890,9924
24891,9925
24892,9926
24893,9927
24894,9928
24895,9929
24896,9930
24897,9931
24898,9932
24899,9933
24900,9934
24901,9935
24902,9936
24903,9937
24904,9938
24905,9939
24906,9940
24907,9941
24908,9942
24909,9943
24910,9944
24911,9945
24912,9946
24913,9947
24914,9948
24915,9949
24916,9950
24917,9951
24918,9952
24919,9953
24920,9954
24921,9955
24922,9956
24923,9957
24924,9958
24925,9959
24926,9960
24927,9961
24928,9962
24929,9963
24930,9964
24931,9965
24932,9966
24933,9967
24934,9968
24935,9969
24936,9970
24937,9971
24938,9972
24939,9973
24940,9974
24941,9975
24942,9976
24943,9977
24944,9978
24945,9979
24946,9980
24947,9981
24948,9982
24949,9983
24950,9984
24951,9985
24952,9986
24953,9987
24954,9988
24955,9989
24956,9990
24957,9991
24958,9992
24959,9993
24960,9994
24961,9995
24962,9996
24963,9997
24964,9998
24965,9999
24966,10000
24967,10001
24968,10002
24969,10003
24970,10004
24971,10005
24972,10006
24973,10007
24974,10008
24975,10009
24976,10010
24977,10011
24978,10012
24979,10013
24980,10014
24981,10015
24982,10016
24983,10017
24984,10018
24985,10019
24986,10020
24987,10021
24988,10022
24989,10023
24990,10024
24991,10025
24992,10026
24993,10027
24994,10028
24995,10029
24996,10030
24997,10031
24998,10032
24999,10033
25000,10034
25001,10035
25002,10036
25003,10037
25004,10038
25005,10039
25006,10040
25007,10041
25008,10042
25009,10043
25010,10044
25011,10045
25012,10046
25013,10047
25014,10048
25015,10049
25016,10050
25017,10051
25018,10052
25019,10053
25020,10054
25021,10055
25022,10056
25023,10057
25024,10058
25025,10059
25026,10060
25027,10061
25028,10062
25029,10063
25030,10064
25031,10065
25032,10066
25033,10067
25034,10068
25035,10069
25036,10070
25037,10071
25038,10072
25039,10073
25040,10074
25041,10075
25042,10076
25043,10077
25044,10078
25045,10079
25046,10080
25047,10081
25048,10082
25049,10083
25050,10084
25051,10085
25052,10086
25053,10087
25054,10088
25055,10089
25056,10090
25057,10091
25058,10092
25059,10093
25060,10094
25061,10095
25062,10096
25063,10097
25064,10098
25065,10099
25066,10100
25067,10101
25068,10102
25069,10103
25070,10104
25071,10105
25072,10106
25073,10107
25074,10108
25075,10109
25076,10110
25077,10111
25078,10112
25079,10113
25080,10114
25081,10115
25082,10116
25083,10117
25084,10118
25085,10119
25086,10120
25087,10121
25088,10122
25089,10123
25090,10124
25091,10125
25092,10126
25093,10127
25094,10128
25095,10129
25096,10130
25097,10131
25098,10132
25099,10133
25100,10134
25101,10135
25102,10136
25103,10137
25104,10138
25105,10139
25106,10140
25107,10141
25108,10142
25109,10143
25110,10144
25111,10145
25112,10146
25113,10147
25114,10148
25115,10149
25116,10150
25117,10151
25118,10152
25119,10153
25120,10154
25121,10155
25122,10156
25123,10157
25124,10158
25125,10159
25126,10160
25127,10161
25128,10162
25129,10163
25130,10164
25131,10165
25132,10166
25133,10167
25134,10168
25135,10169
25136,10170
25137,10171
25138,10172
25139,10173
25140,10174
25141,10175
25142,10176
25143,10177
25144,10178
25145,10179
25146,10180
25147,10181
25148,10182
25149,10183
25150,10184
25151,10185
25152,10186
25153,10187
25154,10188
25155,10189
25156,10190
25157,10191
25158,10192
25159,10193
25160,10194
25161,10195
25162,10196
25163,10197
25164,10198
25165,10199
25166,10200
25167,10201
25168,10202
25169,10203
25170,10204
25171,10205
25172,10206
25173,10207
25174,10208
25175,10209
25176,10210
25177,10211
25178,10212
25179,10213
25180,10214
25181,10215
25182,10216
25183,10217
25184,10218
25185,10219
25186,10220
25187,10221
25188,10222
25189,10223
25190,10224
25191,10225
25192,10226
25193,10227
25194,10228
25195,10229
25196,10230
25197,10231
25198,10232
25199,10233
25200,10234
25201,10235
25202,10236
25203,10237
25204,10238
25205,10239
25206,10240
25207,10241
25208,10242
25209,10243
25210,10244
25211,10245
25212,10246
25213,10247
25214,10248
25215,10249
25216,10250
25217,10251
25218,10252
25219,10253
25220,10254
25221,10255
25222,10256
25223,10257
25224,10258
25225,10259
25226,10260
25227,10261
25228,10262
25229,10263
25230,10264
25231,10265
25232,10266
25233,10267
25234,10268
25235,10269
25236,10270
25237,10271
25238,10272
25239,10273
25240,10274
25241,10275
25242,10276
25243,10277
25244,10278
25245,10279
25246,10280
25247,10281
25248,10282
25249,10283
25250,10284
25251,10285
25252,10286
25253,10287
25254,10288
25255,10289
25256,10290
25257,10291
25258,10292
25259,10293
25260,10294
25261,10295
25262,10296
25263,10297
25264,10298
25265,10299
25266,10300
25267,10301
25268,10302
25269,10303
25270,10304
25271,10305
25272,10306
25273,10307
25274,10308
25275,10309
25276,10310
25277,10311
25278,10312
25279,10313
25280,10314
25281,10315
25282,10316
25283,10317
25284,10318
25285,10319
25286,10320
25287,10321
25288,10322
25289,10323
25290,10324
25291,10325
25292,10326
25293,10327
25294,10328
25295,10329
25296,10330
25297,10331
25298,10332
25299,10333
25300,10334
25301,10335
25302,10336
25303,10337
25304,10338
25305,10339
25306,10340
25307,10341
25308,10342
25309,10343
25310,10344
25311,10345
25312,10346
25313,10347
25314,10348
25315,10349
25316,10350
25317,10351
25318,10352
25319,10353
25320,10354
25321,10355
25322,10356
25323,10357
25324,10358
25325,10359
25326,10360
25327,10361
25328,10362
25329,10363
25330,10364
25331,10365
25332,10366
25333,10367
25334,10368
25335,10369
25336,10370
25337,10371
25338,10372
25339,10373
25340,10374
25341,10375
25342,10376
25343,10377
25344,10378
25345,10379
25346,10380
25347,10381
25348,10382
25349,10383
25350,10384
25351,10385
25352,10386
25353,10387
25354,10388
25355,10389
25356,10390
25357,10391
25358,10392
25359,10393
25360,10394
25361,10395
25362,10396
25363,10397
25364,10398
25365,10399
25366,10400
25367,10401
25368,10402
25369,10403
25370,10404
25371,10405
25372,10406
25373,10407
25374,10408
25375,10409
25376,10410
25377,10411
25378,10412
25379,10413
25380,10414
25381,10415
25382,10416
25383,10417
25384,10418
25385,10419
25386,10420
25387,10421
25388,10422
25389,10423
25390,10424
25391,10425
25392,10426
25393,10427
25394,10428
25395,10429
25396,10430
25397,10431
25398,10432
25399,10433
25400,10434
25401,10435
25402,10436
25403,10437
25404,10438
25405,10439
25406,10440
25407,10441
25408,10442
25409,10443
25410,10444
25411,10445
25412,10446
25413,10447
25414,10448
25415,10449
25416,10450
25417,10451
25418,10452
25419,10453
25420,10454
25421,10455
25422,10456
25423,10457
25424,10458
25425,10459
25426,10460
25427,10461
25428,10462
25429,10463
25430,10464
25431,10465
25432,10466
25433,10467
25434,10468
25435,10469
25436,10470
25437,10471
25438,10472
25439,10473
25440,10474
25441,10475
25442,10476
25443,10477
25444,10478
25445,10479
25446,10480
25447,10481
25448,10482
25449,10483
25450,10484
25451,10485
25452,10486
25453,10487
25454,10488
25455,10489
25456,10490
25457,10491
25458,10492
25459,10493
25460,10494
25461,10495
25462,10496
25463,10497
25464,10498
25465,10499
25466,10500
25467,10501
25468,10502
25469,10503
25470,10504
25471,10505
25472,10506
25473,10507
25474,10508
25475,10509
25476,10510
25477,10511
25478,10512
25479,10513
25480,10514
25481,10515
25482,10516
25483,10517
25484,10518
25485,10519
25486,10520
25487,10521
25488,10522
25489,10523
25490,10524
25491,10525
25492,10526
25493,10527
25494,10528
25495,10529
25496,10530
25497,10531
25498,10532
25499,10533
25500,10534
25501,10535
25502,10536
25503,10537
25504,10538
25505,10539
25506,10540
25507,10541
25508,10542
25509,10543
25510,10544
25511,10545
25512,10546
25513,10547
25514,10548
25515,10549
25516,10550
25517,10551
25518,10552
25519,10553
25520,10554
25521,10555
25522,10556
25523,10557
25524,10558
25525,10559
25526,10560
25527,10561
25528,10562
25529,10563
25530,10564
25531,10565
25532,10566
25533,10567
25534,10568
25535,10569
25536,10570
25537,10571
25538,10572
25539,10573
25540,10574
25541,10575
25542,10576
25543,10577
25544,10578
25545,10579
25546,10580
25547,10581
25548,10582
25549,10583
25550,10584
25551,10585
25552,10586
25553,10587
25554,10588
25555,10589
25556,10590
25557,10591
25558,10592
25559,10593
25560,10594
25561,10595
25562,10596
25563,10597
25564,10598
25565,10599
25566,10600
25567,10601
25568,10602
25569,10603
25570,10604
25571,10605
25572,10606
25573,10607
25574,10608
25575,10609
25576,10610
25577,10611
25578,10612
25579,10613
25580,10614
25581,10615
25582,10616
25583,10617
25584,10618
25585,10619
25586,10620
25587,10621
25588,10622
25589,10623
25590,10624
25591,10625
25592,10626
25593,10627
25594,10628
25595,10629
25596,10630
25597,10631
25598,10632
25599,10633
25600,10634
25601,10635
25602,10636
25603,10637
25604,10638
25605,10639
25606,10640
25607,10641
25608,10642
25609,10643
25610,10644
25611,10645
25612,10646
25613,10647
25614,10648
25615,10649
25616,10650
25617,10651
25618,10652
25619,10653
25620,10654
25621,10655
25622,10656
25623,10657
25624,10658
25625,10659
25626,10660
25627,10661
25628,10662
25629,10663
25630,10664
25631,10665
25632,10666
25633,10667
25634,10668
25635,10669
25636,10670
25637,10671
25638,10672
25639,10673
25640,10674
25641,10675
25642,10676
25643,10677
25644,10678
25645,10679
25646,10680
25647,10681
25648,10682
25649,10683
25650,10684
25651,10685
25652,10686
25653,10687
25654,10688
25655,10689
25656,10690
25657,10691
25658,10692
25659,10693
25660,10694
25661,10695
25662,10696
25663,10697
25664,10698
25665,10699
25666,10700
25667,10701
25668,10702
25669,10703
25670,10704
25671,10705
25672,10706
25673,10707
25674,10708
25675,10709
25676,10710
25677,10711
25678,10712
25679,10713
25680,10714
25681,10715
25682,10716
25683,10717
25684,10718
25685,10719
25686,10720
25687,10721
25688,10722
25689,10723
25690,10724
25691,10725
25692,10726
25693,10727
25694,10728
25695,10729
25696,10730
25697,10731
25698,10732
25699,10733
25700,10734
25701,10735
25702,10736
25703,10737
25704,10738
25705,10739
25706,10740
25707,10741
25708,10742
25709,10743
25710,10744
25711,10745
25712,10746
25713,10747
25714,10748
25715,10749
25716,10750
25717,10751
25718,10752
25719,10753
25720,10754
25721,10755
25722,10756
25723,10757
25724,10758
25725,10759
25726,10760
25727,10761
25728,10762
25729,10763
25730,10764
25731,10765
25732,10766
25733,10767
25734,10768
25735,10769
25736,10770
25737,10771
25738,10772
25739,10773
25740,10774
25741,10775
25742,10776
25743,10777
25744,10778
25745,10779
25746,10780
25747,10781
25748,10782
25749,10783
25750,10784
25751,10785
25752,10786
25753,10787
25754,10788
25755,10789
25756,10790
25757,10791
25758,10792
25759,10793
25760,10794
25761,10795
25762,10796
25763,10797
25764,10798
25765,10799
25766,10800
25767,10801
25768,10802
25769,10803
25770,10804
25771,10805
25772,10806
25773,10807
25774,10808
25775,10809
25776,10810
25777,10811
25778,10812
25779,10813
25780,10814
25781,10815
25782,10816
25783,10817
25784,10818
25785,10819
25786,10820
25787,10821
25788,10822
25789,10823
25790,10824
25791,10825
25792,10826
25793,10827
25794,10828
25795,10829
25796,10830
25797,10831
25798,10832
25799,10833
25800,10834
25801,10835
25802,10836
25803,10837
25804,10838
25805,10839
25806,10840
25807,10841
25808,10842
25809,10843
25810,10844
25811,10845
25812,10846
25813,10847
25814,10848
25815,10849
25816,10850
25817,10851
25818,10852
25819,10853
25820,10854
25821,10855
25822,10856
25823,10857
25824,10858
25825,10859
25826,10860
25827,10861
25828,10862
25829,10863
25830,10864
25831,10865
25832,10866
25833,10867
25834,10868
25835,10869
25836,10870
25837,10871
25838,10872
25839,10873
25840,10874
25841,10875
25842,10876
25843,10877
25844,10878
25845,10879
25846,10880
25847,10881
25848,10882
25849,10883
25850,10884
25851,10885
25852,10886
25853,10887
25854,10888
25855,10889
25856,10890
25857,10891
25858,10892
25859,10893
25860,10894
25861,10895
25862,10896
25863,10897
25864,10898
25865,10899
25866,10900
25867,10901
25868,10902
25869,10903
25870,10904
25871,10905
25872,10906
25873,10907
25874,10908
25875,10909
25876,10910
25877,10911
25878,10912
25879,10913
25880,10914
25881,10915
25882,10916
25883,10917
25884,10918
25885,10919
25886,10920
25887,10921
25888,10922
25889,10923
25890,10924
25891,10925
25892,10926
25893,10927
25894,10928
25895,10929
25896,10930
25897,10931
25898,10932
25899,10933
25900,10934
25901,10935
25902,10936
25903,10937
25904,10938
25905,10939
25906,10940
25907,10941
25908,10942
25909,10943
25910,10944
25911,10945
25912,10946
25913,10947
25914,10948
25915,10949
25916,10950
25917,10951
25918,10952
25919,10953
25920,10954
25921,10955
25922,10956
25923,10957
25924,10958
25925,10959
25926,10960
25927,10961
25928,10962
25929,10963
25930,10964
25931,10965
25932,10966
25933,10967
25934,10968
25935,10969
25936,10970
25937,10971
25938,10972
25939,10973
25940,10974
25941,10975
25942,10976
25943,10977
25944,10978
25945,10979
25946,10980
25947,10981
25948,10982
25949,10983
25950,10984
25951,10985
25952,10986
25953,10987
25954,10988
25955,10989
25956,10990
25957,10991
25958,10992
25959,10993
25960,10994
25961,10995
25962,10996
25963,10997
25964,10998
25965,10999
25966,11000
25967,11001
25968,11002
25969,11003
25970,11004
25971,11005
25972,11006
25973,11007
25974,11008
25975,11009
25976,11010
25977,11011
25978,11012
25979,11013
25980,11014
25981,11015
25982,11016
25983,11017
25984,11018
25985,11019
25986,11020
25987,11021
25988,11022
25989,11023
25990,11024
25991,11025
25992,11026
25993,11027
25994,11028
25995,11029
25996,11030
25997,11031
25998,11032
25999,11033
26000,11034
26001,11035
26002,11036
26003,11037
26004,11038
26005,11039
26006,11040
26007,11041
26008,11042
26009,11043
26010,11044
26011,11045
26012,11046
26013,11047
26014,11048
26015,11049
26016,11050
26017,11051
26018,11052
26019,11053
26020,11054
26021,11055
26022,11056
26023,11057
26024,11058
26025,11059
26026,11060
26027,11061
26028,11062
26029,11063
26030,11064
26031,11065
26032,11066
26033,11067
26034,11068
26035,11069
26036,11070
26037,11071
26038,11072
26039,11073
26040,11074
26041,11075
26042,11076
26043,11077
26044,11078
26045,11079
26046,11080
26047,11081
26048,11082
26049,11083
26050,11084
26051,11085
26052,11086
26053,11087
26054,11088
26055,11089
26056,11090
26057,11091
26058,11092
26059,11093
26060,11094
26061,11095
26062,11096
26063,11097
26064,11098
26065,11099
26066,11100
26067,11101
26068,11102
26069,11103
26070,11104
26071,11105
26072,11106
26073,11107
26074,11108
26075,11109
26076,11110
26077,11111
26078,11112
26079,11113
26080,11114
26081,11115
26082,11116
26083,11117
26084,11118
26085,11119
26086,11120
26087,11121
26088,11122
26089,11123
26090,11124
26091,11125
26092,11126
26093,11127
26094,11128
26095,11129
26096,11130
26097,11131
26098,11132
26099,11133
26100,11134
26101,11135
26102,11136
26103,11137
26104,11138
26105,11139
26106,11140
26107,11141
26108,11142
26109,11143
26110,11144
26111,11145
26112,11146
26113,11147
26114,11148
26115,11149
26116,11150
26117,11151
26118,11152
26119,11153
26120,11154
26121,11155
26122,11156
26123,11157
26124,11158
26125,11159
26126,11160
26127,11161
26128,11162
26129,11163
26130,11164
26131,11165
26132,11166
26133,11167
26134,11168
26135,11169
26136,11170
26137,11171
26138,11172
26139,11173
26140,11174
26141,11175
26142,11176
26143,11177
26144,11178
26145,11179
26146,11180
26147,11181
26148,11182
26149,11183
26150,11184
26151,11185
26152,11186
26153,11187
26154,11188
26155,11189
26156,11190
26157,11191
26158,11192
26159,11193
26160,11194
26161,11195
26162,11196
26163,11197
26164,11198
26165,11199
26166,11200
26167,11201
26168,11202
26169,11203
26170,11204
26171,11205
26172,11206
26173,11207
26174,11208
26175,11209
26176,11210
26177,11211
26178,11212
26179,11213
26180,11214
26181,11215
26182,11216
26183,11217
26184,11218
26185,11219
26186,11220
26187,11221
26188,11222
26189,11223
26190,11224
26191,11225
26192,11226
26193,11227
26194,11228
26195,11229
26196,11230
26197,11231
26198,11232
26199,11233
26200,11234
26201,11235
26202,11236
26203,11237
26204,11238
26205,11239
26206,11240
26207,11241
26208,11242
26209,11243
26210,11244
26211,11245
26212,11246
26213,11247
26214,11248
26215,11249
26216,11250
26217,11251
26218,11252
26219,11253
26220,11254
26221,11255
26222,11256
26223,11257
26224,11258
26225,11259
26226,11260
26227,11261
26228,11262
26229,11263
26230,11264
26231,11265
26232,11266
26233,11267
26234,11268
26235,11269
26236,11270
26237,11271
26238,11272
26239,11273
26240,11274
26241,11275
26242,11276
26243,11277
26244,11278
26245,11279
26246,11280
26247,11281
26248,11282
26249,11283
26250,11284
26251,11285
26252,11286
26253,11287
26254,11288
26255,11289
26256,11290
26257,11291
26258,11292
26259,11293
26260,11294
26261,11295
26262,11296
26263,11297
26264,11298
26265,11299
26266,11300
26267,11301
26268,11302
26269,11303
26270,11304
26271,11305
26272,11306
26273,11307
26274,11308
26275,11309
26276,11310
26277,11311
26278,11312
26279,11313
26280,11314
26281,11315
26282,11316
26283,11317
26284,11318
26285,11319
26286,11320
26287,11321
26288,11322
26289,11323
26290,11324
26291,11325
26292,11326
26293,11327
26294,11328
26295,11329
26296,11330
26297,11331
26298,11332
26299,11333
26300,11334
26301,11335
26302,11336
26303,11337
26304,11338
26305,11339
26306,11340
26307,11341
26308,11342
26309,11343
26310,11344
26311,11345
26312,11346
26313,11347
26314,11348
26315,11349
26316,11350
26317,11351
26318,11352
26319,11353
26320,11354
26321,11355
26322,11356
26323,11357
26324,11358
26325,11359
26326,11360
26327,11361
26328,11362
26329,11363
26330,11364
26331,11365
26332,11366
26333,11367
26334,11368
26335,11369
26336,11370
26337,11371
26338,11372
26339,11373
26340,11374
26341,11375
26342,11376
26343,11377
26344,11378
26345,11379
26346,11380
26347,11381
26348,11382
26349,11383
26350,11384
26351,11385
26352,11386
26353,11387
26354,11388
26355,11389
26356,11390
26357,11391
26358,11392
26359,11393
26360,11394
26361,11395
26362,11396
26363,11397
26364,11398
26365,11399
26366,11400
26367,11401
26368,11402
26369,11403
26370,11404
26371,11405
26372,11406
26373,11407
26374,11408
26375,11409
26376,11410
26377,11411
26378,11412
26379,11413
26380,11414
26381,11415
26382,11416
26383,11417
26384,11418
26385,11419
26386,11420
26387,11421
26388,11422
26389,11423
26390,11424
26391,11425
26392,11426
26393,11427
26394,11428
26395,11429
26396,11430
26397,11431
26398,11432
26399,11433
26400,11434
26401,11435
26402,11436
26403,11437
26404,11438
26405,11439
26406,11440
26407,11441
26408,11442
26409,11443
26410,11444
26411,11445
26412,11446
26413,11447
26414,11448
26415,11449
26416,11450
26417,11451
26418,11452
26419,11453
26420,11454
26421,11455
26422,11456
26423,11457
26424,11458
26425,11459
26426,11460
26427,11461
26428,11462
26429,11463
26430,11464
26431,11465
26432,11466
26433,11467
26434,11468
26435,11469
26436,11470
26437,11471
26438,11472
26439,11473
26440,11474
26441,11475
26442,11476
26443,11477
26444,11478
26445,11479
26446,11480
26447,11481
26448,11482
26449,11483
26450,11484
26451,11485
26452,11486
26453,11487
26454,11488
26455,11489
26456,11490
26457,11491
26458,11492
26459,11493
26460,11494
26461,11495
26462,11496
26463,11497
26464,11498
26465,11499
26466,11500
26467,11501
26468,11502
26469,11503
26470,11504
26471,11505
26472,11506
26473,11507
26474,11508
26475,11509
26476,11510
26477,11511
26478,11512
26479,11513
26480,11514
26481,11515
26482,11516
26483,11517
26484,11518
26485,11519
26486,11520
26487,11521
26488,11522
26489,11523
26490,11524
26491,11525
26492,11526
26493,11527
26494,11528
26495,11529
26496,11530
26497,11531
26498,11532
26499,11533
26500,11534
26501,11535
26502,11536
26503,11537
26504,11538
26505,11539
26506,11540
26507,11541
26508,11542
26509,11543
26510,11544
26511,11545
26512,11546
26513,11547
26514,11548
26515,11549
26516,11550
26517,11551
26518,11552
26519,11553
26520,11554
26521,11555
26522,11556
26523,11557
26524,11558
26525,11559
26526,11560
26527,11561
26528,11562
26529,11563
26530,11564
26531,11565
26532,11566
26533,11567
26534,11568
26535,11569
26536,11570
26537,11571
26538,11572
26539,11573
26540,11574
26541,11575
26542,11576
26543,11577
26544,11578
26545,11579
26546,11580
26547,11581
26548,11582
26549,11583
26550,11584
26551,11585
26552,11586
26553,11587
26554,11588
26555,11589
26556,11590
26557,11591
26558,11592
26559,11593
26560,11594
26561,11595
26562,11596
26563,11597
26564,11598
26565,11599
26566,11600
26567,11601
26568,11602
26569,11603
26570,11604
26571,11605
26572,11606
26573,11607
26574,11608
26575,11609
26576,11610
26577,11611
26578,11612
26579,11613
26580,11614
26581,11615
26582,11616
26583,11617
26584,11618
26585,11619
26586,11620
26587,11621
26588,11622
26589,11623
26590,11624
26591,11625
26592,11626
26593,11627
26594,11628
26595,11629
26596,11630
26597,11631
26598,11632
26599,11633
26600,11634
26601,11635
26602,11636
26603,11637
26604,11638
26605,11639
26606,11640
26607,11641
26608,11642
26609,11643
26610,11644
26611,11645
26612,11646
26613,11647
26614,11648
26615,11649
26616,11650
26617,11651
26618,11652
26619,11653
26620,11654
26621,11655
26622,11656
26623,11657
26624,11658
26625,11659
26626,11660
26627,11661
26628,11662
26629,11663
26630,11664
26631,11665
26632,11666
26633,11667
26634,11668
26635,11669
26636,11670
26637,11671
26638,11672
26639,11673
26640,11674
26641,11675
26642,11676
26643,11677
26644,11678
26645,11679
26646,11680
26647,11681
26648,11682
26649,11683
26650,11684
26651,11685
26652,11686
26653,11687
26654,11688
26655,11689
26656,11690
26657,11691
26658,11692
26659,11693
26660,11694
26661,11695
26662,11696
26663,11697
26664,11698
26665,11699
26666,11700
26667,11701
26668,11702
26669,11703
26670,11704
26671,11705
26672,11706
26673,11707
26674,11708
26675,11709
26676,11710
26677,11711
26678,11712
26679,11713
26680,11714
26681,11715
26682,11716
26683,11717
26684,11718
26685,11719
26686,11720
26687,11721
26688,11722
26689,11723
26690,11724
26691,11725
26692,11726
26693,11727
26694,11728
26695,11729
26696,11730
26697,11731
26698,11732
26699,11733
26700,11734
26701,11735
26702,11736
26703,11737
26704,11738
26705,11739
26706,11740
26707,11741
26708,11742
26709,11743
26710,11744
26711,11745
26712,11746
26713,11747
26714,11748
26715,11749
26716,11750
26717,11751
26718,11752
26719,11753
26720,11754
26721,11755
26722,11756
26723,11757
26724,11758
26725,11759
26726,11760
26727,11761
26728,11762
26729,11763
26730,11764
26731,11765
26732,11766
26733,11767
26734,11768
26735,11769
26736,11770
26737,11771
26738,11772
26739,11773
26740,11774
26741,11775
26742,11776
26743,11777
26744,11778
26745,11779
26746,11780
26747,11781
26748,11782
26749,11783
26750,11784
26751,11785
26752,11786
26753,11787
26754,11788
26755,11789
26756,11790
26757,11791
26758,11792
26759,11793
26760,11794
26761,11795
26762,11796
26763,11797
26764,11798
26765,11799
26766,11800
26767,11801
26768,11802
26769,11803
26770,11804
26771,11805
26772,11806
26773,11807
26774,11808
26775,11809
26776,11810
26777,11811
26778,11812
26779,11813
26780,11814
26781,11815
26782,11816
26783,11817
26784,11818
26785,11819
26786,11820
26787,11821
26788,11822
26789,11823
26790,11824
26791,11825
26792,11826
26793,11827
26794,11828
26795,11829
26796,11830
26797,11831
26798,11832
26799,11833
26800,11834
26801,11835
26802,11836
26803,11837
26804,11838
26805,11839
26806,11840
26807,11841
26808,11842
26809,11843
26810,11844
26811,11845
26812,11846
26813,11847
26814,11848
26815,11849
26816,11850
26817,11851
26818,11852
26819,11853
26820,11854
26821,11855
26822,11856
26823,11857
26824,11858
26825,11859
26826,11860
26827,11861
26828,11862
26829,11863
26830,11864
26831,11865
26832,11866
26833,11867
26834,11868
26835,11869
26836,11870
26837,11871
26838,11872
26839,11873
26840,11874
26841,11875
26842,11876
26843,11877
26844,11878
26845,11879
26846,11880
26847,11881
26848,11882
26849,11883
26850,11884
26851,11885
26852,11886
26853,11887
26854,11888
26855,11889
26856,11890
26857,11891
26858,11892
26859,11893
26860,11894
26861,11895
26862,11896
26863,11897
26864,11898
26865,11899
26866,11900
26867,11901
26868,11902
26869,11903
26870,11904
26871,11905
26872,11906
26873,11907
26874,11908
26875,11909
26876,11910
26877,11911
26878,11912
26879,11913
26880,11914
26881,11915
26882,11916
26883,11917
26884,11918
26885,11919
26886,11920
26887,11921
26888,11922
26889,11923
26890,11924
26891,11925
26892,11926
26893,11927
26894,11928
26895,11929
26896,11930
26897,11931
26898,11932
26899,11933
26900,11934
26901,11935
26902,11936
26903,11937
26904,11938
26905,11939
26906,11940
26907,11941
26908,11942
26909,11943
26910,11944
26911,11945
26912,11946
26913,11947
26914,11948
26915,11949
26916,11950
26917,11951
26918,11952
26919,11953
26920,11954
26921,11955
26922,11956
26923,11957
26924,11958
26925,11959
26926,11960
26927,11961
26928,11962
26929,11963
26930,11964
26931,11965
26932,11966
26933,11967
26934,11968
26935,11969
26936,11970
26937,11971
26938,11972
26939,11973
26940,11974
26941,11975
26942,11976
26943,11977
26944,11978
26945,11979
26946,11980
26947,11981
26948,11982
26949,11983
26950,11984
26951,11985
26952,11986
26953,11987
26954,11988
26955,11989
26956,11990
26957,11991
26958,11992
26959,11993
26960,11994
26961,11995
26962,11996
26963,11997
26964,11998
26965,11999
26966,12000
26967,12001
26968,12002
26969,12003
26970,12004
26971,12005
26972,12006
26973,12007
26974,12008
26975,12009
26976,12010
26977,12011
26978,12012
26979,12013
26980,12014
26981,12015
26982,12016
26983,12017
26984,12018
26985,12019
26986,12020
26987,12021
26988,12022
26989,12023
26990,12024
26991,12025
26992,12026
26993,12027
26994,12028
26995,12029
26996,12030
26997,12031
26998,12032
26999,12033
27000,12034
27001,12035
27002,12036
27003,12037
27004,12038
27005,12039
27006,12040
27007,12041
27008,12042
27009,12043
27010,12044
27011,12045
27012,12046
27013,12047
27014,12048
27015,12049
27016,12050
27017,12051
27018,12052
27019,12053
27020,12054
27021,12055
27022,12056
27023,12057
27024,12058
27025,12059
27026,12060
27027,12061
27028,12062
27029,12063
27030,12064
27031,12065
27032,12066
27033,12067
27034,12068
27035,12069
27036,12070
27037,12071
27038,12072
27039,12073
27040,12074
27041,12075
27042,12076
27043,12077
27044,12078
27045,12079
27046,12080
27047,12081
27048,12082
27049,12083
27050,12084
27051,12085
27052,12086
27053,12087
27054,12088
27055,12089
27056,12090
27057,12091
27058,12092
27059,12093
27060,12094
27061,12095
27062,12096
27063,12097
27064,12098
27065,12099
27066,12100
27067,12101
27068,12102
27069,12103
27070,12104
27071,12105
27072,12106
27073,12107
27074,12108
27075,12109
27076,12110
27077,12111
27078,12112
27079,12113
27080,12114
27081,12115
27082,12116
27083,12117
27084,12118
27085,12119
27086,12120
27087,12121
27088,12122
27089,12123
27090,12124
27091,12125
27092,12126
27093,12127
27094,12128
27095,12129
27096,12130
27097,12131
27098,12132
27099,12133
27100,12134
27101,12135
27102,12136
27103,12137
27104,12138
27105,12139
27106,12140
27107,12141
27108,12142
27109,12143
27110,12144
27111,12145
27112,12146
27113,12147
27114,12148
27115,12149
27116,12150
27117,12151
27118,12152
27119,12153
27120,12154
27121,12155
27122,12156
27123,12157
27124,12158
27125,12159
27126,12160
27127,12161
27128,12162
27129,12163
27130,12164
27131,12165
27132,12166
27133,12167
27134,12168
27135,12169
27136,12170
27137,12171
27138,12172
27139,12173
27140,12174
27141,12175
27142,12176
27143,12177
27144,12178
27145,12179
27146,12180
27147,12181
27148,12182
27149,12183
27150,12184
27151,12185
27152,12186
27153,12187
27154,12188
27155,12189
27156,12190
27157,12191
27158,12192
27159,12193
27160,12194
27161,12195
27162,12196
27163,12197
27164,12198
27165,12199
27166,12200
27167,12201
27168,12202
27169,12203
27170,12204
27171,12205
27172,12206
27173,12207
27174,12208
27175,12209
27176,12210
27177,12211
27178,12212
27179,12213
27180,12214
27181,12215
27182,12216
27183,12217
27184,12218
27185,12219
27186,12220
27187,12221
27188,12222
27189,12223
27190,12224
27191,12225
27192,12226
27193,12227
27194,12228
27195,12229
27196,12230
27197,12231
27198,12232
27199,12233
27200,12234
27201,12235
27202,12236
27203,12237
27204,12238
27205,12239
27206,12240
27207,12241
27208,12242
27209,12243
27210,12244
27211,12245
27212,12246
27213,12247
27214,12248
27215,12249
27216,12250
27217,12251
27218,12252
27219,12253
27220,12254
27221,12255
27222,12256
27223,12257
27224,12258
27225,12259
27226,12260
27227,12261
27228,12262
27229,12263
27230,12264
27231,12265
27232,12266
27233,12267
27234,12268
27235,12269
27236,12270
27237,12271
27238,12272
27239,12273
27240,12274
27241,12275
27242,12276
27243,12277
27244,12278
27245,12279
27246,12280
27247,12281
27248,12282
27249,12283
27250,12284
27251,12285
27252,12286
27253,12287
27254,12288
27255,12289
27256,12290
27257,12291
27258,12292
27259,12293
27260,12294
27261,12295
27262,12296
27263,12297
27264,12298
27265,12299
27266,12300
27267,12301
27268,12302
27269,12303
27270,12304
27271,12305
27272,12306
27273,12307
27274,12308
27275,12309
27276,12310
27277,12311
27278,12312
27279,12313
27280,12314
27281,12315
27282,12316
27283,12317
27284,12318
27285,12319
27286,12320
27287,12321
27288,12322
27289,12323
27290,12324
27291,12325
27292,12326
27293,12327
27294,12328
27295,12329
27296,12330
27297,12331
27298,12332
27299,12333
27300,12334
27301,12335
27302,12336
27303,12337
27304,12338
27305,12339
27306,12340
27307,12341
27308,12342
27309,12343
27310,12344
27311,12345
27312,12346
27313,12347
27314,12348
27315,12349
27316,12350
27317,12351
27318,12352
27319,12353
27320,12354
27321,12355
27322,12356
27323,12357
27324,12358
27325,12359
27326,12360
27327,12361
27328,12362
27329,12363
27330,12364
27331,12365
27332,12366
27333,12367
27334,12368
27335,12369
27336,12370
27337,12371
27338,12372
27339,12373
27340,12374
27341,12375
27342,12376
27343,12377
27344,12378
27345,12379
27346,12380
27347,12381
27348,12382
27349,12383
27350,12384
27351,12385
27352,12386
27353,12387
27354,12388
27355,12389
27356,12390
27357,12391
27358,12392
27359,12393
27360,12394
27361,12395
27362,12396
27363,12397
27364,12398
27365,12399
27366,12400
27367,12401
27368,12402
27369,12403
27370,12404
27371,12405
27372,12406
27373,12407
27374,12408
27375,12409
27376,12410
27377,12411
27378,12412
27379,12413
27380,12414
27381,12415
27382,12416
27383,12417
27384,12418
27385,12419
27386,12420
27387,12421
27388,12422
27389,12423
27390,12424
27391,12425
27392,12426
27393,12427
27394,12428
27395,12429
27396,12430
27397,12431
27398,12432
27399,12433
27400,12434
27401,12435
27402,12436
27403,12437
27404,12438
27405,12439
27406,12440
27407,12441
27408,12442
27409,12443
27410,12444
27411,12445
27412,12446
27413,12447
27414,12448
27415,12449
27416,12450
27417,12451
27418,12452
27419,12453
27420,12454
27421,12455
27422,12456
27423,12457
27424,12458
27425,12459
27426,12460
27427,12461
27428,12462
27429,12463
27430,12464
27431,12465
27432,12466
27433,12467
27434,12468
27435,12469
27436,12470
27437,12471
27438,12472
27439,12473
27440,12474
27441,12475
27442,12476
27443,12477
27444,12478
27445,12479
27446,12480
27447,12481
27448,12482
27449,12483
27450,12484
27451,12485
27452,12486
27453,12487
27454,12488
27455,12489
27456,12490
27457,12491
27458,12492
27459,12493
27460,12494
27461,12495
27462,12496
27463,12497
27464,12498
27465,12499
27466,12500
27467,12501
27468,12502
27469,12503
27470,12504
27471,12505
27472,12506
27473,12507
27474,12508
27475,12509
27476,12510
27477,12511
27478,12512
27479,12513
27480,12514
27481,12515
27482,12516
27483,12517
27484,12518
27485,12519
27486,12520
27487,12521
27488,12522
27489,12523
27490,12524
27491,12525
27492,12526
27493,12527
27494,12528
27495,12529
27496,12530
27497,12531
27498,12532
27499,12533
27500,12534
27501,12535
27502,12536
27503,12537
27504,12538
27505,12539
27506,12540
27507,12541
27508,12542
27509,12543
27510,12544
27511,12545
27512,12546
27513,12547
27514,12548
27515,12549
27516,12550
27517,12551
27518,12552
27519,12553
27520,12554
27521,12555
27522,12556
27523,12557
27524,12558
27525,12559
27526,12560
27527,12561
27528,12562
27529,12563
27530,12564
27531,12565
27532,12566
27533,12567
27534,12568
27535,12569
27536,12570
27537,12571
27538,12572
27539,12573
27540,12574
27541,12575
27542,12576
27543,12577
27544,12578
27545,12579
27546,12580
27547,12581
27548,12582
27549,12583
27550,12584
27551,12585
27552,12586
27553,12587
27554,12588
27555,12589
27556,12590
27557,12591
27558,12592
27559,12593
27560,12594
27561,12595
27562,12596
27563,12597
27564,12598
27565,12599
27566,12600
27567,12601
27568,12602
27569,12603
27570,12604
27571,12605
27572,12606
27573,12607
27574,12608
27575,12609
27576,12610
27577,12611
27578,12612
27579,12613
27580,12614
27581,12615
27582,12616
27583,12617
27584,12618
27585,12619
27586,12620
27587,12621
27588,12622
27589,12623
27590,12624
27591,12625
27592,12626
27593,12627
27594,12628
27595,12629
27596,12630
27597,12631
27598,12632
27599,12633
27600,12634
27601,12635
27602,12636
27603,12637
27604,12638
27605,12639
27606,12640
27607,12641
27608,12642
27609,12643
27610,12644
27611,12645
27612,12646
27613,12647
27614,12648
27615,12649
27616,12650
27617,12651
27618,12652
27619,12653
27620,12654
27621,12655
27622,12656
27623,12657
27624,12658
27625,12659
27626,12660
27627,12661
27628,12662
27629,12663
27630,12664
27631,12665
27632,12666
27633,12667
27634,12668
27635,12669
27636,12670
27637,12671
27638,12672
27639,12673
27640,12674
27641,12675
27642,12676
27643,12677
27644,12678
27645,12679
27646,12680
27647,12681
27648,12682
27649,12683
27650,12684
27651,12685
27652,12686
27653,12687
27654,12688
27655,12689
27656,12690
27657,12691
27658,12692
27659,12693
27660,12694
27661,12695
27662,12696
27663,12697
27664,12698
27665,12699
27666,12700
27667,12701
27668,12702
27669,12703
27670,12704
27671,12705
27672,12706
27673,12707
27674,12708
27675,12709
27676,12710
27677,12711
27678,12712
27679,12713
27680,12714
27681,12715
27682,12716
27683,12717
27684,12718
27685,12719
27686,12720
27687,12721
27688,12722
27689,12723
27690,12724
27691,12725
27692,12726
27693,12727
27694,12728
27695,12729
27696,12730
27697,12731
27698,12732
27699,12733
27700,12734
27701,12735
27702,12736
27703,12737
27704,12738
27705,12739
27706,12740
27707,12741
27708,12742
27709,12743
27710,12744
27711,12745
27712,12746
27713,12747
27714,12748
27715,12749
27716,12750
27717,12751
27718,12752
27719,12753
27720,12754
27721,12755
27722,12756
27723,12757
27724,12758
27725,12759
27726,12760
27727,12761
27728,12762
27729,12763
27730,12764
27731,12765
27732,12766
27733,12767
27734,12768
27735,12769
27736,12770
27737,12771
27738,12772
27739,12773
27740,12774
27741,12775
27742,12776
27743,12777
27744,12778
27745,12779
27746,12780
27747,12781
27748,12782
27749,12783
27750,12784
27751,12785
27752,12786
27753,12787
27754,12788
27755,12789
27756,12790
27757,12791
27758,12792
27759,12793
27760,12794
27761,12795
27762,12796
27763,12797
27764,12798
27765,12799
27766,12800
27767,12801
27768,12802
27769,12803
27770,12804
27771,12805
27772,12806
27773,12807
27774,12808
27775,12809
27776,12810
27777,12811
27778,12812
27779,12813
27780,12814
27781,12815
27782,12816
27783,12817
27784,12818
27785,12819
27786,12820
27787,12821
27788,12822
27789,12823
27790,12824
27791,12825
27792,12826
27793,12827
27794,12828
27795,12829
27796,12830
27797,12831
27798,12832
27799,12833
27800,12834
27801,12835
27802,12836
27803,12837
27804,12838
27805,12839
27806,12840
27807,12841
27808,12842
27809,12843
27810,12844
27811,12845
27812,12846
27813,12847
27814,12848
27815,12849
27816,12850
27817,12851
27818,12852
27819,12853
27820,12854
27821,12855
27822,12856
27823,12857
27824,12858
27825,12859
27826,12860
27827,12861
27828,12862
27829,12863
27830,12864
27831,12865
27832,12866
27833,12867
27834,12868
27835,12869
27836,12870
27837,12871
27838,12872
27839,12873
27840,12874
27841,12875
27842,12876
27843,12877
27844,12878
27845,12879
27846,12880
27847,12881
27848,12882
27849,12883
27850,12884
27851,12885
27852,12886
27853,12887
27854,12888
27855,12889
27856,12890
27857,12891
27858,12892
27859,12893
27860,12894
27861,12895
27862,12896
27863,12897
27864,12898
27865,12899
27866,12900
27867,12901
27868,12902
27869,12903
27870,12904
27871,12905
27872,12906
27873,12907
27874,12908
27875,12909
27876,12910
27877,12911
27878,12912
27879,12913
27880,12914
27881,12915
27882,12916
27883,12917
27884,12918
27885,12919
27886,12920
27887,12921
27888,12922
27889,12923
27890,12924
27891,12925
27892,12926
27893,12927
27894,12928
27895,12929
27896,12930
27897,12931
27898,12932
27899,12933
27900,12934
27901,12935
27902,12936
27903,12937
27904,12938
27905,12939
27906,12940
27907,12941
27908,12942
27909,12943
27910,12944
27911,12945
27912,12946
27913,12947
27914,12948
27915,12949
27916,12950
27917,12951
27918,12952
27919,12953
27920,12954
27921,12955
27922,12956
27923,12957
27924,12958
27925,12959
27926,12960
27927,12961
27928,12962
27929,12963
27930,12964
27931,12965
27932,12966
27933,12967
27934,12968
27935,12969
27936,12970
27937,12971
27938,12972
27939,12973
27940,12974
27941,12975
27942,12976
27943,12977
27944,12978
27945,12979
27946,12980
27947,12981
27948,12982
27949,12983
27950,12984
27951,12985
27952,12986
27953,12987
27954,12988
27955,12989
27956,12990
27957,12991
27958,12992
27959,12993
27960,12994
27961,12995
27962,12996
27963,12997
27964,12998
27965,12999
27966,13000
27967,13001
27968,13002
27969,13003
27970,13004
27971,13005
27972,13006
27973,13007
27974,13008
27975,13009
27976,13010
27977,13011
27978,13012
27979,13013
27980,13014
27981,13015
27982,13016
27983,13017
27984,13018
27985,13019
27986,13020
27987,13021
27988,13022
27989,13023
27990,13024
27991,13025
27992,13026
27993,13027
27994,13028
27995,13029
27996,13030
27997,13031
27998,13032
27999,13033
28000,13034
28001,13035
28002,13036
28003,13037
28004,13038
28005,13039
28006,13040
28007,13041
28008,13042
28009,13043
28010,13044
28011,13045
28012,13046
28013,13047
28014,13048
28015,13049
28016,13050
28017,13051
28018,13052
28019,13053
28020,13054
28021,13055
28022,13056
28023,13057
28024,13058
28025,13059
28026,13060
28027,13061
28028,13062
28029,13063
28030,13064
28031,13065
28032,13066
28033,13067
28034,13068
28035,13069
28036,13070
28037,13071
28038,13072
28039,13073
28040,13074
28041,13075
28042,13076
28043,13077
28044,13078
28045,13079
28046,13080
28047,13081
28048,13082
28049,13083
28050,13084
28051,13085
28052,13086
28053,13087
28054,13088
28055,13089
28056,13090
28057,13091
28058,13092
28059,13093
28060,13094
28061,13095
28062,13096
28063,13097
28064,13098
28065,13099
28066,13100
28067,13101
28068,13102
28069,13103
28070,13104
28071,13105
28072,13106
28073,13107
28074,13108
28075,13109
28076,13110
28077,13111
28078,13112
28079,13113
28080,13114
28081,13115
28082,13116
28083,13117
28084,13118
28085,13119
28086,13120
28087,13121
28088,13122
28089,13123
28090,13124
28091,13125
28092,13126
28093,13127
28094,13128
28095,13129
28096,13130
28097,13131
28098,13132
28099,13133
28100,13134
28101,13135
28102,13136
28103,13137
28104,13138
28105,13139
28106,13140
28107,13141
28108,13142
28109,13143
28110,13144
28111,13145
28112,13146
28113,13147
28114,13148
28115,13149
28116,13150
28117,13151
28118,13152
28119,13153
28120,13154
28121,13155
28122,13156
28123,13157
28124,13158
28125,13159
28126,13160
28127,13161
28128,13162
28129,13163
28130,13164
28131,13165
28132,13166
28133,13167
28134,13168
28135,13169
28136,13170
28137,13171
28138,13172
28139,13173
28140,13174
28141,13175
28142,13176
28143,13177
28144,13178
28145,13179
28146,13180
28147,13181
28148,13182
28149,13183
28150,13184
28151,13185
28152,13186
28153,13187
28154,13188
28155,13189
28156,13190
28157,13191
28158,13192
28159,13193
28160,13194
28161,13195
28162,13196
28163,13197
28164,13198
28165,13199
28166,13200
28167,13201
28168,13202
28169,13203
28170,13204
28171,13205
28172,13206
28173,13207
28174,13208
28175,13209
28176,13210
28177,13211
28178,13212
28179,13213
28180,13214
28181,13215
28182,13216
28183,13217
28184,13218
28185,13219
28186,13220
28187,13221
28188,13222
28189,13223
28190,13224
28191,13225
28192,13226
28193,13227
28194,13228
28195,13229
28196,13230
28197,13231
28198,13232
28199,13233
28200,13234
28201,13235
28202,13236
28203,13237
28204,13238
28205,13239
28206,13240
28207,13241
28208,13242
28209,13243
28210,13244
28211,13245
28212,13246
28213,13247
28214,13248
28215,13249
28216,13250
28217,13251
28218,13252
28219,13253
28220,13254
28221,13255
28222,13256
28223,13257
28224,13258
28225,13259
28226,13260
28227,13261
28228,13262
28229,13263
28230,13264
28231,13265
28232,13266
28233,13267
28234,13268
28235,13269
28236,13270
28237,13271
28238,13272
28239,13273
28240,13274
28241,13275
28242,13276
28243,13277
28244,13278
28245,13279
28246,13280
28247,13281
28248,13282
28249,13283
28250,13284
28251,13285
28252,13286
28253,13287
28254,13288
28255,13289
28256,13290
28257,13291
28258,13292
28259,13293
28260,13294
28261,13295
28262,13296
28263,13297
28264,13298
28265,13299
28266,13300
28267,13301
28268,13302
28269,13303
28270,13304
28271,13305
28272,13306
28273,13307
28274,13308
28275,13309
28276,13310
28277,13311
28278,13312
28279,13313
28280,13314
28281,13315
28282,13316
28283,13317
28284,13318
28285,13319
28286,13320
28287,13321
28288,13322
28289,13323
28290,13324
28291,13325
28292,13326
28293,13327
28294,13328
28295,13329
28296,13330
28297,13331
28298,13332
28299,13333
28300,13334
28301,13335
28302,13336
28303,13337
28304,13338
28305,13339
28306,13340
28307,13341
28308,13342
28309,13343
28310,13344
28311,13345
28312,13346
28313,13347
28314,13348
28315,13349
28316,13350
28317,13351
28318,13352
28319,13353
28320,13354
28321,13355
28322,13356
28323,13357
28324,13358
28325,13359
28326,13360
28327,13361
28328,13362
28329,13363
28330,13364
28331,13365
28332,13366
28333,13367
28334,13368
28335,13369
28336,13370
28337,13371
28338,13372
28339,13373
28340,13374
28341,13375
28342,13376
28343,13377
28344,13378
28345,13379
28346,13380
28347,13381
28348,13382
28349,13383
28350,13384
28351,13385
28352,13386
28353,13387
28354,13388
28355,13389
28356,13390
28357,13391
28358,13392
28359,13393
28360,13394
28361,13395
28362,13396
28363,13397
28364,13398
28365,13399
28366,13400
28367,13401
28368,13402
28369,13403
28370,13404
28371,13405
28372,13406
28373,13407
28374,13408
28375,13409
28376,13410
28377,13411
28378,13412
28379,13413
28380,13414
28381,13415
28382,13416
28383,13417
28384,13418
28385,13419
28386,13420
28387,13421
28388,13422
28389,13423
28390,13424
28391,13425
28392,13426
28393,13427
28394,13428
28395,13429
28396,13430
28397,13431
28398,13432
28399,13433
28400,13434
28401,13435
28402,13436
28403,13437
28404,13438
28405,13439
28406,13440
28407,13441
28408,13442
28409,13443
28410,13444
28411,13445
28412,13446
28413,13447
28414,13448
28415,13449
28416,13450
28417,13451
28418,13452
28419,13453
28420,13454
28421,13455
28422,13456
28423,13457
28424,13458
28425,13459
28426,13460
28427,13461
28428,13462
28429,13463
28430,13464
28431,13465
28432,13466
28433,13467
28434,13468
28435,13469
28436,13470
28437,13471
28438,13472
28439,13473
28440,13474
28441,13475
28442,13476
28443,13477
28444,13478
28445,13479
28446,13480
28447,13481
28448,13482
28449,13483
28450,13484
28451,13485
28452,13486
28453,13487
28454,13488
28455,13489
28456,13490
28457,13491
28458,13492
28459,13493
28460,13494
28461,13495
28462,13496
28463,13497
28464,13498
28465,13499
28466,13500
28467,13501
28468,13502
28469,13503
28470,13504
28471,13505
28472,13506
28473,13507
28474,13508
28475,13509
28476,13510
28477,13511
28478,13512
28479,13513
28480,13514
28481,13515
28482,13516
28483,13517
28484,13518
28485,13519
28486,13520
28487,13521
28488,13522
28489,13523
28490,13524
28491,13525
28492,13526
28493,13527
28494,13528
28495,13529
28496,13530
28497,13531
28498,13532
28499,13533
28500,13534
28501,13535
28502,13536
28503,13537
28504,13538
28505,13539
28506,13540
28507,13541
28508,13542
28509,13543
28510,13544
28511,13545
28512,13546
28513,13547
28514,13548
28515,13549
28516,13550
28517,13551
28518,13552
28519,13553
28520,13554
28521,13555
28522,13556
28523,13557
28524,13558
28525,13559
28526,13560
28527,13561
28528,13562
28529,13563
28530,13564
28531,13565
28532,13566
28533,13567
28534,13568
28535,13569
28536,13570
28537,13571
28538,13572
28539,13573
28540,13574
28541,13575
28542,13576
28543,13577
28544,13578
28545,13579
28546,13580
28547,13581
28548,13582
28549,13583
28550,13584
28551,13585
28552,13586
28553,13587
28554,13588
28555,13589
28556,13590
28557,13591
28558,13592
28559,13593
28560,13594
28561,13595
28562,13596
28563,13597
28564,13598
28565,13599
28566,13600
28567,13601
28568,13602
28569,13603
28570,13604
28571,13605
28572,13606
28573,13607
28574,13608
28575,13609
28576,13610
28577,13611
28578,13612
28579,13613
28580,13614
28581,13615
28582,13616
28583,13617
28584,13618
28585,13619
28586,13620
28587,13621
28588,13622
28589,13623
28590,13624
28591,13625
28592,13626
28593,13627
28594,13628
28595,13629
28596,13630
28597,13631
28598,13632
28599,13633
28600,13634
28601,13635
28602,13636
28603,13637
28604,13638
28605,13639
28606,13640
28607,13641
28608,13642
28609,13643
28610,13644
28611,13645
28612,13646
28613,13647
28614,13648
28615,13649
28616,13650
28617,13651
28618,13652
28619,13653
28620,13654
28621,13655
28622,13656
28623,13657
28624,13658
28625,13659
28626,13660
28627,13661
28628,13662
28629,13663
28630,13664
28631,13665
28632,13666
28633,13667
28634,13668
28635,13669
28636,13670
28637,13671
28638,13672
28639,13673
28640,13674
28641,13675
28642,13676
28643,13677
28644,13678
28645,13679
28646,13680
28647,13681
28648,13682
28649,13683
28650,13684
28651,13685
28652,13686
28653,13687
28654,13688
28655,13689
28656,13690
28657,13691
28658,13692
28659,13693
28660,13694
28661,13695
28662,13696
28663,13697
28664,13698
28665,13699
28666,13700
28667,13701
28668,13702
28669,13703
28670,13704
28671,13705
28672,13706
28673,13707
28674,13708
28675,13709
28676,13710
28677,13711
28678,13712
28679,13713
28680,13714
28681,13715
28682,13716
28683,13717
28684,13718
28685,13719
28686,13720
28687,13721
28688,13722
28689,13723
28690,13724
28691,13725
28692,13726
28693,13727
28694,13728
28695,13729
28696,13730
28697,13731
28698,13732
28699,13733
28700,13734
28701,13735
28702,13736
28703,13737
28704,13738
28705,13739
28706,13740
28707,13741
28708,13742
28709,13743
28710,13744
28711,13745
28712,13746
28713,13747
28714,13748
28715,13749
28716,13750
28717,13751
28718,13752
28719,13753
28720,13754
28721,13755
28722,13756
28723,13757
28724,13758
28725,13759
28726,13760
28727,13761
28728,13762
28729,13763
28730,13764
28731,13765
28732,13766
28733,13767
28734,13768
28735,13769
28736,13770
28737,13771
28738,13772
28739,13773
28740,13774
28741,13775
28742,13776
28743,13777
28744,13778
28745,13779
28746,13780
28747,13781
28748,13782
28749,13783
28750,13784
28751,13785
28752,13786
28753,13787
28754,13788
28755,13789
28756,13790
28757,13791
28758,13792
28759,13793
28760,13794
28761,13795
28762,13796
28763,13797
28764,13798
28765,13799
28766,13800
28767,13801
28768,13802
28769,13803
28770,13804
28771,13805
28772,13806
28773,13807
28774,13808
28775,13809
28776,13810
28777,13811
28778,13812
28779,13813
28780,13814
28781,13815
28782,13816
28783,13817
28784,13818
28785,13819
28786,13820
28787,13821
28788,13822
28789,13823
28790,13824
28791,13825
28792,13826
28793,13827
28794,13828
28795,13829
28796,13830
28797,13831
28798,13832
28799,13833
28800,13834
28801,13835
28802,13836
28803,13837
28804,13838
28805,13839
28806,13840
28807,13841
28808,13842
28809,13843
28810,13844
28811,13845
28812,13846
28813,13847
28814,13848
28815,13849
28816,13850
28817,13851
28818,13852
28819,13853
28820,13854
28821,13855
28822,13856
28823,13857
28824,13858
28825,13859
28826,13860
28827,13861
28828,13862
28829,13863
28830,13864
28831,13865
28832,13866
28833,13867
28834,13868
28835,13869
28836,13870
28837,13871
28838,13872
28839,13873
28840,13874
28841,13875
28842,13876
28843,13877
28844,13878
28845,13879
28846,13880
28847,13881
28848,13882
28849,13883
28850,13884
28851,13885
28852,13886
28853,13887
28854,13888
28855,13889
28856,13890
28857,13891
28858,13892
28859,13893
28860,13894
28861,13895
28862,13896
28863,13897
28864,13898
28865,13899
28866,13900
28867,13901
28868,13902
28869,13903
28870,13904
28871,13905
28872,13906
28873,13907
28874,13908
28875,13909
28876,13910
28877,13911
28878,13912
28879,13913
28880,13914
28881,13915
28882,13916
28883,13917
28884,13918
28885,13919
28886,13920
28887,13921
28888,13922
28889,13923
28890,13924
28891,13925
28892,13926
28893,13927
28894,13928
28895,13929
28896,13930
28897,13931
28898,13932
28899,13933
28900,13934
28901,13935
28902,13936
28903,13937
28904,13938
28905,13939
28906,13940
28907,13941
28908,13942
28909,13943
28910,13944
28911,13945
28912,13946
28913,13947
28914,13948
28915,13949
28916,13950
28917,13951
28918,13952
28919,13953
28920,13954
28921,13955
28922,13956
28923,13957
28924,13958
28925,13959
28926,13960
28927,13961
28928,13962
28929,13963
28930,13964
28931,13965
28932,13966
28933,13967
28934,13968
28935,13969
28936,13970
28937,13971
28938,13972
28939,13973
28940,13974
28941,13975
28942,13976
28943,13977
28944,13978
28945,13979
28946,13980
28947,13981
28948,13982
28949,13983
28950,13984
28951,13985
28952,13986
28953,13987
28954,13988
28955,13989
28956,13990
28957,13991
28958,13992
28959,13993
28960,13994
28961,13995
28962,13996
28963,13997
28964,13998
28965,13999
28966,14000
28967,14001
28968,14002
28969,14003
28970,14004
28971,14005
28972,14006
28973,14007
28974,14008
28975,14009
28976,14010
28977,14011
28978,14012
28979,14013
28980,14014
28981,14015
28982,14016
28983,14017
28984,14018
28985,14019
28986,14020
28987,14021
28988,14022
28989,14023
28990,14024
28991,14025
28992,14026
28993,14027
28994,14028
28995,14029
28996,14030
28997,14031
28998,14032
28999,14033
29000,14034
29001,14035
29002,14036
29003,14037
29004,14038
29005,14039
29006,14040
29007,14041
29008,14042
29009,14043
29010,14044
29011,14045
29012,14046
29013,14047
29014,14048
29015,14049
29016,14050
29017,14051
29018,14052
29019,14053
29020,14054
29021,14055
29022,14056
29023,14057
29024,14058
29025,14059
29026,14060
29027,14061
29028,14062
29029,14063
29030,14064
29031,14065
29032,14066
29033,14067
29034,14068
29035,14069
29036,14070
29037,14071
29038,14072
29039,14073
29040,14074
29041,14075
29042,14076
29043,14077
29044,14078
29045,14079
29046,14080
29047,14081
29048,14082
29049,14083
29050,14084
29051,14085
29052,14086
29053,14087
29054,14088
29055,14089
29056,14090
29057,14091
29058,14092
29059,14093
29060,14094
29061,14095
29062,14096
29063,14097
29064,14098
29065,14099
29066,14100
29067,14101
29068,14102
29069,14103
29070,14104
29071,14105
29072,14106
29073,14107
29074,14108
29075,14109
29076,14110
29077,14111
29078,14112
29079,14113
29080,14114
29081,14115
29082,14116
29083,14117
29084,14118
29085,14119
29086,14120
29087,14121
29088,14122
29089,14123
29090,14124
29091,14125
29092,14126
29093,14127
29094,14128
29095,14129
29096,14130
29097,14131
29098,14132
29099,14133
29100,14134
29101,14135
29102,14136
29103,14137
29104,14138
29105,14139
29106,14140
29107,14141
29108,14142
29109,14143
29110,14144
29111,14145
29112,14146
29113,14147
29114,14148
29115,14149
29116,14150
29117,14151
29118,14152
29119,14153
29120,14154
29121,14155
29122,14156
29123,14157
29124,14158
29125,14159
29126,14160
29127,14161
29128,14162
29129,14163
29130,14164
29131,14165
29132,14166
29133,14167
29134,14168
29135,14169
29136,14170
29137,14171
29138,14172
29139,14173
29140,14174
29141,14175
29142,14176
29143,14177
29144,14178
29145,14179
29146,14180
29147,14181
29148,14182
29149,14183
29150,14184
29151,14185
29152,14186
29153,14187
29154,14188
29155,14189
29156,14190
29157,14191
29158,14192
29159,14193
29160,14194
29161,14195
29162,14196
29163,14197
29164,14198
29165,14199
29166,14200
29167,14201
29168,14202
29169,14203
29170,14204
29171,14205
29172,14206
29173,14207
29174,14208
29175,14209
29176,14210
29177,14211
29178,14212
29179,14213
29180,14214
29181,14215
29182,14216
29183,14217
29184,14218
29185,14219
29186,14220
29187,14221
29188,14222
29189,14223
29190,14224
29191,14225
29192,14226
29193,14227
29194,14228
29195,14229
29196,14230
29197,14231
29198,14232
29199,14233
29200,14234
29201,14235
29202,14236
29203,14237
29204,14238
29205,14239
29206,14240
29207,14241
29208,14242
29209,14243
29210,14244
29211,14245
29212,14246
29213,14247
29214,14248
29215,14249
29216,14250
29217,14251
29218,14252
29219,14253
29220,14254
29221,14255
29222,14256
29223,14257
29224,14258
29225,14259
29226,14260
29227,14261
29228,14262
29229,14263
29230,14264
29231,14265
29232,14266
29233,14267
29234,14268
29235,14269
29236,14270
29237,14271
29238,14272
29239,14273
29240,14274
29241,14275
29242,14276
29243,14277
29244,14278
29245,14279
29246,14280
29247,14281
29248,14282
29249,14283
29250,14284
29251,14285
29252,14286
29253,14287
29254,14288
29255,14289
29256,14290
29257,14291
29258,14292
29259,14293
29260,14294
29261,14295
29262,14296
29263,14297
29264,14298
29265,14299
29266,14300
29267,14301
29268,14302
29269,14303
29270,14304
29271,14305
29272,14306
29273,14307
29274,14308
29275,14309
29276,14310
29277,14311
29278,14312
29279,14313
29280,14314
29281,14315
29282,14316
29283,14317
29284,14318
29285,14319
29286,14320
29287,14321
29288,14322
29289,14323
29290,14324
29291,14325
29292,14326
29293,14327
29294,14328
29295,14329
29296,14330
29297,14331
29298,14332
29299,14333
29300,14334
29301,14335
29302,14336
29303,14337
29304,14338
29305,14339
29306,14340
29307,14341
29308,14342
29309,14343
29310,14344
29311,14345
29312,14346
29313,14347
29314,14348
29315,14349
29316,14350
29317,14351
29318,14352
29319,14353
29320,14354
29321,14355
29322,14356
29323,14357
29324,14358
29325,14359
29326,14360
29327,14361
29328,14362
29329,14363
29330,14364
29331,14365
29332,14366
29333,14367
29334,14368
29335,14369
29336,14370
29337,14371
29338,14372
29339,14373
29340,14374
29341,14375
29342,14376
29343,14377
29344,14378
29345,14379
29346,14380
29347,14381
29348,14382
29349,14383
29350,14384
29351,14385
29352,14386
29353,14387
29354,14388
29355,14389
29356,14390
29357,14391
29358,14392
29359,14393
29360,14394
29361,14395
29362,14396
29363,14397
29364,14398
29365,14399
29366,14400
29367,14401
29368,14402
29369,14403
29370,14404
29371,14405
29372,14406
29373,14407
29374,14408
29375,14409
29376,14410
29377,14411
29378,14412
29379,14413
29380,14414
29381,14415
29382,14416
29383,14417
29384,14418
29385,14419
29386,14420
29387,14421
29388,14422
29389,14423
29390,14424
29391,14425
29392,14426
29393,14427
29394,14428
29395,14429
29396,14430
29397,14431
29398,14432
29399,14433
29400,14434
29401,14435
29402,14436
29403,14437
29404,14438
29405,14439
29406,14440
29407,14441
29408,14442
29409,14443
29410,14444
29411,14445
29412,14446
29413,14447
29414,14448
29415,14449
29416,14450
29417,14451
29418,14452
29419,14453
29420,14454
29421,14455
29422,14456
29423,14457
29424,14458
29425,14459
29426,14460
29427,14461
29428,14462
29429,14463
29430,14464
29431,14465
29432,14466
29433,14467
29434,14468
29435,14469
29436,14470
29437,14471
29438,14472
29439,14473
29440,14474
29441,14475
29442,14476
29443,14477
29444,14478
29445,14479
29446,14480
29447,14481
29448,14482
29449,14483
29450,14484
29451,14485
29452,14486
29453,14487
29454,14488
29455,14489
29456,14490
29457,14491
29458,14492
29459,14493
29460,14494
29461,14495
29462,14496
29463,14497
29464,14498
29465,14499
29466,14500
29467,14501
29468,14502
29469,14503
29470,14504
29471,14505
29472,14506
29473,14507
29474,14508
29475,14509
29476,14510
29477,14511
29478,14512
29479,14513
29480,14514
29481,14515
29482,14516
29483,14517
29484,14518
29485,14519
29486,14520
29487,14521
29488,14522
29489,14523
29490,14524
29491,14525
29492,14526
29493,14527
29494,14528
29495,14529
29496,14530
29497,14531
29498,14532
29499,14533
29500,14534
29501,14535
29502,14536
29503,14537
29504,14538
29505,14539
29506,14540
29507,14541
29508,14542
29509,14543
29510,14544
29511,14545
29512,14546
29513,14547
29514,14548
29515,14549
29516,14550
29517,14551
29518,14552
29519,14553
29520,14554
29521,14555
29522,14556
29523,14557
29524,14558
29525,14559
29526,14560
29527,14561
29528,14562
29529,14563
29530,14564
29531,14565
29532,14566
29533,14567
29534,14568
29535,14569
29536,14570
29537,14571
29538,14572
29539,14573
29540,14574
29541,14575
29542,14576
29543,14577
29544,14578
29545,14579
29546,14580
29547,14581
29548,14582
29549,14583
29550,14584
29551,14585
29552,14586
29553,14587
29554,14588
29555,14589
29556,14590
29557,14591
29558,14592
29559,14593
29560,14594
29561,14595
29562,14596
29563,14597
29564,14598
29565,14599
29566,14600
29567,14601
29568,14602
29569,14603
29570,14604
29571,14605
29572,14606
29573,14607
29574,14608
29575,14609
29576,14610
29577,14611
29578,14612
29579,14613
29580,14614
29581,14615
29582,14616
29583,14617
29584,14618
29585,14619
29586,14620
29587,14621
29588,14622
29589,14623
29590,14624
29591,14625
29592,14626
29593,14627
29594,14628
29595,14629
29596,14630
29597,14631
29598,14632
29599,14633
29600,14634
29601,14635
29602,14636
29603,14637
29604,14638
29605,14639
29606,14640
29607,14641
29608,14642
29609,14643
29610,14644
29611,14645
29612,14646
29613,14647
29614,14648
29615,14649
29616,14650
29617,14651
29618,14652
29619,14653
29620,14654
29621,14655
29622,14656
29623,14657
29624,14658
29625,14659
29626,14660
29627,14661
29628,14662
29629,14663
29630,14664
29631,14665
29632,14666
29633,14667
29634,14668
29635,14669
29636,14670
29637,14671
29638,14672
29639,14673
29640,14674
29641,14675
29642,14676
29643,14677
29644,14678
29645,14679
29646,14680
29647,14681
29648,14682
29649,14683
29650,14684
29651,14685
29652,14686
29653,14687
29654,14688
29655,14689
29656,14690
29657,14691
29658,14692
29659,14693
29660,14694
29661,14695
29662,14696
29663,14697
29664,14698
29665,14699
29666,14700
29667,14701
29668,14702
29669,14703
29670,14704
29671,14705
29672,14706
29673,14707
29674,14708
29675,14709
29676,14710
29677,14711
29678,14712
29679,14713
29680,14714
29681,14715
29682,14716
29683,14717
29684,14718
29685,14719
29686,14720
29687,14721
29688,14722
29689,14723
29690,14724
29691,14725
29692,14726
29693,14727
29694,14728
29695,14729
29696,14730
29697,14731
29698,14732
29699,14733
29700,14734
29701,14735
29702,14736
29703,14737
29704,14738
29705,14739
29706,14740
29707,14741
29708,14742
29709,14743
29710,14744
29711,14745
29712,14746
29713,14747
29714,14748
29715,14749
29716,14750
29717,14751
29718,14752
29719,14753
29720,14754
29721,14755
29722,14756
29723,14757
29724,14758
29725,14759
29726,14760
29727,14761
29728,14762
29729,14763
29730,14764
29731,14765
29732,14766
29733,14767
29734,14768
29735,14769
29736,14770
29737,14771
29738,14772
29739,14773
29740,14774
29741,14775
29742,14776
29743,14777
29744,14778
29745,14779
29746,14780
29747,14781
29748,14782
29749,14783
29750,14784
29751,14785
29752,14786
29753,14787
29754,14788
29755,14789
29756,14790
29757,14791
29758,14792
29759,14793
29760,14794
29761,14795
29762,14796
29763,14797
29764,14798
29765,14799
29766,14800
29767,14801
29768,14802
29769,14803
29770,14804
29771,14805
29772,14806
29773,14807
29774,14808
29775,14809
29776,14810
29777,14811
29778,14812
29779,14813
29780,14814
29781,14815
29782,14816
29783,14817
29784,14818
29785,14819
29786,14820
29787,14821
29788,14822
29789,14823
29790,14824
29791,14825
29792,14826
29793,14827
29794,14828
29795,14829
29796,14830
29797,14831
29798,14832
29799,14833
29800,14834
29801,14835
29802,14836
29803,14837
29804,14838
29805,14839
29806,14840
29807,14841
29808,14842
29809,14843
29810,14844
29811,14845
29812,14846
29813,14847
29814,14848
29815,14849
29816,14850
29817,14851
29818,14852
29819,14853
29820,14854
29821,14855
29822,14856
29823,14857
29824,14858
29825,14859
29826,14860
29827,14861
29828,14862
29829,14863
29830,14864
29831,14865
29832,14866
29833,14867
29834,14868
29835,14869
29836,14870
29837,14871
29838,14872
29839,14873
29840,14874
29841,14875
29842,14876
29843,14877
29844,14878
29845,14879
29846,14880
29847,14881
29848,14882
29849,14883
29850,14884
29851,14885
29852,14886
29853,14887
29854,14888
29855,14889
29856,14890
29857,14891
29858,14892
29859,14893
29860,14894
29861,14895
29862,14896
29863,14897
29864,14898
29865,14899
29866,14900
29867,14901
29868,14902
29869,14903
29870,14904
29871,14905
29872,14906
29873,14907
29874,14908
29875,14909
29876,14910
29877,14911
29878,14912
29879,14913
29880,14914
29881,14915
29882,14916
29883,14917
29884,14918
29885,14919
29886,14920
29887,14921
29888,14922
29889,14923
29890,14924
29891,14925
29892,14926
29893,14927
29894,14928
29895,14929
29896,14930
29897,14931
29898,14932
29899,14933
29900,14934
29901,14935
29902,14936
29903,14937
29904,14938
29905,14939
29906,14940
29907,14941
29908,14942
29909,14943
29910,14944
29911,14945
29912,14946
29913,14947
29914,14948
29915,14949
29916,14950
29917,14951
29918,14952
29919,14953
29920,14954
29921,14955
29922,14956
29923,14957
29924,14958
29925,14959
29926,14960
29927,14961
29928,14962
29929,14963
29930,14964
29931,14965
29932,14966
29933,14967
29934,14968
29935,14969
29936,14970
29937,14971
29938,14972
29939,14973
29940,14974
29941,14975
29942,14976
29943,14977
29944,14978
29945,14979
29946,14980
29947,14981
29948,14982
29949,14983
29950,14984
29951,14985
29952,14986
29953,14987
29954,14988
29955,14989
29956,14990
29957,14991
29958,14992
29959,14993
29960,14994
29961,14995
29962,14996
29963,14997
29964,14998
29965,14999
29966,15000
29967,15001
29968,15002
29969,15003
29970,15004
29971,15005
29972,15006
29973,15007
29974,15008
29975,15009
29976,15010
29977,15011
29978,15012
29979,15013
29980,15014
29981,15015
29982,15016
29983,15017
29984,15018
29985,15019
29986,15020
29987,15021
29988,15022
29989,15023
29990,15024
29991,15025
29992,15026
29993,15027
29994,15028
29995,15029
29996,15030
29997,15031
29998,15032
29999,15033
30000,15034
30001,15035
30002,15036
30003,15037
30004,15038
30005,15039
30006,15040
30007,15041
30008,15042
30009,15043
30010,15044
30011,15045
30012,15046
30013,15047
30014,15048
30015,15049
30016,15050
30017,15051
30018,15052
30019,15053
30020,15054
30021,15055
30022,15056
30023,15057
30024,15058
30025,15059
30026,15060
30027,15061
30028,15062
30029,15063
30030,15064
30031,15065
30032,15066
30033,15067
30034,15068
30035,15069
30036,15070
30037,15071
30038,15072
30039,15073
30040,15074
30041,15075
30042,15076
30043,15077
30044,15078
30045,15079
30046,15080
30047,15081
30048,15082
30049,15083
30050,15084
30051,15085
30052,15086
30053,15087
30054,15088
30055,15089
30056,15090
30057,15091
30058,15092
30059,15093
30060,15094
30061,15095
30062,15096
30063,15097
30064,15098
30065,15099
30066,15100
30067,15101
30068,15102
30069,15103
30070,15104
30071,15105
30072,15106
30073,15107
30074,15108
30075,15109
30076,15110
30077,15111
30078,15112
30079,15113
30080,15114
30081,15115
30082,15116
30083,15117
30084,15118
30085,15119
30086,15120
30087,15121
30088,15122
30089,15123
30090,15124
30091,15125
30092,15126
30093,15127
30094,15128
30095,15129
30096,15130
30097,15131
30098,15132
30099,15133
30100,15134
30101,15135
30102,15136
30103,15137
30104,15138
30105,15139
30106,15140
30107,15141
30108,15142
30109,15143
30110,15144
30111,15145
30112,15146
30113,15147
30114,15148
30115,15149
30116,15150
30117,15151
30118,15152
30119,15153
30120,15154
30121,15155
30122,15156
30123,15157
30124,15158
30125,15159
30126,15160
30127,15161
30128,15162
30129,15163
30130,15164
30131,15165
30132,15166
30133,15167
30134,15168
30135,15169
30136,15170
30137,15171
30138,15172
30139,15173
30140,15174
30141,15175
30142,15176
30143,15177
30144,15178
30145,15179
30146,15180
30147,15181
30148,15182
30149,15183
30150,15184
30151,15185
30152,15186
30153,15187
30154,15188
30155,15189
30156,15190
30157,15191
30158,15192
30159,15193
30160,15194
30161,15195
30162,15196
30163,15197
30164,15198
30165,15199
30166,15200
30167,15201
30168,15202
30169,15203
30170,15204
30171,15205
30172,15206
30173,15207
30174,15208
30175,15209
30176,15210
30177,15211
30178,15212
30179,15213
30180,15214
30181,15215
30182,15216
30183,15217
30184,15218
30185,15219
30186,15220
30187,15221
30188,15222
30189,15223
30190,15224
30191,15225
30192,15226
30193,15227
30194,15228
30195,15229
30196,15230
30197,15231
30198,15232
30199,15233
30200,15234
30201,15235
30202,15236
30203,15237
30204,15238
30205,15239
30206,15240
30207,15241
30208,15242
30209,15243
30210,15244
30211,15245
30212,15246
30213,15247
30214,15248
30215,15249
30216,15250
30217,15251
30218,15252
30219,15253
30220,15254
30221,15255
30222,15256
30223,15257
30224,15258
30225,15259
30226,15260
30227,15261
30228,15262
30229,15263
30230,15264
30231,15265
30232,15266
30233,15267
30234,15268
30235,15269
30236,15270
30237,15271
30238,15272
30239,15273
30240,15274
30241,15275
30242,15276
30243,15277
30244,15278
30245,15279
30246,15280
30247,15281
30248,15282
30249,15283
30250,15284
30251,15285
30252,15286
30253,15287
30254,15288
30255,15289
30256,15290
30257,15291
30258,15292
30259,15293
30260,15294
30261,15295
30262,15296
30263,15297
30264,15298
30265,15299
30266,15300
30267,15301
30268,15302
30269,15303
30270,15304
30271,15305
30272,15306
30273,15307
30274,15308
30275,15309
30276,15310
30277,15311
30278,15312
30279,15313
30280,15314
30281,15315
30282,15316
30283,15317
30284,15318
30285,15319
30286,15320
30287,15321
30288,15322
30289,15323
30290,15324
30291,15325
30292,15326
30293,15327
30294,15328
30295,15329
30296,15330
30297,15331
30298,15332
30299,15333
30300,15334
30301,15335
30302,15336
30303,15337
30304,15338
30305,15339
30306,15340
30307,15341
30308,15342
30309,15343
30310,15344
30311,15345
30312,15346
30313,15347
30314,15348
30315,15349
30316,15350
30317,15351
30318,15352
30319,15353
30320,15354
30321,15355
30322,15356
30323,15357
30324,15358
30325,15359
30326,15360
30327,15361
30328,15362
30329,15363
30330,15364
30331,15365
30332,15366
30333,15367
30334,15368
30335,15369
30336,15370
30337,15371
30338,15372
30339,15373
30340,15374
30341,15375
30342,15376
30343,15377
30344,15378
30345,15379
30346,15380
30347,15381
30348,15382
30349,15383
30350,15384
30351,15385
30352,15386
30353,15387
30354,15388
30355,15389
30356,15390
30357,15391
30358,15392
30359,15393
30360,15394
30361,15395
30362,15396
30363,15397
30364,15398
30365,15399
30366,15400
30367,15401
30368,15402
30369,15403
30370,15404
30371,15405
30372,15406
30373,15407
30374,15408
30375,15409
30376,15410
30377,15411
30378,15412
30379,15413
30380,15414
30381,15415
30382,15416
30383,15417
30384,15418
30385,15419
30386,15420
30387,15421
30388,15422
30389,15423
30390,15424
30391,15425
30392,15426
30393,15427
30394,15428
30395,15429
30396,15430
30397,15431
30398,15432
30399,15433
30400,15434
30401,15435
30402,15436
30403,15437
30404,15438
30405,15439
30406,15440
30407,15441
30408,15442
30409,15443
30410,15444
30411,15445
30412,15446
30413,15447
30414,15448
30415,15449
30416,15450
30417,15451
30418,15452
30419,15453
30420,15454
30421,15455
30422,15456
30423,15457
30424,15458
30425,15459
30426,15460
30427,15461
30428,15462
30429,15463
30430,15464
30431,15465
30432,15466
30433,15467
30434,15468
30435,15469
30436,15470
30437,15471
30438,15472
30439,15473
30440,15474
30441,15475
30442,15476
30443,15477
30444,15478
30445,15479
30446,15480
30447,15481
30448,15482
30449,15483
30450,15484
30451,15485
30452,15486
30453,15487
30454,15488
30455,15489
30456,15490
30457,15491
30458,15492
30459,15493
30460,15494
30461,15495
30462,15496
30463,15497
30464,15498
30465,15499
30466,15500
30467,15501
30468,15502
30469,15503
30470,15504
30471,15505
30472,15506
30473,15507
30474,15508
30475,15509
30476,15510
30477,15511
30478,15512
30479,15513
30480,15514
30481,15515
30482,15516
30483,15517
30484,15518
30485,15519
30486,15520
30487,15521
30488,15522
30489,15523
30490,15524
30491,15525
30492,15526
30493,15527
30494,15528
30495,15529
30496,15530
30497,15531
30498,15532
30499,15533
30500,15534
30501,15535
30502,15536
30503,15537
30504,15538
30505,15539
30506,15540
30507,15541
30508,15542
30509,15543
30510,15544
30511,15545
30512,15546
30513,15547
30514,15548
30515,15549
30516,15550
30517,15551
30518,15552
30519,15553
30520,15554
30521,15555
30522,15556
30523,15557
30524,15558
30525,15559
30526,15560
30527,15561
30528,15562
30529,15563
30530,15564
30531,15565
30532,15566
30533,15567
30534,15568
30535,15569
30536,15570
30537,15571
30538,15572
30539,15573
30540,15574
30541,15575
30542,15576
30543,15577
30544,15578
30545,15579
30546,15580
30547,15581
30548,15582
30549,15583
30550,15584
30551,15585
30552,15586
30553,15587
30554,15588
30555,15589
30556,15590
30557,15591
30558,15592
30559,15593
30560,15594
30561,15595
30562,15596
30563,15597
30564,15598
30565,15599
30566,15600
30567,15601
30568,15602
30569,15603
30570,15604
30571,15605
30572,15606
30573,15607
30574,15608
30575,15609
30576,15610
30577,15611
30578,15612
30579,15613
30580,15614
30581,15615
30582,15616
30583,15617
30584,15618
30585,15619
30586,15620
30587,15621
30588,15622
30589,15623
30590,15624
30591,15625
30592,15626
30593,15627
30594,15628
30595,15629
30596,15630
30597,15631
30598,15632
30599,15633
30600,15634
30601,15635
30602,15636
30603,15637
30604,15638
30605,15639
30606,15640
30607,15641
30608,15642
30609,15643
30610,15644
30611,15645
30612,15646
30613,15647
30614,15648
30615,15649
30616,15650
30617,15651
30618,15652
30619,15653
30620,15654
30621,15655
30622,15656
30623,15657
30624,15658
30625,15659
30626,15660
30627,15661
30628,15662
30629,15663
30630,15664
30631,15665
30632,15666
30633,15667
30634,15668
30635,15669
30636,15670
30637,15671
30638,15672
30639,15673
30640,15674
30641,15675
30642,15676
30643,15677
30644,15678
30645,15679
30646,15680
30647,15681
30648,15682
30649,15683
30650,15684
30651,15685
30652,15686
30653,15687
30654,15688
30655,15689
30656,15690
30657,15691
30658,15692
30659,15693
30660,15694
30661,15695
30662,15696
30663,15697
30664,15698
30665,15699
30666,15700
30667,15701
30668,15702
30669,15703
30670,15704
30671,15705
30672,15706
30673,15707
30674,15708
30675,15709
30676,15710
30677,15711
30678,15712
30679,15713
30680,15714
30681,15715
30682,15716
30683,15717
30684,15718
30685,15719
30686,15720
30687,15721
30688,15722
30689,15723
30690,15724
30691,15725
30692,15726
30693,15727
30694,15728
30695,15729
30696,15730
30697,15731
30698,15732
30699,15733
30700,15734
30701,15735
30702,15736
30703,15737
30704,15738
30705,15739
30706,15740
30707,15741
30708,15742
30709,15743
30710,15744
30711,15745
30712,15746
30713,15747
30714,15748
30715,15749
30716,15750
30717,15751
30718,15752
30719,15753
30720,15754
30721,15755
30722,15756
30723,15757
30724,15758
30725,15759
30726,15760
30727,15761
30728,15762
30729,15763
30730,15764
30731,15765
30732,15766
30733,15767
30734,15768
30735,15769
30736,15770
30737,15771
30738,15772
30739,15773
30740,15774
30741,15775
30742,15776
30743,15777
30744,15778
30745,15779
30746,15780
30747,15781
30748,15782
30749,15783
30750,15784
30751,15785
30752,15786
30753,15787
30754,15788
30755,15789
30756,15790
30757,15791
30758,15792
30759,15793
30760,15794
30761,15795
30762,15796
30763,15797
30764,15798
30765,15799
30766,15800
30767,15801
30768,15802
30769,15803
30770,15804
30771,15805
30772,15806
30773,15807
30774,15808
30775,15809
30776,15810
30777,15811
30778,15812
30779,15813
30780,15814
30781,15815
30782,15816
30783,15817
30784,15818
30785,15819
30786,15820
30787,15821
30788,15822
30789,15823
30790,15824
30791,15825
30792,15826
30793,15827
30794,15828
30795,15829
30796,15830
30797,15831
30798,15832
30799,15833
30800,15834
30801,15835
30802,15836
30803,15837
30804,15838
30805,15839
30806,15840
30807,15841
30808,15842
30809,15843
30810,15844
30811,15845
30812,15846
30813,15847
30814,15848
30815,15849
30816,15850
30817,15851
30818,15852
30819,15853
30820,15854
30821,15855
30822,15856
30823,15857
30824,15858
30825,15859
30826,15860
30827,15861
30828,15862
30829,15863
30830,15864
30831,15865
30832,15866
30833,15867
30834,15868
30835,15869
30836,15870
30837,15871
30838,15872
30839,15873
30840,15874
30841,15875
30842,15876
30843,15877
30844,15878
30845,15879
30846,15880
30847,15881
30848,15882
30849,15883
30850,15884
30851,15885
30852,15886
30853,15887
30854,15888
30855,15889
30856,15890
30857,15891
30858,15892
30859,15893
30860,15894
30861,15895
30862,15896
30863,15897
30864,15898
30865,15899
30866,15900
30867,15901
30868,15902
30869,15903
30870,15904
30871,15905
30872,15906
30873,15907
30874,15908
30875,15909
30876,15910
30877,15911
30878,15912
30879,15913
30880,15914
30881,15915
30882,15916
30883,15917
30884,15918
30885,15919
30886,15920
30887,15921
30888,15922
30889,15923
30890,15924
30891,15925
30892,15926
30893,15927
30894,15928
30895,15929
30896,15930
30897,15931
30898,15932
30899,15933
30900,15934
30901,15935
30902,15936
30903,15937
30904,15938
30905,15939
30906,15940
30907,15941
30908,15942
30909,15943
30910,15944
30911,15945
30912,15946
30913,15947
30914,15948
30915,15949
30916,15950
30917,15951
30918,15952
30919,15953
30920,15954
30921,15955
30922,15956
30923,15957
30924,15958
30925,15959
30926,15960
30927,15961
30928,15962
30929,15963
30930,15964
30931,15965
30932,15966
30933,15967
30934,15968
30935,15969
30936,15970
30937,15971
30938,15972
30939,15973
30940,15974
30941,15975
30942,15976
30943,15977
30944,15978
30945,15979
30946,15980
30947,15981
30948,15982
30949,15983
30950,15984
30951,15985
30952,15986
30953,15987
30954,15988
30955,15989
30956,15990
30957,15991
30958,15992
30959,15993
30960,15994
30961,15995
30962,15996
30963,15997
30964,15998
30965,15999
30966,16000
30967,16001
30968,16002
30969,16003
30970,16004
30971,16005
30972,16006
30973,16007
30974,16008
30975,16009
30976,16010
30977,16011
30978,16012
30979,16013
30980,16014
30981,16015
30982,16016
30983,16017
30984,16018
30985,16019
30986,16020
30987,16021
30988,16022
30989,16023
30990,16024
30991,16025
30992,16026
30993,16027
30994,16028
30995,16029
30996,16030
30997,16031
30998,16032
30999,16033
31000,16034
31001,16035
31002,16036
31003,16037
31004,16038
31005,16039
31006,16040
31007,16041
31008,16042
31009,16043
31010,16044
31011,16045
31012,16046
31013,16047
31014,16048
31015,16049
31016,16050
31017,16051
31018,16052
31019,16053
31020,16054
31021,16055
31022,16056
31023,16057
31024,16058
31025,16059
31026,16060
31027,16061
31028,16062
31029,16063
31030,16064
31031,16065
31032,16066
31033,16067
31034,16068
31035,16069
31036,16070
31037,16071
31038,16072
31039,16073
31040,16074
31041,16075
31042,16076
31043,16077
31044,16078
31045,16079
31046,16080
31047,16081
31048,16082
31049,16083
31050,16084
31051,16085
31052,16086
31053,16087
31054,16088
31055,16089
31056,16090
31057,16091
31058,16092
31059,16093
31060,16094
31061,16095
31062,16096
31063,16097
31064,16098
31065,16099
31066,16100
31067,16101
31068,16102
31069,16103
31070,16104
31071,16105
31072,16106
31073,16107
31074,16108
31075,16109
31076,16110
31077,16111
31078,16112
31079,16113
31080,16114
31081,16115
31082,16116
31083,16117
31084,16118
31085,16119
31086,16120
31087,16121
31088,16122
31089,16123
31090,16124
31091,16125
31092,16126
31093,16127
31094,16128
31095,16129
31096,16130
31097,16131
31098,16132
31099,16133
31100,16134
31101,16135
31102,16136
31103,16137
31104,16138
31105,16139
31106,16140
31107,16141
31108,16142
31109,16143
31110,16144
31111,16145
31112,16146
31113,16147
31114,16148
31115,16149
31116,16150
31117,16151
31118,16152
31119,16153
31120,16154
31121,16155
31122,16156
31123,16157
31124,16158
31125,16159
31126,16160
31127,16161
31128,16162
31129,16163
31130,16164
31131,16165
31132,16166
31133,16167
31134,16168
31135,16169
31136,16170
31137,16171
31138,16172
31139,16173
31140,16174
31141,16175
31142,16176
31143,16177
31144,16178
31145,16179
31146,16180
31147,16181
31148,16182
31149,16183
31150,16184
31151,16185
31152,16186
31153,16187
31154,16188
31155,16189
31156,16190
31157,16191
31158,16192
31159,16193
31160,16194
31161,16195
31162,16196
31163,16197
31164,16198
31165,16199
31166,16200
31167,16201
31168,16202
31169,16203
31170,16204
31171,16205
31172,16206
31173,16207
31174,16208
31175,16209
31176,16210
31177,16211
31178,16212
31179,16213
31180,16214
31181,16215
31182,16216
31183,16217
31184,16218
31185,16219
31186,16220
31187,16221
31188,16222
31189,16223
31190,16224
31191,16225
31192,16226
31193,16227
31194,16228
31195,16229
31196,16230
31197,16231
31198,16232
31199,16233
31200,16234
31201,16235
31202,16236
31203,16237
31204,16238
31205,16239
31206,16240
31207,16241
31208,16242
31209,16243
31210,16244
31211,16245
31212,16246
31213,16247
31214,16248
31215,16249
31216,16250
31217,16251
31218,16252
31219,16253
31220,16254
31221,16255
31222,16256
31223,16257
31224,16258
31225,16259
31226,16260
31227,16261
31228,16262
31229,16263
31230,16264
31231,16265
31232,16266
31233,16267
31234,16268
31235,16269
31236,16270
31237,16271
31238,16272
31239,16273
31240,16274
31241,16275
31242,16276
31243,16277
31244,16278
31245,16279
31246,16280
31247,16281
31248,16282
31249,16283
31250,16284
31251,16285
31252,16286
31253,16287
31254,16288
31255,16289
31256,16290
31257,16291
31258,16292
31259,16293
31260,16294
31261,16295
31262,16296
31263,16297
31264,16298
31265,16299
31266,16300
31267,16301
31268,16302
31269,16303
31270,16304
31271,16305
31272,16306
31273,16307
31274,16308
31275,16309
31276,16310
31277,16311
31278,16312
31279,16313
31280,16314
31281,16315
31282,16316
31283,16317
31284,16318
31285,16319
31286,16320
31287,16321
31288,16322
31289,16323
31290,16324
31291,16325
31292,16326
31293,16327
31294,16328
31295,16329
31296,16330
31297,16331
31298,16332
31299,16333
31300,16334
31301,16335
31302,16336
31303,16337
31304,16338
31305,16339
31306,16340
31307,16341
31308,16342
31309,16343
31310,16344
31311,16345
31312,16346
31313,16347
31314,16348
31315,16349
31316,16350
31317,16351
31318,16352
31319,16353
31320,16354
31321,16355
31322,16356
31323,16357
31324,16358
31325,16359
31326,16360
31327,16361
31328,16362
31329,16363
31330,16364
31331,16365
31332,16366
31333,16367
31334,16368
31335,16369
31336,16370
31337,16371
31338,16372
31339,16373
31340,16374
31341,16375
31342,16376
31343,16377
31344,16378
31345,16379
31346,16380
31347,16381
31348,16382
31349,16383
31350,16384
31351,16385
31352,16386
31353,16387
31354,16388
31355,16389
31356,16390
31357,16391
31358,16392
31359,16393
31360,16394
31361,16395
31362,16396
31363,16397
31364,16398
31365,16399
31366,16400
31367,16401
31368,16402
31369,16403
31370,16404
31371,16405
31372,16406
31373,16407
31374,16408
31375,16409
31376,16410
31377,16411
31378,16412
31379,16413
31380,16414
31381,16415
31382,16416
31383,16417
31384,16418
31385,16419
31386,16420
31387,16421
31388,16422
31389,16423
31390,16424
31391,16425
31392,16426
31393,16427
31394,16428
31395,16429
31396,16430
31397,16431
31398,16432
31399,16433
31400,16434
31401,16435
31402,16436
31403,16437
31404,16438
31405,16439
31406,16440
31407,16441
31408,16442
31409,16443
31410,16444
31411,16445
31412,16446
31413,16447
31414,16448
31415,16449
31416,16450
31417,16451
31418,16452
31419,16453
31420,16454
31421,16455
31422,16456
31423,16457
31424,16458
31425,16459
31426,16460
31427,16461
31428,16462
31429,16463
31430,16464
31431,16465
31432,16466
31433,16467
31434,16468
31435,16469
31436,16470
31437,16471
31438,16472
31439,16473
31440,16474
31441,16475
31442,16476
31443,16477
31444,16478
31445,16479
31446,16480
31447,16481
31448,16482
31449,16483
31450,16484
31451,16485
31452,16486
31453,16487
31454,16488
31455,16489
31456,16490
31457,16491
31458,16492
31459,16493
31460,16494
31461,16495
31462,16496
31463,16497
31464,16498
31465,16499
31466,16500
31467,16501
31468,16502
31469,16503
31470,16504
31471,16505
31472,16506
31473,16507
31474,16508
31475,16509
31476,16510
31477,16511
31478,16512
31479,16513
31480,16514
31481,16515
31482,16516
31483,16517
31484,16518
31485,16519
31486,16520
31487,16521
31488,16522
31489,16523
31490,16524
31491,16525
31492,16526
31493,16527
31494,16528
31495,16529
31496,16530
31497,16531
31498,16532
31499,16533
31500,16534
31501,16535
31502,16536
31503,16537
31504,16538
31505,16539
31506,16540
31507,16541
31508,16542
31509,16543
31510,16544
31511,16545
31512,16546
31513,16547
31514,16548
31515,16549
31516,16550
31517,16551
31518,16552
31519,16553
31520,16554
31521,16555
31522,16556
31523,16557
31524,16558
31525,16559
31526,16560
31527,16561
31528,16562
31529,16563
31530,16564
31531,16565
31532,16566
31533,16567
31534,16568
31535,16569
31536,16570
31537,16571
31538,16572
31539,16573
31540,16574
31541,16575
31542,16576
31543,16577
31544,16578
31545,16579
31546,16580
31547,16581
31548,16582
31549,16583
31550,16584
31551,16585
31552,16586
31553,16587
31554,16588
31555,16589
31556,16590
31557,16591
31558,16592
31559,16593
31560,16594
31561,16595
31562,16596
31563,16597
31564,16598
31565,16599
31566,16600
31567,16601
31568,16602
31569,16603
31570,16604
31571,16605
31572,16606
31573,16607
31574,16608
31575,16609
31576,16610
31577,16611
31578,16612
31579,16613
31580,16614
31581,16615
31582,16616
31583,16617
31584,16618
31585,16619
31586,16620
31587,16621
31588,16622
31589,16623
31590,16624
31591,16625
31592,16626
31593,16627
31594,16628
31595,16629
31596,16630
31597,16631
31598,16632
31599,16633
31600,16634
31601,16635
31602,16636
31603,16637
31604,16638
31605,16639
31606,16640
31607,16641
31608,16642
31609,16643
31610,16644
31611,16645
31612,16646
31613,16647
31614,16648
31615,16649
31616,16650
31617,16651
31618,16652
31619,16653
31620,16654
31621,16655
31622,16656
31623,16657
31624,16658
31625,16659
31626,16660
31627,16661
31628,16662
31629,16663
31630,16664
31631,16665
31632,16666
31633,16667
31634,16668
31635,16669
31636,16670
31637,16671
31638,16672
31639,16673
31640,16674
31641,16675
31642,16676
31643,16677
31644,16678
31645,16679
31646,16680
31647,16681
31648,16682
31649,16683
31650,16684
31651,16685
31652,16686
31653,16687
31654,16688
31655,16689
31656,16690
31657,16691
31658,16692
31659,16693
31660,16694
31661,16695
31662,16696
31663,16697
31664,16698
31665,16699
31666,16700
31667,16701
31668,16702
31669,16703
31670,16704
31671,16705
31672,16706
31673,16707
31674,16708
31675,16709
31676,16710
31677,16711
31678,16712
31679,16713
31680,16714
31681,16715
31682,16716
31683,16717
31684,16718
31685,16719
31686,16720
31687,16721
31688,16722
31689,16723
31690,16724
31691,16725
31692,16726
31693,16727
31694,16728
31695,16729
31696,16730
31697,16731
31698,16732
31699,16733
31700,16734
31701,16735
31702,16736
31703,16737
31704,16738
31705,16739
31706,16740
31707,16741
31708,16742
31709,16743
31710,16744
31711,16745
31712,16746
31713,16747
31714,16748
31715,16749
31716,16750
31717,16751
31718,16752
31719,16753
31720,16754
31721,16755
31722,16756
31723,16757
31724,16758
31725,16759
31726,16760
31727,16761
31728,16762
31729,16763
31730,16764
31731,16765
31732,16766
31733,16767
31734,16768
31735,16769
31736,16770
31737,16771
31738,16772
31739,16773
31740,16774
31741,16775
31742,16776
31743,16777
31744,16778
31745,16779
31746,16780
31747,16781
31748,16782
31749,16783
31750,16784
31751,16785
31752,16786
31753,16787
31754,16788
31755,16789
31756,16790
31757,16791
31758,16792
31759,16793
31760,16794
31761,16795
31762,16796
31763,16797
31764,16798
31765,16799
31766,16800
31767,16801
31768,16802
31769,16803
31770,16804
31771,16805
31772,16806
31773,16807
31774,16808
31775,16809
31776,16810
31777,16811
31778,16812
31779,16813
31780,16814
31781,16815
31782,16816
31783,16817
31784,16818
31785,16819
31786,16820
31787,16821
31788,16822
31789,16823
31790,16824
31791,16825
31792,16826
31793,16827
31794,16828
31795,16829
31796,16830
31797,16831
31798,16832
31799,16833
31800,16834
31801,16835
31802,16836
31803,16837
31804,16838
31805,16839
31806,16840
31807,16841
31808,16842
31809,16843
31810,16844
31811,16845
31812,16846
31813,16847
31814,16848
31815,16849
31816,16850
31817,16851
31818,16852
31819,16853
31820,16854
31821,16855
31822,16856
31823,16857
31824,16858
31825,16859
31826,16860
31827,16861
31828,16862
31829,16863
31830,16864
31831,16865
31832,16866
31833,16867
31834,16868
31835,16869
31836,16870
31837,16871
31838,16872
31839,16873
31840,16874
31841,16875
31842,16876
31843,16877
31844,16878
31845,16879
31846,16880
31847,16881
31848,16882
31849,16883
31850,16884
31851,16885
31852,16886
31853,16887
31854,16888
31855,16889
31856,16890
31857,16891
31858,16892
31859,16893
31860,16894
31861,16895
31862,16896
31863,16897
31864,16898
31865,16899
31866,16900
31867,16901
31868,16902
31869,16903
31870,16904
31871,16905
31872,16906
31873,16907
31874,16908
31875,16909
31876,16910
31877,16911
31878,16912
31879,16913
31880,16914
31881,16915
31882,16916
31883,16917
31884,16918
31885,16919
31886,16920
31887,16921
31888,16922
31889,16923
31890,16924
31891,16925
31892,16926
31893,16927
31894,16928
31895,16929
31896,16930
31897,16931
31898,16932
31899,16933
31900,16934
31901,16935
31902,16936
31903,16937
31904,16938
31905,16939
31906,16940
31907,16941
31908,16942
31909,16943
31910,16944
31911,16945
31912,16946
31913,16947
31914,16948
31915,16949
31916,16950
31917,16951
31918,16952
31919,16953
31920,16954
31921,16955
31922,16956
31923,16957
31924,16958
31925,16959
31926,16960
31927,16961
31928,16962
31929,16963
31930,16964
31931,16965
31932,16966
31933,16967
31934,16968
31935,16969
31936,16970
31937,16971
31938,16972
31939,16973
31940,16974
31941,16975
31942,16976
31943,16977
31944,16978
31945,16979
31946,16980
31947,16981
31948,16982
31949,16983
31950,16984
31951,16985
31952,16986
31953,16987
31954,16988
31955,16989
31956,16990
31957,16991
31958,16992
31959,16993
31960,16994
31961,16995
31962,16996
31963,16997
31964,16998
31965,16999
31966,17000
31967,17001
31968,17002
31969,17003
31970,17004
31971,17005
31972,17006
31973,17007
31974,17008
31975,17009
31976,17010
31977,17011
31978,17012
31979,17013
31980,17014
31981,17015
31982,17016
31983,17017
31984,17018
31985,17019
31986,17020
31987,17021
31988,17022
31989,17023
31990,17024
31991,17025
31992,17026
31993,17027
31994,17028
31995,17029
31996,17030
31997,17031
31998,17032
31999,17033
32000,17034
32001,17035
32002,17036
32003,17037
32004,17038
32005,17039
32006,17040
32007,17041
32008,17042
32009,17043
32010,17044
32011,17045
32012,17046
32013,17047
32014,17048
32015,17049
32016,17050
32017,17051
32018,17052
32019,17053
32020,17054
32021,17055
32022,17056
32023,17057
32024,17058
32025,17059
32026,17060
32027,17061
32028,17062
32029,17063
32030,17064
32031,17065
32032,17066
32033,17067
32034,17068
32035,17069
32036,17070
32037,17071
32038,17072
32039,17073
32040,17074
32041,17075
32042,17076
32043,17077
32044,17078
32045,17079
32046,17080
32047,17081
32048,17082
32049,17083
32050,17084
32051,17085
32052,17086
32053,17087
32054,17088
32055,17089
32056,17090
32057,17091
32058,17092
32059,17093
32060,17094
32061,17095
32062,17096
32063,17097
32064,17098
32065,17099
32066,17100
32067,17101
32068,17102
32069,17103
32070,17104
32071,17105
32072,17106
32073,17107
32074,17108
32075,17109
32076,17110
32077,17111
32078,17112
32079,17113
32080,17114
32081,17115
32082,17116
32083,17117
32084,17118
32085,17119
32086,17120
32087,17121
32088,17122
32089,17123
32090,17124
32091,17125
32092,17126
32093,17127
32094,17128
32095,17129
32096,17130
32097,17131
32098,17132
32099,17133
32100,17134
32101,17135
32102,17136
32103,17137
32104,17138
32105,17139
32106,17140
32107,17141
32108,17142
32109,17143
32110,17144
32111,17145
32112,17146
32113,17147
32114,17148
32115,17149
32116,17150
32117,17151
32118,17152
32119,17153
32120,17154
32121,17155
32122,17156
32123,17157
32124,17158
32125,17159
32126,17160
32127,17161
32128,17162
32129,17163
32130,17164
32131,17165
32132,17166
32133,17167
32134,17168
32135,17169
32136,17170
32137,17171
32138,17172
32139,17173
32140,17174
32141,17175
32142,17176
32143,17177
32144,17178
32145,17179
32146,17180
32147,17181
32148,17182
32149,17183
32150,17184
32151,17185
32152,17186
32153,17187
32154,17188
32155,17189
32156,17190
32157,17191
32158,17192
32159,17193
32160,17194
32161,17195
32162,17196
32163,17197
32164,17198
32165,17199
32166,17200
32167,17201
32168,17202
32169,17203
32170,17204
32171,17205
32172,17206
32173,17207
32174,17208
32175,17209
32176,17210
32177,17211
32178,17212
32179,17213
32180,17214
32181,17215
32182,17216
32183,17217
32184,17218
32185,17219
32186,17220
32187,17221
32188,17222
32189,17223
32190,17224
32191,17225
32192,17226
32193,17227
32194,17228
32195,17229
32196,17230
32197,17231
32198,17232
32199,17233
32200,17234
32201,17235
32202,17236
32203,17237
32204,17238
32205,17239
32206,17240
32207,17241
32208,17242
32209,17243
32210,17244
32211,17245
32212,17246
32213,17247
32214,17248
32215,17249
32216,17250
32217,17251
32218,17252
32219,17253
32220,17254
32221,17255
32222,17256
32223,17257
32224,17258
32225,17259
32226,17260
32227,17261
32228,17262
32229,17263
32230,17264
32231,17265
32232,17266
32233,17267
32234,17268
32235,17269
32236,17270
32237,17271
32238,17272
32239,17273
32240,17274
32241,17275
32242,17276
32243,17277
32244,17278
32245,17279
32246,17280
32247,17281
32248,17282
32249,17283
32250,17284
32251,17285
32252,17286
32253,17287
32254,17288
32255,17289
32256,17290
32257,17291
32258,17292
32259,17293
32260,17294
32261,17295
32262,17296
32263,17297
32264,17298
32265,17299
32266,17300
32267,17301
32268,17302
32269,17303
32270,17304
32271,17305
32272,17306
32273,17307
32274,17308
32275,17309
32276,17310
32277,17311
32278,17312
32279,17313
32280,17314
32281,17315
32282,17316
32283,17317
32284,17318
32285,17319
32286,17320
32287,17321
32288,17322
32289,17323
32290,17324
32291,17325
32292,17326
32293,17327
32294,17328
32295,17329
32296,17330
32297,17331
32298,17332
32299,17333
32300,17334
32301,17335
32302,17336
32303,17337
32304,17338
32305,17339
32306,17340
32307,17341
32308,17342
32309,17343
32310,17344
32311,17345
32312,17346
32313,17347
32314,17348
32315,17349
32316,17350
32317,17351
32318,17352
32319,17353
32320,17354
32321,17355
32322,17356
32323,17357
32324,17358
32325,17359
32326,17360
32327,17361
32328,17362
32329,17363
32330,17364
32331,17365
32332,17366
32333,17367
32334,17368
32335,17369
32336,17370
32337,17371
32338,17372
32339,17373
32340,17374
32341,17375
32342,17376
32343,17377
32344,17378
32345,17379
32346,17380
32347,17381
32348,17382
32349,17383
32350,17384
32351,17385
32352,17386
32353,17387
32354,17388
32355,17389
32356,17390
32357,17391
32358,17392
32359,17393
32360,17394
32361,17395
32362,17396
32363,17397
32364,17398
32365,17399
32366,17400
32367,17401
32368,17402
32369,17403
32370,17404
32371,17405
32372,17406
32373,17407
32374,17408
32375,17409
32376,17410
32377,17411
32378,17412
32379,17413
32380,17414
32381,17415
32382,17416
32383,17417
32384,17418
32385,17419
32386,17420
32387,17421
32388,17422
32389,17423
32390,17424
32391,17425
32392,17426
32393,17427
32394,17428
32395,17429
32396,17430
32397,17431
32398,17432
32399,17433
32400,17434
32401,17435
32402,17436
32403,17437
32404,17438
32405,17439
32406,17440
32407,17441
32408,17442
32409,17443
32410,17444
32411,17445
32412,17446
32413,17447
32414,17448
32415,17449
32416,17450
32417,17451
32418,17452
32419,17453
32420,17454
32421,17455
32422,17456
32423,17457
32424,17458
32425,17459
32426,17460
32427,17461
32428,17462
32429,17463
32430,17464
32431,17465
32432,17466
32433,17467
32434,17468
32435,17469
32436,17470
32437,17471
32438,17472
32439,17473
32440,17474
32441,17475
32442,17476
32443,17477
32444,17478
32445,17479
32446,17480
32447,17481
32448,17482
32449,17483
32450,17484
32451,17485
32452,17486
32453,17487
32454,17488
32455,17489
32456,17490
32457,17491
32458,17492
32459,17493
32460,17494
32461,17495
32462,17496
32463,17497
32464,17498
32465,17499
32466,17500
32467,17501
32468,17502
32469,17503
32470,17504
32471,17505
32472,17506
32473,17507
32474,17508
32475,17509
32476,17510
32477,17511
32478,17512
32479,17513
32480,17514
32481,17515
32482,17516
32483,17517
32484,17518
32485,17519
32486,17520
32487,17521
32488,17522
32489,17523
32490,17524
32491,17525
32492,17526
32493,17527
32494,17528
32495,17529
32496,17530
32497,17531
32498,17532
32499,17533
32500,17534
32501,17535
32502,17536
32503,17537
32504,17538
32505,17539
32506,17540
32507,17541
32508,17542
32509,17543
32510,17544
32511,17545
32512,17546
32513,17547
32514,17548
32515,17549
32516,17550
32517,17551
32518,17552
32519,17553
32520,17554
32521,17555
32522,17556
32523,17557
32524,17558
32525,17559
32526,17560
32527,17561
32528,17562
32529,17563
32530,17564
32531,17565
32532,17566
32533,17567
32534,17568
32535,17569
32536,17570
32537,17571
32538,17572
32539,17573
32540,17574
32541,17575
32542,17576
32543,17577
32544,17578
32545,17579
32546,17580
32547,17581
32548,17582
32549,17583
32550,17584
32551,17585
32552,17586
32553,17587
32554,17588
32555,17589
32556,17590
32557,17591
32558,17592
32559,17593
32560,17594
32561,17595
32562,17596
32563,17597
32564,17598
32565,17599
32566,17600
32567,17601
32568,17602
32569,17603
32570,17604
32571,17605
32572,17606
32573,17607
32574,17608
32575,17609
32576,17610
32577,17611
32578,17612
32579,17613
32580,17614
32581,17615
32582,17616
32583,17617
32584,17618
32585,17619
32586,17620
32587,17621
32588,17622
32589,17623
32590,17624
32591,17625
32592,17626
32593,17627
32594,17628
32595,17629
32596,17630
32597,17631
32598,17632
32599,17633
32600,17634
32601,17635
32602,17636
32603,17637
32604,17638
32605,17639
32606,17640
32607,17641
32608,17642
32609,17643
32610,17644
32611,17645
32612,17646
32613,17647
32614,17648
32615,17649
32616,17650
32617,17651
32618,17652
32619,17653
32620,17654
32621,17655
32622,17656
32623,17657
32624,17658
32625,17659
32626,17660
32627,17661
32628,17662
32629,17663
32630,17664
32631,17665
32632,17666
32633,17667
32634,17668
32635,17669
32636,17670
32637,17671
32638,17672
32639,17673
32640,17674
32641,17675
32642,17676
32643,17677
32644,17678
32645,17679
32646,17680
32647,17681
32648,17682
32649,17683
32650,17684
32651,17685
32652,17686
32653,17687
32654,17688
32655,17689
32656,17690
32657,17691
32658,17692
32659,17693
32660,17694
32661,17695
32662,17696
32663,17697
32664,17698
32665,17699
32666,17700
32667,17701
32668,17702
32669,17703
32670,17704
32671,17705
32672,17706
32673,17707
32674,17708
32675,17709
32676,17710
32677,17711
32678,17712
32679,17713
32680,17714
32681,17715
32682,17716
32683,17717
32684,17718
32685,17719
32686,17720
32687,17721
32688,17722
32689,17723
32690,17724
32691,17725
32692,17726
32693,17727
32694,17728
32695,17729
32696,17730
32697,17731
32698,17732
32699,17733
32700,17734
32701,17735
32702,17736
32703,17737
32704,17738
32705,17739
32706,17740
32707,17741
32708,17742
32709,17743
32710,17744
32711,17745
32712,17746
32713,17747
32714,17748
32715,17749
32716,17750
32717,17751
32718,17752
32719,17753
32720,17754
32721,17755
32722,17756
32723,17757
32724,17758
32725,17759
32726,17760
32727,17761
32728,17762
32729,17763
32730,17764
32731,17765
32732,17766
32733,17767
32734,17768
32735,17769
32736,17770
32737,17771
32738,17772
32739,17773
32740,17774
32741,17775
32742,17776
32743,17777
32744,17778
32745,17779
32746,17780
32747,17781
32748,17782
32749,17783
32750,17784
32751,17785
32752,17786
32753,17787
32754,17788
32755,17789
32756,17790
32757,17791
32758,17792
32759,17793
32760,17794
32761,17795
32762,17796
32763,17797
32764,17798
32765,17799
32766,17800
32767,17801
32768,17802
32769,17803
32770,17804
32771,17805
32772,17806
32773,17807
32774,17808
32775,17809
32776,17810
32777,17811
32778,17812
32779,17813
32780,17814
32781,17815
32782,17816
32783,17817
32784,17818
32785,17819
32786,17820
32787,17821
32788,17822
32789,17823
32790,17824
32791,17825
32792,17826
32793,17827
32794,17828
32795,17829
32796,17830
32797,17831
32798,17832
32799,17833
32800,17834
32801,17835
32802,17836
32803,17837
32804,17838
32805,17839
32806,17840
32807,17841
32808,17842
32809,17843
32810,17844
32811,17845
32812,17846
32813,17847
32814,17848
32815,17849
32816,17850
32817,17851
32818,17852
32819,17853
32820,17854
32821,17855
32822,17856
32823,17857
32824,17858
32825,17859
32826,17860
32827,17861
32828,17862
32829,17863
32830,17864
32831,17865
32832,17866
32833,17867
32834,17868
32835,17869
32836,17870
32837,17871
32838,17872
32839,17873
32840,17874
32841,17875
32842,17876
32843,17877
32844,17878
32845,17879
32846,17880
32847,17881
32848,17882
32849,17883
32850,17884
32851,17885
32852,17886
32853,17887
32854,17888
32855,17889
32856,17890
32857,17891
32858,17892
32859,17893
32860,17894
32861,17895
32862,17896
32863,17897
32864,17898
32865,17899
32866,17900
32867,17901
32868,17902
32869,17903
32870,17904
32871,17905
32872,17906
32873,17907
32874,17908
32875,17909
32876,17910
32877,17911
32878,17912
32879,17913
32880,17914
32881,17915
32882,17916
32883,17917
32884,17918
32885,17919
32886,17920
32887,17921
32888,17922
32889,17923
32890,17924
32891,17925
32892,17926
32893,17927
32894,17928
32895,17929
32896,17930
32897,17931
32898,17932
32899,17933
32900,17934
32901,17935
32902,17936
32903,17937
32904,17938
32905,17939
32906,17940
32907,17941
32908,17942
32909,17943
32910,17944
32911,17945
32912,17946
32913,17947
32914,17948
32915,17949
32916,17950
32917,17951
32918,17952
32919,17953
32920,17954
32921,17955
32922,17956
32923,17957
32924,17958
32925,17959
32926,17960
32927,17961
32928,17962
32929,17963
32930,17964
32931,17965
32932,17966
32933,17967
32934,17968
32935,17969
32936,17970
32937,17971
32938,17972
32939,17973
32940,17974
32941,17975
32942,17976
32943,17977
32944,17978
32945,17979
32946,17980
32947,17981
32948,17982
32949,17983
32950,17984
32951,17985
32952,17986
32953,17987
32954,17988
32955,17989
32956,17990
32957,17991
32958,17992
32959,17993
32960,17994
32961,17995
32962,17996
32963,17997
32964,17998
32965,17999
32966,18000
32967,18001
32968,18002
32969,18003
32970,18004
32971,18005
32972,18006
32973,18007
32974,18008
32975,18009
32976,18010
32977,18011
32978,18012
32979,18013
32980,18014
32981,18015
32982,18016
32983,18017
32984,18018
32985,18019
32986,18020
32987,18021
32988,18022
32989,18023
32990,18024
32991,18025
32992,18026
32993,18027
32994,18028
32995,18029
32996,18030
32997,18031
32998,18032
32999,18033
33000,18034
33001,18035
33002,18036
33003,18037
33004,18038
33005,18039
33006,18040
33007,18041
33008,18042
33009,18043
33010,18044
33011,18045
33012,18046
33013,18047
33014,18048
33015,18049
33016,18050
33017,18051
33018,18052
33019,18053
33020,18054
33021,18055
33022,18056
33023,18057
33024,18058
33025,18059
33026,18060
33027,18061
33028,18062
33029,18063
33030,18064
33031,18065
33032,18066
33033,18067
33034,18068
33035,18069
33036,18070
33037,18071
33038,18072
33039,18073
33040,18074
33041,18075
33042,18076
33043,18077
33044,18078
33045,18079
33046,18080
33047,18081
33048,18082
33049,18083
33050,18084
33051,18085
33052,18086
33053,18087
33054,18088
33055,18089
33056,18090
33057,18091
33058,18092
33059,18093
33060,18094
33061,18095
33062,18096
33063,18097
33064,18098
33065,18099
33066,18100
33067,18101
33068,18102
33069,18103
33070,18104
33071,18105
33072,18106
33073,18107
33074,18108
33075,18109
33076,18110
33077,18111
33078,18112
33079,18113
33080,18114
33081,18115
33082,18116
33083,18117
33084,18118
33085,18119
33086,18120
33087,18121
33088,18122
33089,18123
33090,18124
33091,18125
33092,18126
33093,18127
33094,18128
33095,18129
33096,18130
33097,18131
33098,18132
33099,18133
33100,18134
33101,18135
33102,18136
33103,18137
33104,18138
33105,18139
33106,18140
33107,18141
33108,18142
33109,18143
33110,18144
33111,18145
33112,18146
33113,18147
33114,18148
33115,18149
33116,18150
33117,18151
33118,18152
33119,18153
33120,18154
33121,18155
33122,18156
33123,18157
33124,18158
33125,18159
33126,18160
33127,18161
33128,18162
33129,18163
33130,18164
33131,18165
33132,18166
33133,18167
33134,18168
33135,18169
33136,18170
33137,18171
33138,18172
33139,18173
33140,18174
33141,18175
33142,18176
33143,18177
33144,18178
33145,18179
33146,18180
33147,18181
33148,18182
33149,18183
33150,18184
33151,18185
33152,18186
33153,18187
33154,18188
33155,18189
33156,18190
33157,18191
33158,18192
33159,18193
33160,18194
33161,18195
33162,18196
33163,18197
33164,18198
33165,18199
33166,18200
33167,18201
33168,18202
33169,18203
33170,18204
33171,18205
33172,18206
33173,18207
33174,18208
33175,18209
33176,18210
33177,18211
33178,18212
33179,18213
33180,18214
33181,18215
33182,18216
33183,18217
33184,18218
33185,18219
33186,18220
33187,18221
33188,18222
33189,18223
33190,18224
33191,18225
33192,18226
33193,18227
33194,18228
33195,18229
33196,18230
33197,18231
33198,18232
33199,18233
33200,18234
33201,18235
33202,18236
33203,18237
33204,18238
33205,18239
33206,18240
33207,18241
33208,18242
33209,18243
33210,18244
33211,18245
33212,18246
33213,18247
33214,18248
33215,18249
33216,18250
33217,18251
33218,18252
33219,18253
33220,18254
33221,18255
33222,18256
33223,18257
33224,18258
33225,18259
33226,18260
33227,18261
33228,18262
33229,18263
33230,18264
33231,18265
33232,18266
33233,18267
33234,18268
33235,18269
33236,18270
33237,18271
33238,18272
33239,18273
33240,18274
33241,18275
33242,18276
33243,18277
33244,18278
33245,18279
33246,18280
33247,18281
33248,18282
33249,18283
33250,18284
33251,18285
33252,18286
33253,18287
33254,18288
33255,18289
33256,18290
33257,18291
33258,18292
33259,18293
33260,18294
33261,18295
33262,18296
33263,18297
33264,18298
33265,18299
33266,18300
33267,18301
33268,18302
33269,18303
33270,18304
33271,18305
33272,18306
33273,18307
33274,18308
33275,18309
33276,18310
33277,18311
33278,18312
33279,18313
33280,18314
33281,18315
33282,18316
33283,18317
33284,18318
33285,18319
33286,18320
33287,18321
33288,18322
33289,18323
33290,18324
33291,18325
33292,18326
33293,18327
33294,18328
33295,18329
33296,18330
33297,18331
33298,18332
33299,18333
33300,18334
33301,18335
33302,18336
33303,18337
33304,18338
33305,18339
33306,18340
33307,18341
33308,18342
33309,18343
33310,18344
33311,18345
33312,18346
33313,18347
33314,18348
33315,18349
33316,18350
33317,18351
33318,18352
33319,18353
33320,18354
33321,18355
33322,18356
33323,18357
33324,18358
33325,18359
33326,18360
33327,18361
33328,18362
33329,18363
33330,18364
33331,18365
33332,18366
33333,18367
33334,18368
33335,18369
33336,18370
33337,18371
33338,18372
33339,18373
33340,18374
33341,18375
33342,18376
33343,18377
33344,18378
33345,18379
33346,18380
33347,18381
33348,18382
33349,18383
33350,18384
33351,18385
33352,18386
33353,18387
33354,18388
33355,18389
33356,18390
33357,18391
33358,18392
33359,18393
33360,18394
33361,18395
33362,18396
33363,18397
33364,18398
33365,18399
33366,18400
33367,18401
33368,18402
33369,18403
33370,18404
33371,18405
33372,18406
33373,18407
33374,18408
33375,18409
33376,18410
33377,18411
33378,18412
33379,18413
33380,18414
33381,18415
33382,18416
33383,18417
33384,18418
33385,18419
33386,18420
33387,18421
33388,18422
33389,18423
33390,18424
33391,18425
33392,18426
33393,18427
33394,18428
33395,18429
33396,18430
33397,18431
33398,18432
33399,18433
33400,18434
33401,18435
33402,18436
33403,18437
33404,18438
33405,18439
33406,18440
33407,18441
33408,18442
33409,18443
33410,18444
33411,18445
33412,18446
33413,18447
33414,18448
33415,18449
33416,18450
33417,18451
33418,18452
33419,18453
33420,18454
33421,18455
33422,18456
33423,18457
33424,18458
33425,18459
33426,18460
33427,18461
33428,18462
33429,18463
33430,18464
33431,18465
33432,18466
33433,18467
33434,18468
33435,18469
33436,18470
33437,18471
33438,18472
33439,18473
33440,18474
33441,18475
33442,18476
33443,18477
33444,18478
33445,18479
33446,18480
33447,18481
33448,18482
33449,18483
33450,18484
33451,18485
33452,18486
33453,18487
33454,18488
33455,18489
33456,18490
33457,18491
33458,18492
33459,18493
33460,18494
33461,18495
33462,18496
33463,18497
33464,18498
33465,18499
33466,18500
33467,18501
33468,18502
33469,18503
33470,18504
33471,18505
33472,18506
33473,18507
33474,18508
33475,18509
33476,18510
33477,18511
33478,18512
33479,18513
33480,18514
33481,18515
33482,18516
33483,18517
33484,18518
33485,18519
33486,18520
33487,18521
33488,18522
33489,18523
33490,18524
33491,18525
33492,18526
33493,18527
33494,18528
33495,18529
33496,18530
33497,18531
33498,18532
33499,18533
33500,18534
33501,18535
33502,18536
33503,18537
33504,18538
33505,18539
33506,18540
33507,18541
33508,18542
33509,18543
33510,18544
33511,18545
33512,18546
33513,18547
33514,18548
33515,18549
33516,18550
33517,18551
33518,18552
33519,18553
33520,18554
33521,18555
33522,18556
33523,18557
33524,18558
33525,18559
33526,18560
33527,18561
33528,18562
33529,18563
33530,18564
33531,18565
33532,18566
33533,18567
33534,18568
33535,18569
33536,18570
33537,18571
33538,18572
33539,18573
33540,18574
33541,18575
33542,18576
33543,18577
33544,18578
33545,18579
33546,18580
33547,18581
33548,18582
33549,18583
33550,18584
33551,18585
33552,18586
33553,18587
33554,18588
33555,18589
33556,18590
33557,18591
33558,18592
33559,18593
33560,18594
33561,18595
33562,18596
33563,18597
33564,18598
33565,18599
33566,18600
33567,18601
33568,18602
33569,18603
33570,18604
33571,18605
33572,18606
33573,18607
33574,18608
33575,18609
33576,18610
33577,18611
33578,18612
33579,18613
33580,18614
33581,18615
33582,18616
33583,18617
33584,18618
33585,18619
33586,18620
33587,18621
33588,18622
33589,18623
33590,18624
33591,18625
33592,18626
33593,18627
33594,18628
33595,18629
33596,18630
33597,18631
33598,18632
33599,18633
33600,18634
33601,18635
33602,18636
33603,18637
33604,18638
33605,18639
33606,18640
33607,18641
33608,18642
33609,18643
33610,18644
33611,18645
33612,18646
33613,18647
33614,18648
33615,18649
33616,18650
33617,18651
33618,18652
33619,18653
33620,18654
33621,18655
33622,18656
33623,18657
33624,18658
33625,18659
33626,18660
33627,18661
33628,18662
33629,18663
33630,18664
33631,18665
33632,18666
33633,18667
33634,18668
33635,18669
33636,18670
33637,18671
33638,18672
33639,18673
33640,18674
33641,18675
33642,18676
33643,18677
33644,18678
33645,18679
33646,18680
33647,18681
33648,18682
33649,18683
33650,18684
33651,18685
33652,18686
33653,18687
33654,18688
33655,18689
33656,18690
33657,18691
33658,18692
33659,18693
33660,18694
33661,18695
33662,18696
33663,18697
33664,18698
33665,18699
33666,18700
33667,18701
33668,18702
33669,18703
33670,18704
33671,18705
33672,18706
33673,18707
33674,18708
33675,18709
33676,18710
33677,18711
33678,18712
33679,18713
33680,18714
33681,18715
33682,18716
33683,18717
33684,18718
33685,18719
33686,18720
33687,18721
33688,18722
33689,18723
33690,18724
33691,18725
33692,18726
33693,18727
33694,18728
33695,18729
33696,18730
33697,18731
33698,18732
33699,18733
33700,18734
33701,18735
33702,18736
33703,18737
33704,18738
33705,18739
33706,18740
33707,18741
33708,18742
33709,18743
33710,18744
33711,18745
33712,18746
33713,18747
33714,18748
33715,18749
33716,18750
33717,18751
33718,18752
33719,18753
33720,18754
33721,18755
33722,18756
33723,18757
33724,18758
33725,18759
33726,18760
33727,18761
33728,18762
33729,18763
33730,18764
33731,18765
33732,18766
33733,18767
33734,18768
33735,18769
33736,18770
33737,18771
33738,18772
33739,18773
33740,18774
33741,18775
33742,18776
33743,18777
33744,18778
33745,18779
33746,18780
33747,18781
33748,18782
33749,18783
33750,18784
33751,18785
33752,18786
33753,18787
33754,18788
33755,18789
33756,18790
33757,18791
33758,18792
33759,18793
33760,18794
33761,18795
33762,18796
33763,18797
33764,18798
33765,18799
33766,18800
33767,18801
33768,18802
33769,18803
33770,18804
33771,18805
33772,18806
33773,18807
33774,18808
33775,18809
33776,18810
33777,18811
33778,18812
33779,18813
33780,18814
33781,18815
33782,18816
33783,18817
33784,18818
33785,18819
33786,18820
33787,18821
33788,18822
33789,18823
33790,18824
33791,18825
33792,18826
33793,18827
33794,18828
33795,18829
33796,18830
33797,18831
33798,18832
33799,18833
33800,18834
33801,18835
33802,18836
33803,18837
33804,18838
33805,18839
33806,18840
33807,18841
33808,18842
33809,18843
33810,18844
33811,18845
33812,18846
33813,18847
33814,18848
33815,18849
33816,18850
33817,18851
33818,18852
33819,18853
33820,18854
33821,18855
33822,18856
33823,18857
33824,18858
33825,18859
33826,18860
33827,18861
33828,18862
33829,18863
33830,18864
33831,18865
33832,18866
33833,18867
33834,18868
33835,18869
33836,18870
33837,18871
33838,18872
33839,18873
33840,18874
33841,18875
33842,18876
33843,18877
33844,18878
33845,18879
33846,18880
33847,18881
33848,18882
33849,18883
33850,18884
33851,18885
33852,18886
33853,18887
33854,18888
33855,18889
33856,18890
33857,18891
33858,18892
33859,18893
33860,18894
33861,18895
33862,18896
33863,18897
33864,18898
33865,18899
33866,18900
33867,18901
33868,18902
33869,18903
33870,18904
33871,18905
33872,18906
33873,18907
33874,18908
33875,18909
33876,18910
33877,18911
33878,18912
33879,18913
33880,18914
33881,18915
33882,18916
33883,18917
33884,18918
33885,18919
33886,18920
33887,18921
33888,18922
33889,18923
33890,18924
33891,18925
33892,18926
33893,18927
33894,18928
33895,18929
33896,18930
33897,18931
33898,18932
33899,18933
33900,18934
33901,18935
33902,18936
33903,18937
33904,18938
33905,18939
33906,18940
33907,18941
33908,18942
33909,18943
33910,18944
33911,18945
33912,18946
33913,18947
33914,18948
33915,18949
33916,18950
33917,18951
33918,18952
33919,18953
33920,18954
33921,18955
33922,18956
33923,18957
33924,18958
33925,18959
33926,18960
33927,18961
33928,18962
33929,18963
33930,18964
33931,18965
33932,18966
33933,18967
33934,18968
33935,18969
33936,18970
33937,18971
33938,18972
33939,18973
33940,18974
33941,18975
33942,18976
33943,18977
33944,18978
33945,18979
33946,18980
33947,18981
33948,18982
33949,18983
33950,18984
33951,18985
33952,18986
33953,18987
33954,18988
33955,18989
33956,18990
33957,18991
33958,18992
33959,18993
33960,18994
33961,18995
33962,18996
33963,18997
33964,18998
33965,18999
33966,19000
33967,19001
33968,19002
33969,19003
33970,19004
33971,19005
33972,19006
33973,19007
33974,19008
33975,19009
33976,19010
33977,19011
33978,19012
33979,19013
33980,19014
33981,19015
33982,19016
33983,19017
33984,19018
33985,19019
33986,19020
33987,19021
33988,19022
33989,19023
33990,19024
33991,19025
33992,19026
33993,19027
33994,19028
33995,19029
33996,19030
33997,19031
33998,19032
33999,19033
34000,19034
34001,19035
34002,19036
34003,19037
34004,19038
34005,19039
34006,19040
34007,19041
34008,19042
34009,19043
34010,19044
34011,19045
34012,19046
34013,19047
34014,19048
34015,19049
34016,19050
34017,19051
34018,19052
34019,19053
34020,19054
34021,19055
34022,19056
34023,19057
34024,19058
34025,19059
34026,19060
34027,19061
34028,19062
34029,19063
34030,19064
34031,19065
34032,19066
34033,19067
34034,19068
34035,19069
34036,19070
34037,19071
34038,19072
34039,19073
34040,19074
34041,19075
34042,19076
34043,19077
34044,19078
34045,19079
34046,19080
34047,19081
34048,19082
34049,19083
34050,19084
34051,19085
34052,19086
34053,19087
34054,19088
34055,19089
34056,19090
34057,19091
34058,19092
34059,19093
34060,19094
34061,19095
34062,19096
34063,19097
34064,19098
34065,19099
34066,19100
34067,19101
34068,19102
34069,19103
34070,19104
34071,19105
34072,19106
34073,19107
34074,19108
34075,19109
34076,19110
34077,19111
34078,19112
34079,19113
34080,19114
34081,19115
34082,19116
34083,19117
34084,19118
34085,19119
34086,19120
34087,19121
34088,19122
34089,19123
34090,19124
34091,19125
34092,19126
34093,19127
34094,19128
34095,19129
34096,19130
34097,19131
34098,19132
34099,19133
34100,19134
34101,19135
34102,19136
34103,19137
34104,19138
34105,19139
34106,19140
34107,19141
34108,19142
34109,19143
34110,19144
34111,19145
34112,19146
34113,19147
34114,19148
34115,19149
34116,19150
34117,19151
34118,19152
34119,19153
34120,19154
34121,19155
34122,19156
34123,19157
34124,19158
34125,19159
34126,19160
34127,19161
34128,19162
34129,19163
34130,19164
34131,19165
34132,19166
34133,19167
34134,19168
34135,19169
34136,19170
34137,19171
34138,19172
34139,19173
34140,19174
34141,19175
34142,19176
34143,19177
34144,19178
34145,19179
34146,19180
34147,19181
34148,19182
34149,19183
34150,19184
34151,19185
34152,19186
34153,19187
34154,19188
34155,19189
34156,19190
34157,19191
34158,19192
34159,19193
34160,19194
34161,19195
34162,19196
34163,19197
34164,19198
34165,19199
34166,19200
34167,19201
34168,19202
34169,19203
34170,19204
34171,19205
34172,19206
34173,19207
34174,19208
34175,19209
34176,19210
34177,19211
34178,19212
34179,19213
34180,19214
34181,19215
34182,19216
34183,19217
34184,19218
34185,19219
34186,19220
34187,19221
34188,19222
34189,19223
34190,19224
34191,19225
34192,19226
34193,19227
34194,19228
34195,19229
34196,19230
34197,19231
34198,19232
34199,19233
34200,19234
34201,19235
34202,19236
34203,19237
34204,19238
34205,19239
34206,19240
34207,19241
34208,19242
34209,19243
34210,19244
34211,19245
34212,19246
34213,19247
34214,19248
34215,19249
34216,19250
34217,19251
34218,19252
34219,19253
34220,19254
34221,19255
34222,19256
34223,19257
34224,19258
34225,19259
34226,19260
34227,19261
34228,19262
34229,19263
34230,19264
34231,19265
34232,19266
34233,19267
34234,19268
34235,19269
34236,19270
34237,19271
34238,19272
34239,19273
34240,19274
34241,19275
34242,19276
34243,19277
34244,19278
34245,19279
34246,19280
34247,19281
34248,19282
34249,19283
34250,19284
34251,19285
34252,19286
34253,19287
34254,19288
34255,19289
34256,19290
34257,19291
34258,19292
34259,19293
34260,19294
34261,19295
34262,19296
34263,19297
34264,19298
34265,19299
34266,19300
34267,19301
34268,19302
34269,19303
34270,19304
34271,19305
34272,19306
34273,19307
34274,19308
34275,19309
34276,19310
34277,19311
34278,19312
34279,19313
34280,19314
34281,19315
34282,19316
34283,19317
34284,19318
34285,19319
34286,19320
34287,19321
34288,19322
34289,19323
34290,19324
34291,19325
34292,19326
34293,19327
34294,19328
34295,19329
34296,19330
34297,19331
34298,19332
34299,19333
34300,19334
34301,19335
34302,19336
34303,19337
34304,19338
34305,19339
34306,19340
34307,19341
34308,19342
34309,19343
34310,19344
34311,19345
34312,19346
34313,19347
34314,19348
34315,19349
34316,19350
34317,19351
34318,19352
34319,19353
34320,19354
34321,19355
34322,19356
34323,19357
34324,19358
34325,19359
34326,19360
34327,19361
34328,19362
34329,19363
34330,19364
34331,19365
34332,19366
34333,19367
34334,19368
34335,19369
34336,19370
34337,19371
34338,19372
34339,19373
34340,19374
34341,19375
34342,19376
34343,19377
34344,19378
34345,19379
34346,19380
34347,19381
34348,19382
34349,19383
34350,19384
34351,19385
34352,19386
34353,19387
34354,19388
34355,19389
34356,19390
34357,19391
34358,19392
34359,19393
34360,19394
34361,19395
34362,19396
34363,19397
34364,19398
34365,19399
34366,19400
34367,19401
34368,19402
34369,19403
34370,19404
34371,19405
34372,19406
34373,19407
34374,19408
34375,19409
34376,19410
34377,19411
34378,19412
34379,19413
34380,19414
34381,19415
34382,19416
34383,19417
34384,19418
34385,19419
34386,19420
34387,19421
34388,19422
34389,19423
34390,19424
34391,19425
34392,19426
34393,19427
34394,19428
34395,19429
34396,19430
34397,19431
34398,19432
34399,19433
34400,19434
34401,19435
34402,19436
34403,19437
34404,19438
34405,19439
34406,19440
34407,19441
34408,19442
34409,19443
34410,19444
34411,19445
34412,19446
34413,19447
34414,19448
34415,19449
34416,19450
34417,19451
34418,19452
34419,19453
34420,19454
34421,19455
34422,19456
34423,19457
34424,19458
34425,19459
34426,19460
34427,19461
34428,19462
34429,19463
34430,19464
34431,19465
34432,19466
34433,19467
34434,19468
34435,19469
34436,19470
34437,19471
34438,19472
34439,19473
34440,19474
34441,19475
34442,19476
34443,19477
34444,19478
34445,19479
34446,19480
34447,19481
34448,19482
34449,19483
34450,19484
34451,19485
34452,19486
34453,19487
34454,19488
34455,19489
34456,19490
34457,19491
34458,19492
34459,19493
34460,19494
34461,19495
34462,19496
34463,19497
34464,19498
34465,19499
34466,19500
34467,19501
34468,19502
34469,19503
34470,19504
34471,19505
34472,19506
34473,19507
34474,19508
34475,19509
34476,19510
34477,19511
34478,19512
34479,19513
34480,19514
34481,19515
34482,19516
34483,19517
34484,19518
34485,19519
34486,19520
34487,19521
34488,19522
34489,19523
34490,19524
34491,19525
34492,19526
34493,19527
34494,19528
34495,19529
34496,19530
34497,19531
34498,19532
34499,19533
34500,19534
34501,19535
34502,19536
34503,19537
34504,19538
34505,19539
34506,19540
34507,19541
34508,19542
34509,19543
34510,19544
34511,19545
34512,19546
34513,19547
34514,19548
34515,19549
34516,19550
34517,19551
34518,19552
34519,19553
34520,19554
34521,19555
34522,19556
34523,19557
34524,19558
34525,19559
34526,19560
34527,19561
34528,19562
34529,19563
34530,19564
34531,19565
34532,19566
34533,19567
34534,19568
34535,19569
34536,19570
34537,19571
34538,19572
34539,19573
34540,19574
34541,19575
34542,19576
34543,19577
34544,19578
34545,19579
34546,19580
34547,19581
34548,19582
34549,19583
34550,19584
34551,19585
34552,19586
34553,19587
34554,19588
34555,19589
34556,19590
34557,19591
34558,19592
34559,19593
34560,19594
34561,19595
34562,19596
34563,19597
34564,19598
34565,19599
34566,19600
34567,19601
34568,19602
34569,19603
34570,19604
34571,19605
34572,19606
34573,19607
34574,19608
34575,19609
34576,19610
34577,19611
34578,19612
34579,19613
34580,19614
34581,19615
34582,19616
34583,19617
34584,19618
34585,19619
34586,19620
34587,19621
34588,19622
34589,19623
34590,19624
34591,19625
34592,19626
34593,19627
34594,19628
34595,19629
34596,19630
34597,19631
34598,19632
34599,19633
34600,19634
34601,19635
34602,19636
34603,19637
34604,19638
34605,19639
34606,19640
34607,19641
34608,19642
34609,19643
34610,19644
34611,19645
34612,19646
34613,19647
34614,19648
34615,19649
34616,19650
34617,19651
34618,19652
34619,19653
34620,19654
34621,19655
34622,19656
34623,19657
34624,19658
34625,19659
34626,19660
34627,19661
34628,19662
34629,19663
34630,19664
34631,19665
34632,19666
34633,19667
34634,19668
34635,19669
34636,19670
34637,19671
34638,19672
34639,19673
34640,19674
34641,19675
34642,19676
34643,19677
34644,19678
34645,19679
34646,19680
34647,19681
34648,19682
34649,19683
34650,19684
34651,19685
34652,19686
34653,19687
34654,19688
34655,19689
34656,19690
34657,19691
34658,19692
34659,19693
34660,19694
34661,19695
34662,19696
34663,19697
34664,19698
34665,19699
34666,19700
34667,19701
34668,19702
34669,19703
34670,19704
34671,19705
34672,19706
34673,19707
34674,19708
34675,19709
34676,19710
34677,19711
34678,19712
34679,19713
34680,19714
34681,19715
34682,19716
34683,19717
34684,19718
34685,19719
34686,19720
34687,19721
34688,19722
34689,19723
34690,19724
34691,19725
34692,19726
34693,19727
34694,19728
34695,19729
34696,19730
34697,19731
34698,19732
34699,19733
34700,19734
34701,19735
34702,19736
34703,19737
34704,19738
34705,19739
34706,19740
34707,19741
34708,19742
34709,19743
34710,19744
34711,19745
34712,19746
34713,19747
34714,19748
34715,19749
34716,19750
34717,19751
34718,19752
34719,19753
34720,19754
34721,19755
34722,19756
34723,19757
34724,19758
34725,19759
34726,19760
34727,19761
34728,19762
34729,19763
34730,19764
34731,19765
34732,19766
34733,19767
34734,19768
34735,19769
34736,19770
34737,19771
34738,19772
34739,19773
34740,19774
34741,19775
34742,19776
34743,19777
34744,19778
34745,19779
34746,19780
34747,19781
34748,19782
34749,19783
34750,19784
34751,19785
34752,19786
34753,19787
34754,19788
34755,19789
34756,19790
34757,19791
34758,19792
34759,19793
34760,19794
34761,19795
34762,19796
34763,19797
34764,19798
34765,19799
34766,19800
34767,19801
34768,19802
34769,19803
34770,19804
34771,19805
34772,19806
34773,19807
34774,19808
34775,19809
34776,19810
34777,19811
34778,19812
34779,19813
34780,19814
34781,19815
34782,19816
34783,19817
34784,19818
34785,19819
34786,19820
34787,19821
34788,19822
34789,19823
34790,19824
34791,19825
34792,19826
34793,19827
34794,19828
34795,19829
34796,19830
34797,19831
34798,19832
34799,19833
34800,19834
34801,19835
34802,19836
34803,19837
34804,19838
34805,19839
34806,19840
34807,19841
34808,19842
34809,19843
34810,19844
34811,19845
34812,19846
34813,19847
34814,19848
34815,19849
34816,19850
34817,19851
34818,19852
34819,19853
34820,19854
34821,19855
34822,19856
34823,19857
34824,19858
34825,19859
34826,19860
34827,19861
34828,19862
34829,19863
34830,19864
34831,19865
34832,19866
34833,19867
34834,19868
34835,19869
34836,19870
34837,19871
34838,19872
34839,19873
34840,19874
34841,19875
34842,19876
34843,19877
34844,19878
34845,19879
34846,19880
34847,19881
34848,19882
34849,19883
34850,19884
34851,19885
34852,19886
34853,19887
34854,19888
34855,19889
34856,19890
34857,19891
34858,19892
34859,19893
34860,19894
34861,19895
34862,19896
34863,19897
34864,19898
34865,19899
34866,19900
34867,19901
34868,19902
34869,19903
34870,19904
34871,19905
34872,19906
34873,19907
34874,19908
34875,19909
34876,19910
34877,19911
34878,19912
34879,19913
34880,19914
34881,19915
34882,19916
34883,19917
34884,19918
34885,19919
34886,19920
34887,19921
34888,19922
34889,19923
34890,19924
34891,19925
34892,19926
34893,19927
34894,19928
34895,19929
34896,19930
34897,19931
34898,19932
34899,19933
34900,19934
34901,19935
34902,19936
34903,19937
34904,19938
34905,19939
34906,19940
34907,19941
34908,19942
34909,19943
34910,19944
34911,19945
34912,19946
34913,19947
34914,19948
34915,19949
34916,19950
34917,19951
34918,19952
34919,19953
34920,19954
34921,19955
34922,19956
34923,19957
34924,19958
34925,19959
34926,19960
34927,19961
34928,19962
34929,19963
34930,19964
34931,19965
34932,19966
34933,19967
34934,19968
34935,19969
34936,19970
34937,19971
34938,19972
34939,19973
34940,19974
34941,19975
34942,19976
34943,19977
34944,19978
34945,19979
34946,19980
34947,19981
34948,19982
34949,19983
34950,19984
34951,19985
34952,19986
34953,19987
34954,19988
34955,19989
34956,19990
34957,19991
34958,19992
34959,19993
34960,19994
34961,19995
34962,19996
34963,19997
34964,19998
34965,19999
34966,20000
34967,20001
34968,20002
34969,20003
34970,20004
34971,20005
34972,20006
34973,20007
34974,20008
34975,20009
34976,20010
34977,20011
34978,20012
34979,20013
34980,20014
34981,20015
34982,20016
34983,20017
34984,20018
34985,20019
34986,20020
34987,20021
34988,20022
34989,20023
34990,20024
34991,20025
34992,20026
34993,20027
34994,20028
34995,20029
34996,20030
34997,20031
34998,20032
34999,20033
35000,20034
35001,20035
35002,20036
35003,20037
35004,20038
35005,20039
35006,20040
35007,20041
35008,20042
35009,20043
35010,20044
35011,20045
35012,20046
35013,20047
35014,20048
35015,20049
35016,20050
35017,20051
35018,20052
35019,20053
35020,20054
35021,20055
35022,20056
35023,20057
35024,20058
35025,20059
35026,20060
35027,20061
35028,20062
35029,20063
35030,20064
35031,20065
35032,20066
35033,20067
35034,20068
35035,20069
35036,20070
35037,20071
35038,20072
35039,20073
35040,20074
35041,20075
35042,20076
35043,20077
35044,20078
35045,20079
35046,20080
35047,20081
35048,20082
35049,20083
35050,20084
35051,20085
35052,20086
35053,20087
35054,20088
35055,20089
35056,20090
35057,20091
35058,20092
35059,20093
35060,20094
35061,20095
35062,20096
35063,20097
35064,20098
35065,20099
35066,20100
35067,20101
35068,20102
35069,20103
35070,20104
35071,20105
35072,20106
35073,20107
35074,20108
35075,20109
35076,20110
35077,20111
35078,20112
35079,20113
35080,20114
35081,20115
35082,20116
35083,20117
35084,20118
35085,20119
35086,20120
35087,20121
35088,20122
35089,20123
35090,20124
35091,20125
35092,20126
35093,20127
35094,20128
35095,20129
35096,20130
35097,20131
35098,20132
35099,20133
35100,20134
35101,20135
35102,20136
35103,20137
35104,20138
35105,20139
35106,20140
35107,20141
35108,20142
35109,20143
35110,20144
35111,20145
35112,20146
35113,20147
35114,20148
35115,20149
35116,20150
35117,20151
35118,20152
35119,20153
35120,20154
35121,20155
35122,20156
35123,20157
35124,20158
35125,20159
35126,20160
35127,20161
35128,20162
35129,20163
35130,20164
35131,20165
35132,20166
35133,20167
35134,20168
35135,20169
35136,20170
35137,20171
35138,20172
35139,20173
35140,20174
35141,20175
35142,20176
35143,20177
35144,20178
35145,20179
35146,20180
35147,20181
35148,20182
35149,20183
35150,20184
35151,20185
35152,20186
35153,20187
35154,20188
35155,20189
35156,20190
35157,20191
35158,20192
35159,20193
35160,20194
35161,20195
35162,20196
35163,20197
35164,20198
35165,20199
35166,20200
35167,20201
35168,20202
35169,20203
35170,20204
35171,20205
35172,20206
35173,20207
35174,20208
35175,20209
35176,20210
35177,20211
35178,20212
35179,20213
35180,20214
35181,20215
35182,20216
35183,20217
35184,20218
35185,20219
35186,20220
35187,20221
35188,20222
35189,20223
35190,20224
35191,20225
35192,20226
35193,20227
35194,20228
35195,20229
35196,20230
35197,20231
35198,20232
35199,20233
35200,20234
35201,20235
35202,20236
35203,20237
35204,20238
35205,20239
35206,20240
35207,20241
35208,20242
35209,20243
35210,20244
35211,20245
35212,20246
35213,20247
35214,20248
35215,20249
35216,20250
35217,20251
35218,20252
35219,20253
35220,20254
35221,20255
35222,20256
35223,20257
35224,20258
35225,20259
35226,20260
35227,20261
35228,20262
35229,20263
35230,20264
35231,20265
35232,20266
35233,20267
35234,20268
35235,20269
35236,20270
35237,20271
35238,20272
35239,20273
35240,20274
35241,20275
35242,20276
35243,20277
35244,20278
35245,20279
35246,20280
35247,20281
35248,20282
35249,20283
35250,20284
35251,20285
35252,20286
35253,20287
35254,20288
35255,20289
35256,20290
35257,20291
35258,20292
35259,20293
35260,20294
35261,20295
35262,20296
35263,20297
35264,20298
35265,20299
35266,20300
35267,20301
35268,20302
35269,20303
35270,20304
35271,20305
35272,20306
35273,20307
35274,20308
35275,20309
35276,20310
35277,20311
35278,20312
35279,20313
35280,20314
35281,20315
35282,20316
35283,20317
35284,20318
35285,20319
35286,20320
35287,20321
35288,20322
35289,20323
35290,20324
35291,20325
35292,20326
35293,20327
35294,20328
35295,20329
35296,20330
35297,20331
35298,20332
35299,20333
35300,20334
35301,20335
35302,20336
35303,20337
35304,20338
35305,20339
35306,20340
35307,20341
35308,20342
35309,20343
35310,20344
35311,20345
35312,20346
35313,20347
35314,20348
35315,20349
35316,20350
35317,20351
35318,20352
35319,20353
35320,20354
35321,20355
35322,20356
35323,20357
35324,20358
35325,20359
35326,20360
35327,20361
35328,20362
35329,20363
35330,20364
35331,20365
35332,20366
35333,20367
35334,20368
35335,20369
35336,20370
35337,20371
35338,20372
35339,20373
35340,20374
35341,20375
35342,20376
35343,20377
35344,20378
35345,20379
35346,20380
35347,20381
35348,20382
35349,20383
35350,20384
35351,20385
35352,20386
35353,20387
35354,20388
35355,20389
35356,20390
35357,20391
35358,20392
35359,20393
35360,20394
35361,20395
35362,20396
35363,20397
35364,20398
35365,20399
35366,20400
35367,20401
35368,20402
35369,20403
35370,20404
35371,20405
35372,20406
35373,20407
35374,20408
35375,20409
35376,20410
35377,20411
35378,20412
35379,20413
35380,20414
35381,20415
35382,20416
35383,20417
35384,20418
35385,20419
35386,20420
35387,20421
35388,20422
35389,20423
35390,20424
35391,20425
35392,20426
35393,20427
35394,20428
35395,20429
35396,20430
35397,20431
35398,20432
35399,20433
35400,20434
35401,20435
35402,20436
35403,20437
35404,20438
35405,20439
35406,20440
35407,20441
35408,20442
35409,20443
35410,20444
35411,20445
35412,20446
35413,20447
35414,20448
35415,20449
35416,20450
35417,20451
35418,20452
35419,20453
35420,20454
35421,20455
35422,20456
35423,20457
35424,20458
35425,20459
35426,20460
35427,20461
35428,20462
35429,20463
35430,20464
35431,20465
35432,20466
35433,20467
35434,20468
35435,20469
35436,20470
35437,20471
35438,20472
35439,20473
35440,20474
35441,20475
35442,20476
35443,20477
35444,20478
35445,20479
35446,20480
35447,20481
35448,20482
35449,20483
35450,20484
35451,20485
35452,20486
35453,20487
35454,20488
35455,20489
35456,20490
35457,20491
35458,20492
35459,20493
35460,20494
35461,20495
35462,20496
35463,20497
35464,20498
35465,20499
35466,20500
35467,20501
35468,20502
35469,20503
35470,20504
35471,20505
35472,20506
35473,20507
35474,20508
35475,20509
35476,20510
35477,20511
35478,20512
35479,20513
35480,20514
35481,20515
35482,20516
35483,20517
35484,20518
35485,20519
35486,20520
35487,20521
35488,20522
35489,20523
35490,20524
35491,20525
35492,20526
35493,20527
35494,20528
35495,20529
35496,20530
35497,20531
35498,20532
35499,20533
35500,20534
35501,20535
35502,20536
35503,20537
35504,20538
35505,20539
35506,20540
35507,20541
35508,20542
35509,20543
35510,20544
35511,20545
35512,20546
35513,20547
35514,20548
35515,20549
35516,20550
35517,20551
35518,20552
35519,20553
35520,20554
35521,20555
35522,20556
35523,20557
35524,20558
35525,20559
35526,20560
35527,20561
35528,20562
35529,20563
35530,20564
35531,20565
35532,20566
35533,20567
35534,20568
35535,20569
35536,20570
35537,20571
35538,20572
35539,20573
35540,20574
35541,20575
35542,20576
35543,20577
35544,20578
35545,20579
35546,20580
35547,20581
35548,20582
35549,20583
35550,20584
35551,20585
35552,20586
35553,20587
35554,20588
35555,20589
35556,20590
35557,20591
35558,20592
35559,20593
35560,20594
35561,20595
35562,20596
35563,20597
35564,20598
35565,20599
35566,20600
35567,20601
35568,20602
35569,20603
35570,20604
35571,20605
35572,20606
35573,20607
35574,20608
35575,20609
35576,20610
35577,20611
35578,20612
35579,20613
35580,20614
35581,20615
35582,20616
35583,20617
35584,20618
35585,20619
35586,20620
35587,20621
35588,20622
35589,20623
35590,20624
35591,20625
35592,20626
35593,20627
35594,20628
35595,20629
35596,20630
35597,20631
35598,20632
35599,20633
35600,20634
35601,20635
35602,20636
35603,20637
35604,20638
35605,20639
35606,20640
35607,20641
35608,20642
35609,20643
35610,20644
35611,20645
35612,20646
35613,20647
35614,20648
35615,20649
35616,20650
35617,20651
35618,20652
35619,20653
35620,20654
35621,20655
35622,20656
35623,20657
35624,20658
35625,20659
35626,20660
35627,20661
35628,20662
35629,20663
35630,20664
35631,20665
35632,20666
35633,20667
35634,20668
35635,20669
35636,20670
35637,20671
35638,20672
35639,20673
35640,20674
35641,20675
35642,20676
35643,20677
35644,20678
35645,20679
35646,20680
35647,20681
35648,20682
35649,20683
35650,20684
35651,20685
35652,20686
35653,20687
35654,20688
35655,20689
35656,20690
35657,20691
35658,20692
35659,20693
35660,20694
35661,20695
35662,20696
35663,20697
35664,20698
35665,20699
35666,20700
35667,20701
35668,20702
35669,20703
35670,20704
35671,20705
35672,20706
35673,20707
35674,20708
35675,20709
35676,20710
35677,20711
35678,20712
35679,20713
35680,20714
35681,20715
35682,20716
35683,20717
35684,20718
35685,20719
35686,20720
35687,20721
35688,20722
35689,20723
35690,20724
35691,20725
35692,20726
35693,20727
35694,20728
35695,20729
35696,20730
35697,20731
35698,20732
35699,20733
35700,20734
35701,20735
35702,20736
35703,20737
35704,20738
35705,20739
35706,20740
35707,20741
35708,20742
35709,20743
35710,20744
35711,20745
35712,20746
35713,20747
35714,20748
35715,20749
35716,20750
35717,20751
35718,20752
35719,20753
35720,20754
35721,20755
35722,20756
35723,20757
35724,20758
35725,20759
35726,20760
35727,20761
35728,20762
35729,20763
35730,20764
35731,20765
35732,20766
35733,20767
35734,20768
35735,20769
35736,20770
35737,20771
35738,20772
35739,20773
35740,20774
35741,20775
35742,20776
35743,20777
35744,20778
35745,20779
35746,20780
35747,20781
35748,20782
35749,20783
35750,20784
35751,20785
35752,20786
35753,20787
35754,20788
35755,20789
35756,20790
35757,20791
35758,20792
35759,20793
35760,20794
35761,20795
35762,20796
35763,20797
35764,20798
35765,20799
35766,20800
35767,20801
35768,20802
35769,20803
35770,20804
35771,20805
35772,20806
35773,20807
35774,20808
35775,20809
35776,20810
35777,20811
35778,20812
35779,20813
35780,20814
35781,20815
35782,20816
35783,20817
35784,20818
35785,20819
35786,20820
35787,20821
35788,20822
35789,20823
35790,20824
35791,20825
35792,20826
35793,20827
35794,20828
35795,20829
35796,20830
35797,20831
35798,20832
35799,20833
35800,20834
35801,20835
35802,20836
35803,20837
35804,20838
35805,20839
35806,20840
35807,20841
35808,20842
35809,20843
35810,20844
35811,20845
35812,20846
35813,20847
35814,20848
35815,20849
35816,20850
35817,20851
35818,20852
35819,20853
35820,20854
35821,20855
35822,20856
35823,20857
35824,20858
35825,20859
35826,20860
35827,20861
35828,20862
35829,20863
35830,20864
35831,20865
35832,20866
35833,20867
35834,20868
35835,20869
35836,20870
35837,20871
35838,20872
35839,20873
35840,20874
35841,20875
35842,20876
35843,20877
35844,20878
35845,20879
35846,20880
35847,20881
35848,20882
35849,20883
35850,20884
35851,20885
35852,20886
35853,20887
35854,20888
35855,20889
35856,20890
35857,20891
35858,20892
35859,20893
35860,20894
35861,20895
35862,20896
35863,20897
35864,20898
35865,20899
35866,20900
35867,20901
35868,20902
35869,20903
35870,20904
35871,20905
35872,20906
35873,20907
35874,20908
35875,20909
35876,20910
35877,20911
35878,20912
35879,20913
35880,20914
35881,20915
35882,20916
35883,20917
35884,20918
35885,20919
35886,20920
35887,20921
35888,20922
35889,20923
35890,20924
35891,20925
35892,20926
35893,20927
35894,20928
35895,20929
35896,20930
35897,20931
35898,20932
35899,20933
35900,20934
35901,20935
35902,20936
35903,20937
35904,20938
35905,20939
35906,20940
35907,20941
35908,20942
35909,20943
35910,20944
35911,20945
35912,20946
35913,20947
35914,20948
35915,20949
35916,20950
35917,20951
35918,20952
35919,20953
35920,20954
35921,20955
35922,20956
35923,20957
35924,20958
35925,20959
35926,20960
35927,20961
35928,20962
35929,20963
35930,20964
35931,20965
35932,20966
35933,20967
35934,20968
35935,20969
35936,20970
35937,20971
35938,20972
35939,20973
35940,20974
35941,20975
35942,20976
35943,20977
35944,20978
35945,20979
35946,20980
35947,20981
35948,20982
35949,20983
35950,20984
35951,20985
35952,20986
35953,20987
35954,20988
35955,20989
35956,20990
35957,20991
35958,20992
35959,20993
35960,20994
35961,20995
35962,20996
35963,20997
35964,20998
35965,20999
35966,21000
35967,21001
35968,21002
35969,21003
35970,21004
35971,21005
35972,21006
35973,21007
35974,21008
35975,21009
35976,21010
35977,21011
35978,21012
35979,21013
35980,21014
35981,21015
35982,21016
35983,21017
35984,21018
35985,21019
35986,21020
35987,21021
35988,21022
35989,21023
35990,21024
35991,21025
35992,21026
35993,21027
35994,21028
35995,21029
35996,21030
35997,21031
35998,21032
35999,21033
36000,21034
36001,21035
36002,21036
36003,21037
36004,21038
36005,21039
36006,21040
36007,21041
36008,21042
36009,21043
36010,21044
36011,21045
36012,21046
36013,21047
36014,21048
36015,21049
36016,21050
36017,21051
36018,21052
36019,21053
36020,21054
36021,21055
36022,21056
36023,21057
36024,21058
36025,21059
36026,21060
36027,21061
36028,21062
36029,21063
36030,21064
36031,21065
36032,21066
36033,21067
36034,21068
36035,21069
36036,21070
36037,21071
36038,21072
36039,21073
36040,21074
36041,21075
36042,21076
36043,21077
36044,21078
36045,21079
36046,21080
36047,21081
36048,21082
36049,21083
36050,21084
36051,21085
36052,21086
36053,21087
36054,21088
36055,21089
36056,21090
36057,21091
36058,21092
36059,21093
36060,21094
36061,21095
36062,21096
36063,21097
36064,21098
36065,21099
36066,21100
36067,21101
36068,21102
36069,21103
36070,21104
36071,21105
36072,21106
36073,21107
36074,21108
36075,21109
36076,21110
36077,21111
36078,21112
36079,21113
36080,21114
36081,21115
36082,21116
36083,21117
36084,21118
36085,21119
36086,21120
36087,21121
36088,21122
36089,21123
36090,21124
36091,21125
36092,21126
36093,21127
36094,21128
36095,21129
36096,21130
36097,21131
36098,21132
36099,21133
36100,21134
36101,21135
36102,21136
36103,21137
36104,21138
36105,21139
36106,21140
36107,21141
36108,21142
36109,21143
36110,21144
36111,21145
36112,21146
36113,21147
36114,21148
36115,21149
36116,21150
36117,21151
36118,21152
36119,21153
36120,21154
36121,21155
36122,21156
36123,21157
36124,21158
36125,21159
36126,21160
36127,21161
36128,21162
36129,21163
36130,21164
36131,21165
36132,21166
36133,21167
36134,21168
36135,21169
36136,21170
36137,21171
36138,21172
36139,21173
36140,21174
36141,21175
36142,21176
36143,21177
36144,21178
36145,21179
36146,21180
36147,21181
36148,21182
36149,21183
36150,21184
36151,21185
36152,21186
36153,21187
36154,21188
36155,21189
36156,21190
36157,21191
36158,21192
36159,21193
36160,21194
36161,21195
36162,21196
36163,21197
36164,21198
36165,21199
36166,21200
36167,21201
36168,21202
36169,21203
36170,21204
36171,21205
36172,21206
36173,21207
36174,21208
36175,21209
36176,21210
36177,21211
36178,21212
36179,21213
36180,21214
36181,21215
36182,21216
36183,21217
36184,21218
36185,21219
36186,21220
36187,21221
36188,21222
36189,21223
36190,21224
36191,21225
36192,21226
36193,21227
36194,21228
36195,21229
36196,21230
36197,21231
36198,21232
36199,21233
36200,21234
36201,21235
36202,21236
36203,21237
36204,21238
36205,21239
36206,21240
36207,21241
36208,21242
36209,21243
36210,21244
36211,21245
36212,21246
36213,21247
36214,21248
36215,21249
36216,21250
36217,21251
36218,21252
36219,21253
36220,21254
36221,21255
36222,21256
36223,21257
36224,21258
36225,21259
36226,21260
36227,21261
36228,21262
36229,21263
36230,21264
36231,21265
36232,21266
36233,21267
36234,21268
36235,21269
36236,21270
36237,21271
36238,21272
36239,21273
36240,21274
36241,21275
36242,21276
36243,21277
36244,21278
36245,21279
36246,21280
36247,21281
36248,21282
36249,21283
36250,21284
36251,21285
36252,21286
36253,21287
36254,21288
36255,21289
36256,21290
36257,21291
36258,21292
36259,21293
36260,21294
36261,21295
36262,21296
36263,21297
36264,21298
36265,21299
36266,21300
36267,21301
36268,21302
36269,21303
36270,21304
36271,21305
36272,21306
36273,21307
36274,21308
36275,21309
36276,21310
36277,21311
36278,21312
36279,21313
36280,21314
36281,21315
36282,21316
36283,21317
36284,21318
36285,21319
36286,21320
36287,21321
36288,21322
36289,21323
36290,21324
36291,21325
36292,21326
36293,21327
36294,21328
36295,21329
36296,21330
36297,21331
36298,21332
36299,21333
36300,21334
36301,21335
36302,21336
36303,21337
36304,21338
36305,21339
36306,21340
36307,21341
36308,21342
36309,21343
36310,21344
36311,21345
36312,21346
36313,21347
36314,21348
36315,21349
36316,21350
36317,21351
36318,21352
36319,21353
36320,21354
36321,21355
36322,21356
36323,21357
36324,21358
36325,21359
36326,21360
36327,21361
36328,21362
36329,21363
36330,21364
36331,21365
36332,21366
36333,21367
36334,21368
36335,21369
36336,21370
36337,21371
36338,21372
36339,21373
36340,21374
36341,21375
36342,21376
36343,21377
36344,21378
36345,21379
36346,21380
36347,21381
36348,21382
36349,21383
36350,21384
36351,21385
36352,21386
36353,21387
36354,21388
36355,21389
36356,21390
36357,21391
36358,21392
36359,21393
36360,21394
36361,21395
36362,21396
36363,21397
36364,21398
36365,21399
36366,21400
36367,21401
36368,21402
36369,21403
36370,21404
36371,21405
36372,21406
36373,21407
36374,21408
36375,21409
36376,21410
36377,21411
36378,21412
36379,21413
36380,21414
36381,21415
36382,21416
36383,21417
36384,21418
36385,21419
36386,21420
36387,21421
36388,21422
36389,21423
36390,21424
36391,21425
36392,21426
36393,21427
36394,21428
36395,21429
36396,21430
36397,21431
36398,21432
36399,21433
36400,21434
36401,21435
36402,21436
36403,21437
36404,21438
36405,21439
36406,21440
36407,21441
36408,21442
36409,21443
36410,21444
36411,21445
36412,21446
36413,21447
36414,21448
36415,21449
36416,21450
36417,21451
36418,21452
36419,21453
36420,21454
36421,21455
36422,21456
36423,21457
36424,21458
36425,21459
36426,21460
36427,21461
36428,21462
36429,21463
36430,21464
36431,21465
36432,21466
36433,21467
36434,21468
36435,21469
36436,21470
36437,21471
36438,21472
36439,21473
36440,21474
36441,21475
36442,21476
36443,21477
36444,21478
36445,21479
36446,21480
36447,21481
36448,21482
36449,21483
36450,21484
36451,21485
36452,21486
36453,21487
36454,21488
36455,21489
36456,21490
36457,21491
36458,21492
36459,21493
36460,21494
36461,21495
36462,21496
36463,21497
36464,21498
36465,21499
36466,21500
36467,21501
36468,21502
36469,21503
36470,21504
36471,21505
36472,21506
36473,21507
36474,21508
36475,21509
36476,21510
36477,21511
36478,21512
36479,21513
36480,21514
36481,21515
36482,21516
36483,21517
36484,21518
36485,21519
36486,21520
36487,21521
36488,21522
36489,21523
36490,21524
36491,21525
36492,21526
36493,21527
36494,21528
36495,21529
36496,21530
36497,21531
36498,21532
36499,21533
36500,21534
36501,21535
36502,21536
36503,21537
36504,21538
36505,21539
36506,21540
36507,21541
36508,21542
36509,21543
36510,21544
36511,21545
36512,21546
36513,21547
36514,21548
36515,21549
36516,21550
36517,21551
36518,21552
36519,21553
36520,21554
36521,21555
36522,21556
36523,21557
36524,21558
36525,21559
36526,21560
36527,21561
36528,21562
36529,21563
36530,21564
36531,21565
36532,21566
36533,21567
36534,21568
36535,21569
36536,21570
36537,21571
36538,21572
36539,21573
36540,21574
36541,21575
36542,21576
36543,21577
36544,21578
36545,21579
36546,21580
36547,21581
36548,21582
36549,21583
36550,21584
36551,21585
36552,21586
36553,21587
36554,21588
36555,21589
36556,21590
36557,21591
36558,21592
36559,21593
36560,21594
36561,21595
36562,21596
36563,21597
36564,21598
36565,21599
36566,21600
36567,21601
36568,21602
36569,21603
36570,21604
36571,21605
36572,21606
36573,21607
36574,21608
36575,21609
36576,21610
36577,21611
36578,21612
36579,21613
36580,21614
36581,21615
36582,21616
36583,21617
36584,21618
36585,21619
36586,21620
36587,21621
36588,21622
36589,21623
36590,21624
36591,21625
36592,21626
36593,21627
36594,21628
36595,21629
36596,21630
36597,21631
36598,21632
36599,21633
36600,21634
36601,21635
36602,21636
36603,21637
36604,21638
36605,21639
36606,21640
36607,21641
36608,21642
36609,21643
36610,21644
36611,21645
36612,21646
36613,21647
36614,21648
36615,21649
36616,21650
36617,21651
36618,21652
36619,21653
36620,21654
36621,21655
36622,21656
36623,21657
36624,21658
36625,21659
36626,21660
36627,21661
36628,21662
36629,21663
36630,21664
36631,21665
36632,21666
36633,21667
36634,21668
36635,21669
36636,21670
36637,21671
36638,21672
36639,21673
36640,21674
36641,21675
36642,21676
36643,21677
36644,21678
36645,21679
36646,21680
36647,21681
36648,21682
36649,21683
36650,21684
36651,21685
36652,21686
36653,21687
36654,21688
36655,21689
36656,21690
36657,21691
36658,21692
36659,21693
36660,21694
36661,21695
36662,21696
36663,21697
36664,21698
36665,21699
36666,21700
36667,21701
36668,21702
36669,21703
36670,21704
36671,21705
36672,21706
36673,21707
36674,21708
36675,21709
36676,21710
36677,21711
36678,21712
36679,21713
36680,21714
36681,21715
36682,21716
36683,21717
36684,21718
36685,21719
36686,21720
36687,21721
36688,21722
36689,21723
36690,21724
36691,21725
36692,21726
36693,21727
36694,21728
36695,21729
36696,21730
36697,21731
36698,21732
36699,21733
36700,21734
36701,21735
36702,21736
36703,21737
36704,21738
36705,21739
36706,21740
36707,21741
36708,21742
36709,21743
36710,21744
36711,21745
36712,21746
36713,21747
36714,21748
36715,21749
36716,21750
36717,21751
36718,21752
36719,21753
36720,21754
36721,21755
36722,21756
36723,21757
36724,21758
36725,21759
36726,21760
36727,21761
36728,21762
36729,21763
36730,21764
36731,21765
36732,21766
36733,21767
36734,21768
36735,21769
36736,21770
36737,21771
36738,21772
36739,21773
36740,21774
36741,21775
36742,21776
36743,21777
36744,21778
36745,21779
36746,21780
36747,21781
36748,21782
36749,21783
36750,21784
36751,21785
36752,21786
36753,21787
36754,21788
36755,21789
36756,21790
36757,21791
36758,21792
36759,21793
36760,21794
36761,21795
36762,21796
36763,21797
36764,21798
36765,21799
36766,21800
36767,21801
36768,21802
36769,21803
36770,21804
36771,21805
36772,21806
36773,21807
36774,21808
36775,21809
36776,21810
36777,21811
36778,21812
36779,21813
36780,21814
36781,21815
36782,21816
36783,21817
36784,21818
36785,21819
36786,21820
36787,21821
36788,21822
36789,21823
36790,21824
36791,21825
36792,21826
36793,21827
36794,21828
36795,21829
36796,21830
36797,21831
36798,21832
36799,21833
36800,21834
36801,21835
36802,21836
36803,21837
36804,21838
36805,21839
36806,21840
36807,21841
36808,21842
36809,21843
36810,21844
36811,21845
36812,21846
36813,21847
36814,21848
36815,21849
36816,21850
36817,21851
36818,21852
36819,21853
36820,21854
36821,21855
36822,21856
36823,21857
36824,21858
36825,21859
36826,21860
36827,21861
36828,21862
36829,21863
36830,21864
36831,21865
36832,21866
36833,21867
36834,21868
36835,21869
36836,21870
36837,21871
36838,21872
36839,21873
36840,21874
36841,21875
36842,21876
36843,21877
36844,21878
36845,21879
36846,21880
36847,21881
36848,21882
36849,21883
36850,21884
36851,21885
36852,21886
36853,21887
36854,21888
36855,21889
36856,21890
36857,21891
36858,21892
36859,21893
36860,21894
36861,21895
36862,21896
36863,21897
36864,21898
36865,21899
36866,21900
36867,21901
36868,21902
36869,21903
36870,21904
36871,21905
36872,21906
36873,21907
36874,21908
36875,21909
36876,21910
36877,21911
36878,21912
36879,21913
36880,21914
36881,21915
36882,21916
36883,21917
36884,21918
36885,21919
36886,21920
36887,21921
36888,21922
36889,21923
36890,21924
36891,21925
36892,21926
36893,21927
36894,21928
36895,21929
36896,21930
36897,21931
36898,21932
36899,21933
36900,21934
36901,21935
36902,21936
36903,21937
36904,21938
36905,21939
36906,21940
36907,21941
36908,21942
36909,21943
36910,21944
36911,21945
36912,21946
36913,21947
36914,21948
36915,21949
36916,21950
36917,21951
36918,21952
36919,21953
36920,21954
36921,21955
36922,21956
36923,21957
36924,21958
36925,21959
36926,21960
36927,21961
36928,21962
36929,21963
36930,21964
36931,21965
36932,21966
36933,21967
36934,21968
36935,21969
36936,21970
36937,21971
36938,21972
36939,21973
36940,21974
36941,21975
36942,21976
36943,21977
36944,21978
36945,21979
36946,21980
36947,21981
36948,21982
36949,21983
36950,21984
36951,21985
36952,21986
36953,21987
36954,21988
36955,21989
36956,21990
36957,21991
36958,21992
36959,21993
36960,21994
36961,21995
36962,21996
36963,21997
36964,21998
36965,21999
36966,22000
36967,22001
36968,22002
36969,22003
36970,22004
36971,22005
36972,22006
36973,22007
36974,22008
36975,22009
36976,22010
36977,22011
36978,22012
36979,22013
36980,22014
36981,22015
36982,22016
36983,22017
36984,22018
36985,22019
36986,22020
36987,22021
36988,22022
36989,22023
36990,22024
36991,22025
36992,22026
36993,22027
36994,22028
36995,22029
36996,22030
36997,22031
36998,22032
36999,22033
37000,22034
37001,22035
37002,22036
37003,22037
37004,22038
37005,22039
37006,22040
37007,22041
37008,22042
37009,22043
37010,22044
37011,22045
37012,22046
37013,22047
37014,22048
37015,22049
37016,22050
37017,22051
37018,22052
37019,22053
37020,22054
37021,22055
37022,22056
37023,22057
37024,22058
37025,22059
37026,22060
37027,22061
37028,22062
37029,22063
37030,22064
37031,22065
37032,22066
37033,22067
37034,22068
37035,22069
37036,22070
37037,22071
37038,22072
37039,22073
37040,22074
37041,22075
37042,22076
37043,22077
37044,22078
37045,22079
37046,22080
37047,22081
37048,22082
37049,22083
37050,22084
37051,22085
37052,22086
37053,22087
37054,22088
37055,22089
37056,22090
37057,22091
37058,22092
37059,22093
37060,22094
37061,22095
37062,22096
37063,22097
37064,22098
37065,22099
37066,22100
37067,22101
37068,22102
37069,22103
37070,22104
37071,22105
37072,22106
37073,22107
37074,22108
37075,22109
37076,22110
37077,22111
37078,22112
37079,22113
37080,22114
37081,22115
37082,22116
37083,22117
37084,22118
37085,22119
37086,22120
37087,22121
37088,22122
37089,22123
37090,22124
37091,22125
37092,22126
37093,22127
37094,22128
37095,22129
37096,22130
37097,22131
37098,22132
37099,22133
37100,22134
37101,22135
37102,22136
37103,22137
37104,22138
37105,22139
37106,22140
37107,22141
37108,22142
37109,22143
37110,22144
37111,22145
37112,22146
37113,22147
37114,22148
37115,22149
37116,22150
37117,22151
37118,22152
37119,22153
37120,22154
37121,22155
37122,22156
37123,22157
37124,22158
37125,22159
37126,22160
37127,22161
37128,22162
37129,22163
37130,22164
37131,22165
37132,22166
37133,22167
37134,22168
37135,22169
37136,22170
37137,22171
37138,22172
37139,22173
37140,22174
37141,22175
37142,22176
37143,22177
37144,22178
37145,22179
37146,22180
37147,22181
37148,22182
37149,22183
37150,22184
37151,22185
37152,22186
37153,22187
37154,22188
37155,22189
37156,22190
37157,22191
37158,22192
37159,22193
37160,22194
37161,22195
37162,22196
37163,22197
37164,22198
37165,22199
37166,22200
37167,22201
37168,22202
37169,22203
37170,22204
37171,22205
37172,22206
37173,22207
37174,22208
37175,22209
37176,22210
37177,22211
37178,22212
37179,22213
37180,22214
37181,22215
37182,22216
37183,22217
37184,22218
37185,22219
37186,22220
37187,22221
37188,22222
37189,22223
37190,22224
37191,22225
37192,22226
37193,22227
37194,22228
37195,22229
37196,22230
37197,22231
37198,22232
37199,22233
37200,22234
37201,22235
37202,22236
37203,22237
37204,22238
37205,22239
37206,22240
37207,22241
37208,22242
37209,22243
37210,22244
37211,22245
37212,22246
37213,22247
37214,22248
37215,22249
37216,22250
37217,22251
37218,22252
37219,22253
37220,22254
37221,22255
37222,22256
37223,22257
37224,22258
37225,22259
37226,22260
37227,22261
37228,22262
37229,22263
37230,22264
37231,22265
37232,22266
37233,22267
37234,22268
37235,22269
37236,22270
37237,22271
37238,22272
37239,22273
37240,22274
37241,22275
37242,22276
37243,22277
37244,22278
37245,22279
37246,22280
37247,22281
37248,22282
37249,22283
37250,22284
37251,22285
37252,22286
37253,22287
37254,22288
37255,22289
37256,22290
37257,22291
37258,22292
37259,22293
37260,22294
37261,22295
37262,22296
37263,22297
37264,22298
37265,22299
37266,22300
37267,22301
37268,22302
37269,22303
37270,22304
37271,22305
37272,22306
37273,22307
37274,22308
37275,22309
37276,22310
37277,22311
37278,22312
37279,22313
37280,22314
37281,22315
37282,22316
37283,22317
37284,22318
37285,22319
37286,22320
37287,22321
37288,22322
37289,22323
37290,22324
37291,22325
37292,22326
37293,22327
37294,22328
37295,22329
37296,22330
37297,22331
37298,22332
37299,22333
37300,22334
37301,22335
37302,22336
37303,22337
37304,22338
37305,22339
37306,22340
37307,22341
37308,22342
37309,22343
37310,22344
37311,22345
37312,22346
37313,22347
37314,22348
37315,22349
37316,22350
37317,22351
37318,22352
37319,22353
37320,22354
37321,22355
37322,22356
37323,22357
37324,22358
37325,22359
37326,22360
37327,22361
37328,22362
37329,22363
37330,22364
37331,22365
37332,22366
37333,22367
37334,22368
37335,22369
37336,22370
37337,22371
37338,22372
37339,22373
37340,22374
37341,22375
37342,22376
37343,22377
37344,22378
37345,22379
37346,22380
37347,22381
37348,22382
37349,22383
37350,22384
37351,22385
37352,22386
37353,22387
37354,22388
37355,22389
37356,22390
37357,22391
37358,22392
37359,22393
37360,22394
37361,22395
37362,22396
37363,22397
37364,22398
37365,22399
37366,22400
37367,22401
37368,22402
37369,22403
37370,22404
37371,22405
37372,22406
37373,22407
37374,22408
37375,22409
37376,22410
37377,22411
37378,22412
37379,22413
37380,22414
37381,22415
37382,22416
37383,22417
37384,22418
37385,22419
37386,22420
37387,22421
37388,22422
37389,22423
37390,22424
37391,22425
37392,22426
37393,22427
37394,22428
37395,22429
37396,22430
37397,22431
37398,22432
37399,22433
37400,22434
37401,22435
37402,22436
37403,22437
37404,22438
37405,22439
37406,22440
37407,22441
37408,22442
37409,22443
37410,22444
37411,22445
37412,22446
37413,22447
37414,22448
37415,22449
37416,22450
37417,22451
37418,22452
37419,22453
37420,22454
37421,22455
37422,22456
37423,22457
37424,22458
37425,22459
37426,22460
37427,22461
37428,22462
37429,22463
37430,22464
37431,22465
37432,22466
37433,22467
37434,22468
37435,22469
37436,22470
37437,22471
37438,22472
37439,22473
37440,22474
37441,22475
37442,22476
37443,22477
37444,22478
37445,22479
37446,22480
37447,22481
37448,22482
37449,22483
37450,22484
37451,22485
37452,22486
37453,22487
37454,22488
37455,22489
37456,22490
37457,22491
37458,22492
37459,22493
37460,22494
37461,22495
37462,22496
37463,22497
37464,22498
37465,22499
37466,22500
37467,22501
37468,22502
37469,22503
37470,22504
37471,22505
37472,22506
37473,22507
37474,22508
37475,22509
37476,22510
37477,22511
37478,22512
37479,22513
37480,22514
37481,22515
37482,22516
37483,22517
37484,22518
37485,22519
37486,22520
37487,22521
37488,22522
37489,22523
37490,22524
37491,22525
37492,22526
37493,22527
37494,22528
37495,22529
37496,22530
37497,22531
37498,22532
37499,22533
37500,22534
37501,22535
37502,22536
37503,22537
37504,22538
37505,22539
37506,22540
37507,22541
37508,22542
37509,22543
37510,22544
37511,22545
37512,22546
37513,22547
37514,22548
37515,22549
37516,22550
37517,22551
37518,22552
37519,22553
37520,22554
37521,22555
37522,22556
37523,22557
37524,22558
37525,22559
37526,22560
37527,22561
37528,22562
37529,22563
37530,22564
37531,22565
37532,22566
37533,22567
37534,22568
37535,22569
37536,22570
37537,22571
37538,22572
37539,22573
37540,22574
37541,22575
37542,22576
37543,22577
37544,22578
37545,22579
37546,22580
37547,22581
37548,22582
37549,22583
37550,22584
37551,22585
37552,22586
37553,22587
37554,22588
37555,22589
37556,22590
37557,22591
37558,22592
37559,22593
37560,22594
37561,22595
37562,22596
37563,22597
37564,22598
37565,22599
37566,22600
37567,22601
37568,22602
37569,22603
37570,22604
37571,22605
37572,22606
37573,22607
37574,22608
37575,22609
37576,22610
37577,22611
37578,22612
37579,22613
37580,22614
37581,22615
37582,22616
37583,22617
37584,22618
37585,22619
37586,22620
37587,22621
37588,22622
37589,22623
37590,22624
37591,22625
37592,22626
37593,22627
37594,22628
37595,22629
37596,22630
37597,22631
37598,22632
37599,22633
37600,22634
37601,22635
37602,22636
37603,22637
37604,22638
37605,22639
37606,22640
37607,22641
37608,22642
37609,22643
37610,22644
37611,22645
37612,22646
37613,22647
37614,22648
37615,22649
37616,22650
37617,22651
37618,22652
37619,22653
37620,22654
37621,22655
37622,22656
37623,22657
37624,22658
37625,22659
37626,22660
37627,22661
37628,22662
37629,22663
37630,22664
37631,22665
37632,22666
37633,22667
37634,22668
37635,22669
37636,22670
37637,22671
37638,22672
37639,22673
37640,22674
37641,22675
37642,22676
37643,22677
37644,22678
37645,22679
37646,22680
37647,22681
37648,22682
37649,22683
37650,22684
37651,22685
37652,22686
37653,22687
37654,22688
37655,22689
37656,22690
37657,22691
37658,22692
37659,22693
37660,22694
37661,22695
37662,22696
37663,22697
37664,22698
37665,22699
37666,22700
37667,22701
37668,22702
37669,22703
37670,22704
37671,22705
37672,22706
37673,22707
37674,22708
37675,22709
37676,22710
37677,22711
37678,22712
37679,22713
37680,22714
37681,22715
37682,22716
37683,22717
37684,22718
37685,22719
37686,22720
37687,22721
37688,22722
37689,22723
37690,22724
37691,22725
37692,22726
37693,22727
37694,22728
37695,22729
37696,22730
37697,22731
37698,22732
37699,22733
37700,22734
37701,22735
37702,22736
37703,22737
37704,22738
37705,22739
37706,22740
37707,22741
37708,22742
37709,22743
37710,22744
37711,22745
37712,22746
37713,22747
37714,22748
37715,22749
37716,22750
37717,22751
37718,22752
37719,22753
37720,22754
37721,22755
37722,22756
37723,22757
37724,22758
37725,22759
37726,22760
37727,22761
37728,22762
37729,22763
37730,22764
37731,22765
37732,22766
37733,22767
37734,22768
37735,22769
37736,22770
37737,22771
37738,22772
37739,22773
37740,22774
37741,22775
37742,22776
37743,22777
37744,22778
37745,22779
37746,22780
37747,22781
37748,22782
37749,22783
37750,22784
37751,22785
37752,22786
37753,22787
37754,22788
37755,22789
37756,22790
37757,22791
37758,22792
37759,22793
37760,22794
37761,22795
37762,22796
37763,22797
37764,22798
37765,22799
37766,22800
37767,22801
37768,22802
37769,22803
37770,22804
37771,22805
37772,22806
37773,22807
37774,22808
37775,22809
37776,22810
37777,22811
37778,22812
37779,22813
37780,22814
37781,22815
37782,22816
37783,22817
37784,22818
37785,22819
37786,22820
37787,22821
37788,22822
37789,22823
37790,22824
37791,22825
37792,22826
37793,22827
37794,22828
37795,22829
37796,22830
37797,22831
37798,22832
37799,22833
37800,22834
37801,22835
37802,22836
37803,22837
37804,22838
37805,22839
37806,22840
37807,22841
37808,22842
37809,22843
37810,22844
37811,22845
37812,22846
37813,22847
37814,22848
37815,22849
37816,22850
37817,22851
37818,22852
37819,22853
37820,22854
37821,22855
37822,22856
37823,22857
37824,22858
37825,22859
37826,22860
37827,22861
37828,22862
37829,22863
37830,22864
37831,22865
37832,22866
37833,22867
37834,22868
37835,22869
37836,22870
37837,22871
37838,22872
37839,22873
37840,22874
37841,22875
37842,22876
37843,22877
37844,22878
37845,22879
37846,22880
37847,22881
37848,22882
37849,22883
37850,22884
37851,22885
37852,22886
37853,22887
37854,22888
37855,22889
37856,22890
37857,22891
37858,22892
37859,22893
37860,22894
37861,22895
37862,22896
37863,22897
37864,22898
37865,22899
37866,22900
37867,22901
37868,22902
37869,22903
37870,22904
37871,22905
37872,22906
37873,22907
37874,22908
37875,22909
37876,22910
37877,22911
37878,22912
37879,22913
37880,22914
37881,22915
37882,22916
37883,22917
37884,22918
37885,22919
37886,22920
37887,22921
37888,22922
37889,22923
37890,22924
37891,22925
37892,22926
37893,22927
37894,22928
37895,22929
37896,22930
37897,22931
37898,22932
37899,22933
37900,22934
37901,22935
37902,22936
37903,22937
37904,22938
37905,22939
37906,22940
37907,22941
37908,22942
37909,22943
37910,22944
37911,22945
37912,22946
37913,22947
37914,22948
37915,22949
37916,22950
37917,22951
37918,22952
37919,22953
37920,22954
37921,22955
37922,22956
37923,22957
37924,22958
37925,22959
37926,22960
37927,22961
37928,22962
37929,22963
37930,22964
37931,22965
37932,22966
37933,22967
37934,22968
37935,22969
37936,22970
37937,22971
37938,22972
37939,22973
37940,22974
37941,22975
37942,22976
37943,22977
37944,22978
37945,22979
37946,22980
37947,22981
37948,22982
37949,22983
37950,22984
37951,22985
37952,22986
37953,22987
37954,22988
37955,22989
37956,22990
37957,22991
37958,22992
37959,22993
37960,22994
37961,22995
37962,22996
37963,22997
37964,22998
37965,22999
37966,23000
37967,23001
37968,23002
37969,23003
37970,23004
37971,23005
37972,23006
37973,23007
37974,23008
37975,23009
37976,23010
37977,23011
37978,23012
37979,23013
37980,23014
37981,23015
37982,23016
37983,23017
37984,23018
37985,23019
37986,23020
37987,23021
37988,23022
37989,23023
37990,23024
37991,23025
37992,23026
37993,23027
37994,23028
37995,23029
37996,23030
37997,23031
37998,23032
37999,23033
38000,23034
38001,23035
38002,23036
38003,23037
38004,23038
38005,23039
38006,23040
38007,23041
38008,23042
38009,23043
38010,23044
38011,23045
38012,23046
38013,23047
38014,23048
38015,23049
38016,23050
38017,23051
38018,23052
38019,23053
38020,23054
38021,23055
38022,23056
38023,23057
38024,23058
38025,23059
38026,23060
38027,23061
38028,23062
38029,23063
38030,23064
38031,23065
38032,23066
38033,23067
38034,23068
38035,23069
38036,23070
38037,23071
38038,23072
38039,23073
38040,23074
38041,23075
38042,23076
38043,23077
38044,23078
38045,23079
38046,23080
38047,23081
38048,23082
38049,23083
38050,23084
38051,23085
38052,23086
38053,23087
38054,23088
38055,23089
38056,23090
38057,23091
38058,23092
38059,23093
38060,23094
38061,23095
38062,23096
38063,23097
38064,23098
38065,23099
38066,23100
38067,23101
38068,23102
38069,23103
38070,23104
38071,23105
38072,23106
38073,23107
38074,23108
38075,23109
38076,23110
38077,23111
38078,23112
38079,23113
38080,23114
38081,23115
38082,23116
38083,23117
38084,23118
38085,23119
38086,23120
38087,23121
38088,23122
38089,23123
38090,23124
38091,23125
38092,23126
38093,23127
38094,23128
38095,23129
38096,23130
38097,23131
38098,23132
38099,23133
38100,23134
38101,23135
38102,23136
38103,23137
38104,23138
38105,23139
38106,23140
38107,23141
38108,23142
38109,23143
38110,23144
38111,23145
38112,23146
38113,23147
38114,23148
38115,23149
38116,23150
38117,23151
38118,23152
38119,23153
38120,23154
38121,23155
38122,23156
38123,23157
38124,23158
38125,23159
38126,23160
38127,23161
38128,23162
38129,23163
38130,23164
38131,23165
38132,23166
38133,23167
38134,23168
38135,23169
38136,23170
38137,23171
38138,23172
38139,23173
38140,23174
38141,23175
38142,23176
38143,23177
38144,23178
38145,23179
38146,23180
38147,23181
38148,23182
38149,23183
38150,23184
38151,23185
38152,23186
38153,23187
38154,23188
38155,23189
38156,23190
38157,23191
38158,23192
38159,23193
38160,23194
38161,23195
38162,23196
38163,23197
38164,23198
38165,23199
38166,23200
38167,23201
38168,23202
38169,23203
38170,23204
38171,23205
38172,23206
38173,23207
38174,23208
38175,23209
38176,23210
38177,23211
38178,23212
38179,23213
38180,23214
38181,23215
38182,23216
38183,23217
38184,23218
38185,23219
38186,23220
38187,23221
38188,23222
38189,23223
38190,23224
38191,23225
38192,23226
38193,23227
38194,23228
38195,23229
38196,23230
38197,23231
38198,23232
38199,23233
38200,23234
38201,23235
38202,23236
38203,23237
38204,23238
38205,23239
38206,23240
38207,23241
38208,23242
38209,23243
38210,23244
38211,23245
38212,23246
38213,23247
38214,23248
38215,23249
38216,23250
38217,23251
38218,23252
38219,23253
38220,23254
38221,23255
38222,23256
38223,23257
38224,23258
38225,23259
38226,23260
38227,23261
38228,23262
38229,23263
38230,23264
38231,23265
38232,23266
38233,23267
38234,23268
38235,23269
38236,23270
38237,23271
38238,23272
38239,23273
38240,23274
38241,23275
38242,23276
38243,23277
38244,23278
38245,23279
38246,23280
38247,23281
38248,23282
38249,23283
38250,23284
38251,23285
38252,23286
38253,23287
38254,23288
38255,23289
38256,23290
38257,23291
38258,23292
38259,23293
38260,23294
38261,23295
38262,23296
38263,23297
38264,23298
38265,23299
38266,23300
38267,23301
38268,23302
38269,23303
38270,23304
38271,23305
38272,23306
38273,23307
38274,23308
38275,23309
38276,23310
38277,23311
38278,23312
38279,23313
38280,23314
38281,23315
38282,23316
38283,23317
38284,23318
38285,23319
38286,23320
38287,23321
38288,23322
38289,23323
38290,23324
38291,23325
38292,23326
38293,23327
38294,23328
38295,23329
38296,23330
38297,23331
38298,23332
38299,23333
38300,23334
38301,23335
38302,23336
38303,23337
38304,23338
38305,23339
38306,23340
38307,23341
38308,23342
38309,23343
38310,23344
38311,23345
38312,23346
38313,23347
38314,23348
38315,23349
38316,23350
38317,23351
38318,23352
38319,23353
38320,23354
38321,23355
38322,23356
38323,23357
38324,23358
38325,23359
38326,23360
38327,23361
38328,23362
38329,23363
38330,23364
38331,23365
38332,23366
38333,23367
38334,23368
38335,23369
38336,23370
38337,23371
38338,23372
38339,23373
38340,23374
38341,23375
38342,23376
38343,23377
38344,23378
38345,23379
38346,23380
38347,23381
38348,23382
38349,23383
38350,23384
38351,23385
38352,23386
38353,23387
38354,23388
38355,23389
38356,23390
38357,23391
38358,23392
38359,23393
38360,23394
38361,23395
38362,23396
38363,23397
38364,23398
38365,23399
38366,23400
38367,23401
38368,23402
38369,23403
38370,23404
38371,23405
38372,23406
38373,23407
38374,23408
38375,23409
38376,23410
38377,23411
38378,23412
38379,23413
38380,23414
38381,23415
38382,23416
38383,23417
38384,23418
38385,23419
38386,23420
38387,23421
38388,23422
38389,23423
38390,23424
38391,23425
38392,23426
38393,23427
38394,23428
38395,23429
38396,23430
38397,23431
38398,23432
38399,23433
38400,23434
38401,23435
38402,23436
38403,23437
38404,23438
38405,23439
38406,23440
38407,23441
38408,23442
38409,23443
38410,23444
38411,23445
38412,23446
38413,23447
38414,23448
38415,23449
38416,23450
38417,23451
38418,23452
38419,23453
38420,23454
38421,23455
38422,23456
38423,23457
38424,23458
38425,23459
38426,23460
38427,23461
38428,23462
38429,23463
38430,23464
38431,23465
38432,23466
38433,23467
38434,23468
38435,23469
38436,23470
38437,23471
38438,23472
38439,23473
38440,23474
38441,23475
38442,23476
38443,23477
38444,23478
38445,23479
38446,23480
38447,23481
38448,23482
38449,23483
38450,23484
38451,23485
38452,23486
38453,23487
38454,23488
38455,23489
38456,23490
38457,23491
38458,23492
38459,23493
38460,23494
38461,23495
38462,23496
38463,23497
38464,23498
38465,23499
38466,23500
38467,23501
38468,23502
38469,23503
38470,23504
38471,23505
38472,23506
38473,23507
38474,23508
38475,23509
38476,23510
38477,23511
38478,23512
38479,23513
38480,23514
38481,23515
38482,23516
38483,23517
38484,23518
38485,23519
38486,23520
38487,23521
38488,23522
38489,23523
38490,23524
38491,23525
38492,23526
38493,23527
38494,23528
38495,23529
38496,23530
38497,23531
38498,23532
38499,23533
38500,23534
38501,23535
38502,23536
38503,23537
38504,23538
38505,23539
38506,23540
38507,23541
38508,23542
38509,23543
38510,23544
38511,23545
38512,23546
38513,23547
38514,23548
38515,23549
38516,23550
38517,23551
38518,23552
38519,23553
38520,23554
38521,23555
38522,23556
38523,23557
38524,23558
38525,23559
38526,23560
38527,23561
38528,23562
38529,23563
38530,23564
38531,23565
38532,23566
38533,23567
38534,23568
38535,23569
38536,23570
38537,23571
38538,23572
38539,23573
38540,23574
38541,23575
38542,23576
38543,23577
38544,23578
38545,23579
38546,23580
38547,23581
38548,23582
38549,23583
38550,23584
38551,23585
38552,23586
38553,23587
38554,23588
38555,23589
38556,23590
38557,23591
38558,23592
38559,23593
38560,23594
38561,23595
38562,23596
38563,23597
38564,23598
38565,23599
38566,23600
38567,23601
38568,23602
38569,23603
38570,23604
38571,23605
38572,23606
38573,23607
38574,23608
38575,23609
38576,23610
38577,23611
38578,23612
38579,23613
38580,23614
38581,23615
38582,23616
38583,23617
38584,23618
38585,23619
38586,23620
38587,23621
38588,23622
38589,23623
38590,23624
38591,23625
38592,23626
38593,23627
38594,23628
38595,23629
38596,23630
38597,23631
38598,23632
38599,23633
38600,23634
38601,23635
38602,23636
38603,23637
38604,23638
38605,23639
38606,23640
38607,23641
38608,23642
38609,23643
38610,23644
38611,23645
38612,23646
38613,23647
38614,23648
38615,23649
38616,23650
38617,23651
38618,23652
38619,23653
38620,23654
38621,23655
38622,23656
38623,23657
38624,23658
38625,23659
38626,23660
38627,23661
38628,23662
38629,23663
38630,23664
38631,23665
38632,23666
38633,23667
38634,23668
38635,23669
38636,23670
38637,23671
38638,23672
38639,23673
38640,23674
38641,23675
38642,23676
38643,23677
38644,23678
38645,23679
38646,23680
38647,23681
38648,23682
38649,23683
38650,23684
38651,23685
38652,23686
38653,23687
38654,23688
38655,23689
38656,23690
38657,23691
38658,23692
38659,23693
38660,23694
38661,23695
38662,23696
38663,23697
38664,23698
38665,23699
38666,23700
38667,23701
38668,23702
38669,23703
38670,23704
38671,23705
38672,23706
38673,23707
38674,23708
38675,23709
38676,23710
38677,23711
38678,23712
38679,23713
38680,23714
38681,23715
38682,23716
38683,23717
38684,23718
38685,23719
38686,23720
38687,23721
38688,23722
38689,23723
38690,23724
38691,23725
38692,23726
38693,23727
38694,23728
38695,23729
38696,23730
38697,23731
38698,23732
38699,23733
38700,23734
38701,23735
38702,23736
38703,23737
38704,23738
38705,23739
38706,23740
38707,23741
38708,23742
38709,23743
38710,23744
38711,23745
38712,23746
38713,23747
38714,23748
38715,23749
38716,23750
38717,23751
38718,23752
38719,23753
38720,23754
38721,23755
38722,23756
38723,23757
38724,23758
38725,23759
38726,23760
38727,23761
38728,23762
38729,23763
38730,23764
38731,23765
38732,23766
38733,23767
38734,23768
38735,23769
38736,23770
38737,23771
38738,23772
38739,23773
38740,23774
38741,23775
38742,23776
38743,23777
38744,23778
38745,23779
38746,23780
38747,23781
38748,23782
38749,23783
38750,23784
38751,23785
38752,23786
38753,23787
38754,23788
38755,23789
38756,23790
38757,23791
38758,23792
38759,23793
38760,23794
38761,23795
38762,23796
38763,23797
38764,23798
38765,23799
38766,23800
38767,23801
38768,23802
38769,23803
38770,23804
38771,23805
38772,23806
38773,23807
38774,23808
38775,23809
38776,23810
38777,23811
38778,23812
38779,23813
38780,23814
38781,23815
38782,23816
38783,23817
38784,23818
38785,23819
38786,23820
38787,23821
38788,23822
38789,23823
38790,23824
38791,23825
38792,23826
38793,23827
38794,23828
38795,23829
38796,23830
38797,23831
38798,23832
38799,23833
38800,23834
38801,23835
38802,23836
38803,23837
38804,23838
38805,23839
38806,23840
38807,23841
38808,23842
38809,23843
38810,23844
38811,23845
38812,23846
38813,23847
38814,23848
38815,23849
38816,23850
38817,23851
38818,23852
38819,23853
38820,23854
38821,23855
38822,23856
38823,23857
38824,23858
38825,23859
38826,23860
38827,23861
38828,23862
38829,23863
38830,23864
38831,23865
38832,23866
38833,23867
38834,23868
38835,23869
38836,23870
38837,23871
38838,23872
38839,23873
38840,23874
38841,23875
38842,23876
38843,23877
38844,23878
38845,23879
38846,23880
38847,23881
38848,23882
38849,23883
38850,23884
38851,23885
38852,23886
38853,23887
38854,23888
38855,23889
38856,23890
38857,23891
38858,23892
38859,23893
38860,23894
38861,23895
38862,23896
38863,23897
38864,23898
38865,23899
38866,23900
38867,23901
38868,23902
38869,23903
38870,23904
38871,23905
38872,23906
38873,23907
38874,23908
38875,23909
38876,23910
38877,23911
38878,23912
38879,23913
38880,23914
38881,23915
38882,23916
38883,23917
38884,23918
38885,23919
38886,23920
38887,23921
38888,23922
38889,23923
38890,23924
38891,23925
38892,23926
38893,23927
38894,23928
38895,23929
38896,23930
38897,23931
38898,23932
38899,23933
38900,23934
38901,23935
38902,23936
38903,23937
38904,23938
38905,23939
38906,23940
38907,23941
38908,23942
38909,23943
38910,23944
38911,23945
38912,23946
38913,23947
38914,23948
38915,23949
38916,23950
38917,23951
38918,23952
38919,23953
38920,23954
38921,23955
38922,23956
38923,23957
38924,23958
38925,23959
38926,23960
38927,23961
38928,23962
38929,23963
38930,23964
38931,23965
38932,23966
38933,23967
38934,23968
38935,23969
38936,23970
38937,23971
38938,23972
38939,23973
38940,23974
38941,23975
38942,23976
38943,23977
38944,23978
38945,23979
38946,23980
38947,23981
38948,23982
38949,23983
38950,23984
38951,23985
38952,23986
38953,23987
38954,23988
38955,23989
38956,23990
38957,23991
38958,23992
38959,23993
38960,23994
38961,23995
38962,23996
38963,23997
38964,23998
38965,23999
38966,24000
38967,24001
38968,24002
38969,24003
38970,24004
38971,24005
38972,24006
38973,24007
38974,24008
38975,24009
38976,24010
38977,24011
38978,24012
38979,24013
38980,24014
38981,24015
38982,24016
38983,24017
38984,24018
38985,24019
38986,24020
38987,24021
38988,24022
38989,24023
38990,24024
38991,24025
38992,24026
38993,24027
38994,24028
38995,24029
38996,24030
38997,24031
38998,24032
38999,24033
39000,24034
39001,24035
39002,24036
39003,24037
39004,24038
39005,24039
39006,24040
39007,24041
39008,24042
39009,24043
39010,24044
39011,24045
39012,24046
39013,24047
39014,24048
39015,24049
39016,24050
39017,24051
39018,24052
39019,24053
39020,24054
39021,24055
39022,24056
39023,24057
39024,24058
39025,24059
39026,24060
39027,24061
39028,24062
39029,24063
39030,24064
39031,24065
39032,24066
39033,24067
39034,24068
39035,24069
39036,24070
39037,24071
39038,24072
39039,24073
39040,24074
39041,24075
39042,24076
39043,24077
39044,24078
39045,24079
39046,24080
39047,24081
39048,24082
39049,24083
39050,24084
39051,24085
39052,24086
39053,24087
39054,24088
39055,24089
39056,24090
39057,24091
39058,24092
39059,24093
39060,24094
39061,24095
39062,24096
39063,24097
39064,24098
39065,24099
39066,24100
39067,24101
39068,24102
39069,24103
39070,24104
39071,24105
39072,24106
39073,24107
39074,24108
39075,24109
39076,24110
39077,24111
39078,24112
39079,24113
39080,24114
39081,24115
39082,24116
39083,24117
39084,24118
39085,24119
39086,24120
39087,24121
39088,24122
39089,24123
39090,24124
39091,24125
39092,24126
39093,24127
39094,24128
39095,24129
39096,24130
39097,24131
39098,24132
39099,24133
39100,24134
39101,24135
39102,24136
39103,24137
39104,24138
39105,24139
39106,24140
39107,24141
39108,24142
39109,24143
39110,24144
39111,24145
39112,24146
39113,24147
39114,24148
39115,24149
39116,24150
39117,24151
39118,24152
39119,24153
39120,24154
39121,24155
39122,24156
39123,24157
39124,24158
39125,24159
39126,24160
39127,24161
39128,24162
39129,24163
39130,24164
39131,24165
39132,24166
39133,24167
39134,24168
39135,24169
39136,24170
39137,24171
39138,24172
39139,24173
39140,24174
39141,24175
39142,24176
39143,24177
39144,24178
39145,24179
39146,24180
39147,24181
39148,24182
39149,24183
39150,24184
39151,24185
39152,24186
39153,24187
39154,24188
39155,24189
39156,24190
39157,24191
39158,24192
39159,24193
39160,24194
39161,24195
39162,24196
39163,24197
39164,24198
39165,24199
39166,24200
39167,24201
39168,24202
39169,24203
39170,24204
39171,24205
39172,24206
39173,24207
39174,24208
39175,24209
39176,24210
39177,24211
39178,24212
39179,24213
39180,24214
39181,24215
39182,24216
39183,24217
39184,24218
39185,24219
39186,24220
39187,24221
39188,24222
39189,24223
39190,24224
39191,24225
39192,24226
39193,24227
39194,24228
39195,24229
39196,24230
39197,24231
39198,24232
39199,24233
39200,24234
39201,24235
39202,24236
39203,24237
39204,24238
39205,24239
39206,24240
39207,24241
39208,24242
39209,24243
39210,24244
39211,24245
39212,24246
39213,24247
39214,24248
39215,24249
39216,24250
39217,24251
39218,24252
39219,24253
39220,24254
39221,24255
39222,24256
39223,24257
39224,24258
39225,24259
39226,24260
39227,24261
39228,24262
39229,24263
39230,24264
39231,24265
39232,24266
39233,24267
39234,24268
39235,24269
39236,24270
39237,24271
39238,24272
39239,24273
39240,24274
39241,24275
39242,24276
39243,24277
39244,24278
39245,24279
39246,24280
39247,24281
39248,24282
39249,24283
39250,24284
39251,24285
39252,24286
39253,24287
39254,24288
39255,24289
39256,24290
39257,24291
39258,24292
39259,24293
39260,24294
39261,24295
39262,24296
39263,24297
39264,24298
39265,24299
39266,24300
39267,24301
39268,24302
39269,24303
39270,24304
39271,24305
39272,24306
39273,24307
39274,24308
39275,24309
39276,24310
39277,24311
39278,24312
39279,24313
39280,24314
39281,24315
39282,24316
39283,24317
39284,24318
39285,24319
39286,24320
39287,24321
39288,24322
39289,24323
39290,24324
39291,24325
39292,24326
39293,24327
39294,24328
39295,24329
39296,24330
39297,24331
39298,24332
39299,24333
39300,24334
39301,24335
39302,24336
39303,24337
39304,24338
39305,24339
39306,24340
39307,24341
39308,24342
39309,24343
39310,24344
39311,24345
39312,24346
39313,24347
39314,24348
39315,24349
39316,24350
39317,24351
39318,24352
39319,24353
39320,24354
39321,24355
39322,24356
39323,24357
39324,24358
39325,24359
39326,24360
39327,24361
39328,24362
39329,24363
39330,24364
39331,24365
39332,24366
39333,24367
39334,24368
39335,24369
39336,24370
39337,24371
39338,24372
39339,24373
39340,24374
39341,24375
39342,24376
39343,24377
39344,24378
39345,24379
39346,24380
39347,24381
39348,24382
39349,24383
39350,24384
39351,24385
39352,24386
39353,24387
39354,24388
39355,24389
39356,24390
39357,24391
39358,24392
39359,24393
39360,24394
39361,24395
39362,24396
39363,24397
39364,24398
39365,24399
39366,24400
39367,24401
39368,24402
39369,24403
39370,24404
39371,24405
39372,24406
39373,24407
39374,24408
39375,24409
39376,24410
39377,24411
39378,24412
39379,24413
39380,24414
39381,24415
39382,24416
39383,24417
39384,24418
39385,24419
39386,24420
39387,24421
39388,24422
39389,24423
39390,24424
39391,24425
39392,24426
39393,24427
39394,24428
39395,24429
39396,24430
39397,24431
39398,24432
39399,24433
39400,24434
39401,24435
39402,24436
39403,24437
39404,24438
39405,24439
39406,24440
39407,24441
39408,24442
39409,24443
39410,24444
39411,24445
39412,24446
39413,24447
39414,24448
39415,24449
39416,24450
39417,24451
39418,24452
39419,24453
39420,24454
39421,24455
39422,24456
39423,24457
39424,24458
39425,24459
39426,24460
39427,24461
39428,24462
39429,24463
39430,24464
39431,24465
39432,24466
39433,24467
39434,24468
39435,24469
39436,24470
39437,24471
39438,24472
39439,24473
39440,24474
39441,24475
39442,24476
39443,24477
39444,24478
39445,24479
39446,24480
39447,24481
39448,24482
39449,24483
39450,24484
39451,24485
39452,24486
39453,24487
39454,24488
39455,24489
39456,24490
39457,24491
39458,24492
39459,24493
39460,24494
39461,24495
39462,24496
39463,24497
39464,24498
39465,24499
39466,24500
39467,24501
39468,24502
39469,24503
39470,24504
39471,24505
39472,24506
39473,24507
39474,24508
39475,24509
39476,24510
39477,24511
39478,24512
39479,24513
39480,24514
39481,24515
39482,24516
39483,24517
39484,24518
39485,24519
39486,24520
39487,24521
39488,24522
39489,24523
39490,24524
39491,24525
39492,24526
39493,24527
39494,24528
39495,24529
39496,24530
39497,24531
39498,24532
39499,24533
39500,24534
39501,24535
39502,24536
39503,24537
39504,24538
39505,24539
39506,24540
39507,24541
39508,24542
39509,24543
39510,24544
39511,24545
39512,24546
39513,24547
39514,24548
39515,24549
39516,24550
39517,24551
39518,24552
39519,24553
39520,24554
39521,24555
39522,24556
39523,24557
39524,24558
39525,24559
39526,24560
39527,24561
39528,24562
39529,24563
39530,24564
39531,24565
39532,24566
39533,24567
39534,24568
39535,24569
39536,24570
39537,24571
39538,24572
39539,24573
39540,24574
39541,24575
39542,24576
39543,24577
39544,24578
39545,24579
39546,24580
39547,24581
39548,24582
39549,24583
39550,24584
39551,24585
39552,24586
39553,24587
39554,24588
39555,24589
39556,24590
39557,24591
39558,24592
39559,24593
39560,24594
39561,24595
39562,24596
39563,24597
39564,24598
39565,24599
39566,24600
39567,24601
39568,24602
39569,24603
39570,24604
39571,24605
39572,24606
39573,24607
39574,24608
39575,24609
39576,24610
39577,24611
39578,24612
39579,24613
39580,24614
39581,24615
39582,24616
39583,24617
39584,24618
39585,24619
39586,24620
39587,24621
39588,24622
39589,24623
39590,24624
39591,24625
39592,24626
39593,24627
39594,24628
39595,24629
39596,24630
39597,24631
39598,24632
39599,24633
39600,24634
39601,24635
39602,24636
39603,24637
39604,24638
39605,24639
39606,24640
39607,24641
39608,24642
39609,24643
39610,24644
39611,24645
39612,24646
39613,24647
39614,24648
39615,24649
39616,24650
39617,24651
39618,24652
39619,24653
39620,24654
39621,24655
39622,24656
39623,24657
39624,24658
39625,24659
39626,24660
39627,24661
39628,24662
39629,24663
39630,24664
39631,24665
39632,24666
39633,24667
39634,24668
39635,24669
39636,24670
39637,24671
39638,24672
39639,24673
39640,24674
39641,24675
39642,24676
39643,24677
39644,24678
39645,24679
39646,24680
39647,24681
39648,24682
39649,24683
39650,24684
39651,24685
39652,24686
39653,24687
39654,24688
39655,24689
39656,24690
39657,24691
39658,24692
39659,24693
39660,24694
39661,24695
39662,24696
39663,24697
39664,24698
39665,24699
39666,24700
39667,24701
39668,24702
39669,24703
39670,24704
39671,24705
39672,24706
39673,24707
39674,24708
39675,24709
39676,24710
39677,24711
39678,24712
39679,24713
39680,24714
39681,24715
39682,24716
39683,24717
39684,24718
39685,24719
39686,24720
39687,24721
39688,24722
39689,24723
39690,24724
39691,24725
39692,24726
39693,24727
39694,24728
39695,24729
39696,24730
39697,24731
39698,24732
39699,24733
39700,24734
39701,24735
39702,24736
39703,24737
39704,24738
39705,24739
39706,24740
39707,24741
39708,24742
39709,24743
39710,24744
39711,24745
39712,24746
39713,24747
39714,24748
39715,24749
39716,24750
39717,24751
39718,24752
39719,24753
39720,24754
39721,24755
39722,24756
39723,24757
39724,24758
39725,24759
39726,24760
39727,24761
39728,24762
39729,24763
39730,24764
39731,24765
39732,24766
39733,24767
39734,24768
39735,24769
39736,24770
39737,24771
39738,24772
39739,24773
39740,24774
39741,24775
39742,24776
39743,24777
39744,24778
39745,24779
39746,24780
39747,24781
39748,24782
39749,24783
39750,24784
39751,24785
39752,24786
39753,24787
39754,24788
39755,24789
39756,24790
39757,24791
39758,24792
39759,24793
39760,24794
39761,24795
39762,24796
39763,24797
39764,24798
39765,24799
39766,24800
39767,24801
39768,24802
39769,24803
39770,24804
39771,24805
39772,24806
39773,24807
39774,24808
39775,24809
39776,24810
39777,24811
39778,24812
39779,24813
39780,24814
39781,24815
39782,24816
39783,24817
39784,24818
39785,24819
39786,24820
39787,24821
39788,24822
39789,24823
39790,24824
39791,24825
39792,24826
39793,24827
39794,24828
39795,24829
39796,24830
39797,24831
39798,24832
39799,24833
39800,24834
39801,24835
39802,24836
39803,24837
39804,24838
39805,24839
39806,24840
39807,24841
39808,24842
39809,24843
39810,24844
39811,24845
39812,24846
39813,24847
39814,24848
39815,24849
39816,24850
39817,24851
39818,24852
39819,24853
39820,24854
39821,24855
39822,24856
39823,24857
39824,24858
39825,24859
39826,24860
39827,24861
39828,24862
39829,24863
39830,24864
39831,24865
39832,24866
39833,24867
39834,24868
39835,24869
39836,24870
39837,24871
39838,24872
39839,24873
39840,24874
39841,24875
39842,24876
39843,24877
39844,24878
39845,24879
39846,24880
39847,24881
39848,24882
39849,24883
39850,24884
39851,24885
39852,24886
39853,24887
39854,24888
39855,24889
39856,24890
39857,24891
39858,24892
39859,24893
39860,24894
39861,24895
39862,24896
39863,24897
39864,24898
39865,24899
39866,24900
39867,24901
39868,24902
39869,24903
39870,24904
39871,24905
39872,24906
39873,24907
39874,24908
39875,24909
39876,24910
39877,24911
39878,24912
39879,24913
39880,24914
39881,24915
39882,24916
39883,24917
39884,24918
39885,24919
39886,24920
39887,24921
39888,24922
39889,24923
39890,24924
39891,24925
39892,24926
39893,24927
39894,24928
39895,24929
39896,24930
39897,24931
39898,24932
39899,24933
39900,24934
39901,24935
39902,24936
39903,24937
39904,24938
39905,24939
39906,24940
39907,24941
39908,24942
39909,24943
39910,24944
39911,24945
39912,24946
39913,24947
39914,24948
39915,24949
39916,24950
39917,24951
39918,24952
39919,24953
39920,24954
39921,24955
39922,24956
39923,24957
39924,24958
39925,24959
39926,24960
39927,24961
39928,24962
39929,24963
39930,24964
39931,24965
39932,24966
39933,24967
39934,24968
39935,24969
39936,24970
39937,24971
39938,24972
39939,24973
39940,24974
39941,24975
39942,24976
39943,24977
39944,24978
39945,24979
39946,24980
39947,24981
39948,24982
39949,24983
39950,24984
39951,24985
39952,24986
39953,24987
39954,24988
39955,24989
39956,24990
39957,24991
39958,24992
39959,24993
39960,24994
39961,24995
39962,24996
39963,24997
39964,24998
39965,24999
39966,25000
39967,25001
39968,25002
39969,25003
39970,25004
39971,25005
39972,25006
39973,25007
39974,25008
39975,25009
39976,25010
39977,25011
39978,25012
39979,25013
39980,25014
39981,25015
39982,25016
39983,25017
39984,25018
39985,25019
39986,25020
39987,25021
39988,25022
39989,25023
39990,25024
39991,25025
39992,25026
39993,25027
39994,25028
39995,25029
39996,25030
39997,25031
39998,25032
39999,25033
40000,25034
40001,25035
40002,25036
40003,25037
40004,25038
40005,25039
40006,25040
40007,25041
40008,25042
40009,25043
40010,25044
40011,25045
40012,25046
40013,25047
40014,25048
40015,25049
40016,25050
40017,25051
40018,25052
40019,25053
40020,25054
40021,25055
40022,25056
40023,25057
40024,25058
40025,25059
40026,25060
40027,25061
40028,25062
40029,25063
40030,25064
40031,25065
40032,25066
40033,25067
40034,25068
40035,25069
40036,25070
40037,25071
40038,25072
40039,25073
40040,25074
40041,25075
40042,25076
40043,25077
40044,25078
40045,25079
40046,25080
40047,25081
40048,25082
40049,25083
40050,25084
40051,25085
40052,25086
40053,25087
40054,25088
40055,25089
40056,25090
40057,25091
40058,25092
40059,25093
40060,25094
40061,25095
40062,25096
40063,25097
40064,25098
40065,25099
40066,25100
40067,25101
40068,25102
40069,25103
40070,25104
40071,25105
40072,25106
40073,25107
40074,25108
40075,25109
40076,25110
40077,25111
40078,25112
40079,25113
40080,25114
40081,25115
40082,25116
40083,25117
40084,25118
40085,25119
40086,25120
40087,25121
40088,25122
40089,25123
40090,25124
40091,25125
40092,25126
40093,25127
40094,25128
40095,25129
40096,25130
40097,25131
40098,25132
40099,25133
40100,25134
40101,25135
40102,25136
40103,25137
40104,25138
40105,25139
40106,25140
40107,25141
40108,25142
40109,25143
40110,25144
40111,25145
40112,25146
40113,25147
40114,25148
40115,25149
40116,25150
40117,25151
40118,25152
40119,25153
40120,25154
40121,25155
40122,25156
40123,25157
40124,25158
40125,25159
40126,25160
40127,25161
40128,25162
40129,25163
40130,25164
40131,25165
40132,25166
40133,25167
40134,25168
40135,25169
40136,25170
40137,25171
40138,25172
40139,25173
40140,25174
40141,25175
40142,25176
40143,25177
40144,25178
40145,25179
40146,25180
40147,25181
40148,25182
40149,25183
40150,25184
40151,25185
40152,25186
40153,25187
40154,25188
40155,25189
40156,25190
40157,25191
40158,25192
40159,25193
40160,25194
40161,25195
40162,25196
40163,25197
40164,25198
40165,25199
40166,25200
40167,25201
40168,25202
40169,25203
40170,25204
40171,25205
40172,25206
40173,25207
40174,25208
40175,25209
40176,25210
40177,25211
40178,25212
40179,25213
40180,25214
40181,25215
40182,25216
40183,25217
40184,25218
40185,25219
40186,25220
40187,25221
40188,25222
40189,25223
40190,25224
40191,25225
40192,25226
40193,25227
40194,25228
40195,25229
40196,25230
40197,25231
40198,25232
40199,25233
40200,25234
40201,25235
40202,25236
40203,25237
40204,25238
40205,25239
40206,25240
40207,25241
40208,25242
40209,25243
40210,25244
40211,25245
40212,25246
40213,25247
40214,25248
40215,25249
40216,25250
40217,25251
40218,25252
40219,25253
40220,25254
40221,25255
40222,25256
40223,25257
40224,25258
40225,25259
40226,25260
40227,25261
40228,25262
40229,25263
40230,25264
40231,25265
40232,25266
40233,25267
40234,25268
40235,25269
40236,25270
40237,25271
40238,25272
40239,25273
40240,25274
40241,25275
40242,25276
40243,25277
40244,25278
40245,25279
40246,25280
40247,25281
40248,25282
40249,25283
40250,25284
40251,25285
40252,25286
40253,25287
40254,25288
40255,25289
40256,25290
40257,25291
40258,25292
40259,25293
40260,25294
40261,25295
40262,25296
40263,25297
40264,25298
40265,25299
40266,25300
40267,25301
40268,25302
40269,25303
40270,25304
40271,25305
40272,25306
40273,25307
40274,25308
40275,25309
40276,25310
40277,25311
40278,25312
40279,25313
40280,25314
40281,25315
40282,25316
40283,25317
40284,25318
40285,25319
40286,25320
40287,25321
40288,25322
40289,25323
40290,25324
40291,25325
40292,25326
40293,25327
40294,25328
40295,25329
40296,25330
40297,25331
40298,25332
40299,25333
40300,25334
40301,25335
40302,25336
40303,25337
40304,25338
40305,25339
40306,25340
40307,25341
40308,25342
40309,25343
40310,25344
40311,25345
40312,25346
40313,25347
40314,25348
40315,25349
40316,25350
40317,25351
40318,25352
40319,25353
40320,25354
40321,25355
40322,25356
40323,25357
40324,25358
40325,25359
40326,25360
40327,25361
40328,25362
40329,25363
40330,25364
40331,25365
40332,25366
40333,25367
40334,25368
40335,25369
40336,25370
40337,25371
40338,25372
40339,25373
40340,25374
40341,25375
40342,25376
40343,25377
40344,25378
40345,25379
40346,25380
40347,25381
40348,25382
40349,25383
40350,25384
40351,25385
40352,25386
40353,25387
40354,25388
40355,25389
40356,25390
40357,25391
40358,25392
40359,25393
40360,25394
40361,25395
40362,25396
40363,25397
40364,25398
40365,25399
40366,25400
40367,25401
40368,25402
40369,25403
40370,25404
40371,25405
40372,25406
40373,25407
40374,25408
40375,25409
40376,25410
40377,25411
40378,25412
40379,25413
40380,25414
40381,25415
40382,25416
40383,25417
40384,25418
40385,25419
40386,25420
40387,25421
40388,25422
40389,25423
40390,25424
40391,25425
40392,25426
40393,25427
40394,25428
40395,25429
40396,25430
40397,25431
40398,25432
40399,25433
40400,25434
40401,25435
40402,25436
40403,25437
40404,25438
40405,25439
40406,25440
40407,25441
40408,25442
40409,25443
40410,25444
40411,25445
40412,25446
40413,25447
40414,25448
40415,25449
40416,25450
40417,25451
40418,25452
40419,25453
40420,25454
40421,25455
40422,25456
40423,25457
40424,25458
40425,25459
40426,25460
40427,25461
40428,25462
40429,25463
40430,25464
40431,25465
40432,25466
40433,25467
40434,25468
40435,25469
40436,25470
40437,25471
40438,25472
40439,25473
40440,25474
40441,25475
40442,25476
40443,25477
40444,25478
40445,25479
40446,25480
40447,25481
40448,25482
40449,25483
40450,25484
40451,25485
40452,25486
40453,25487
40454,25488
40455,25489
40456,25490
40457,25491
40458,25492
40459,25493
40460,25494
40461,25495
40462,25496
40463,25497
40464,25498
40465,25499
40466,25500
40467,25501
40468,25502
40469,25503
40470,25504
40471,25505
40472,25506
40473,25507
40474,25508
40475,25509
40476,25510
40477,25511
40478,25512
40479,25513
40480,25514
40481,25515
40482,25516
40483,25517
40484,25518
40485,25519
40486,25520
40487,25521
40488,25522
40489,25523
40490,25524
40491,25525
40492,25526
40493,25527
40494,25528
40495,25529
40496,25530
40497,25531
40498,25532
40499,25533
40500,25534
40501,25535
40502,25536
40503,25537
40504,25538
40505,25539
40506,25540
40507,25541
40508,25542
40509,25543
40510,25544
40511,25545
40512,25546
40513,25547
40514,25548
40515,25549
40516,25550
40517,25551
40518,25552
40519,25553
40520,25554
40521,25555
40522,25556
40523,25557
40524,25558
40525,25559
40526,25560
40527,25561
40528,25562
40529,25563
40530,25564
40531,25565
40532,25566
40533,25567
40534,25568
40535,25569
40536,25570
40537,25571
40538,25572
40539,25573
40540,25574
40541,25575
40542,25576
40543,25577
40544,25578
40545,25579
40546,25580
40547,25581
40548,25582
40549,25583
40550,25584
40551,25585
40552,25586
40553,25587
40554,25588
40555,25589
40556,25590
40557,25591
40558,25592
40559,25593
40560,25594
40561,25595
40562,25596
40563,25597
40564,25598
40565,25599
40566,25600
40567,25601
40568,25602
40569,25603
40570,25604
40571,25605
40572,25606
40573,25607
40574,25608
40575,25609
40576,25610
40577,25611
40578,25612
40579,25613
40580,25614
40581,25615
40582,25616
40583,25617
40584,25618
40585,25619
40586,25620
40587,25621
40588,25622
40589,25623
40590,25624
40591,25625
40592,25626
40593,25627
40594,25628
40595,25629
40596,25630
40597,25631
40598,25632
40599,25633
40600,25634
40601,25635
40602,25636
40603,25637
40604,25638
40605,25639
40606,25640
40607,25641
40608,25642
40609,25643
40610,25644
40611,25645
40612,25646
40613,25647
40614,25648
40615,25649
40616,25650
40617,25651
40618,25652
40619,25653
40620,25654
40621,25655
40622,25656
40623,25657
40624,25658
40625,25659
40626,25660
40627,25661
40628,25662
40629,25663
40630,25664
40631,25665
40632,25666
40633,25667
40634,25668
40635,25669
40636,25670
40637,25671
40638,25672
40639,25673
40640,25674
40641,25675
40642,25676
40643,25677
40644,25678
40645,25679
40646,25680
40647,25681
40648,25682
40649,25683
40650,25684
40651,25685
40652,25686
40653,25687
40654,25688
40655,25689
40656,25690
40657,25691
40658,25692
40659,25693
40660,25694
40661,25695
40662,25696
40663,25697
40664,25698
40665,25699
40666,25700
40667,25701
40668,25702
40669,25703
40670,25704
40671,25705
40672,25706
40673,25707
40674,25708
40675,25709
40676,25710
40677,25711
40678,25712
40679,25713
40680,25714
40681,25715
40682,25716
40683,25717
40684,25718
40685,25719
40686,25720
40687,25721
40688,25722
40689,25723
40690,25724
40691,25725
40692,25726
40693,25727
40694,25728
40695,25729
40696,25730
40697,25731
40698,25732
40699,25733
40700,25734
40701,25735
40702,25736
40703,25737
40704,25738
40705,25739
40706,25740
40707,25741
40708,25742
40709,25743
40710,25744
40711,25745
40712,25746
40713,25747
40714,25748
40715,25749
40716,25750
40717,25751
40718,25752
40719,25753
40720,25754
40721,25755
40722,25756
40723,25757
40724,25758
40725,25759
40726,25760
40727,25761
40728,25762
40729,25763
40730,25764
40731,25765
40732,25766
40733,25767
40734,25768
40735,25769
40736,25770
40737,25771
40738,25772
40739,25773
40740,25774
40741,25775
40742,25776
40743,25777
40744,25778
40745,25779
40746,25780
40747,25781
40748,25782
40749,25783
40750,25784
40751,25785
40752,25786
40753,25787
40754,25788
40755,25789
40756,25790
40757,25791
40758,25792
40759,25793
40760,25794
40761,25795
40762,25796
40763,25797
40764,25798
40765,25799
40766,25800
40767,25801
40768,25802
40769,25803
40770,25804
40771,25805
40772,25806
40773,25807
40774,25808
40775,25809
40776,25810
40777,25811
40778,25812
40779,25813
40780,25814
40781,25815
40782,25816
40783,25817
40784,25818
40785,25819
40786,25820
40787,25821
40788,25822
40789,25823
40790,25824
40791,25825
40792,25826
40793,25827
40794,25828
40795,25829
40796,25830
40797,25831
40798,25832
40799,25833
40800,25834
40801,25835
40802,25836
40803,25837
40804,25838
40805,25839
40806,25840
40807,25841
40808,25842
40809,25843
40810,25844
40811,25845
40812,25846
40813,25847
40814,25848
40815,25849
40816,25850
40817,25851
40818,25852
40819,25853
40820,25854
40821,25855
40822,25856
40823,25857
40824,25858
40825,25859
40826,25860
40827,25861
40828,25862
40829,25863
40830,25864
40831,25865
40832,25866
40833,25867
40834,25868
40835,25869
40836,25870
40837,25871
40838,25872
40839,25873
40840,25874
40841,25875
40842,25876
40843,25877
40844,25878
40845,25879
40846,25880
40847,25881
40848,25882
40849,25883
40850,25884
40851,25885
40852,25886
40853,25887
40854,25888
40855,25889
40856,25890
40857,25891
40858,25892
40859,25893
40860,25894
40861,25895
40862,25896
40863,25897
40864,25898
40865,25899
40866,25900
40867,25901
40868,25902
40869,25903
40870,25904
40871,25905
40872,25906
40873,25907
40874,25908
40875,25909
40876,25910
40877,25911
40878,25912
40879,25913
40880,25914
40881,25915
40882,25916
40883,25917
40884,25918
40885,25919
40886,25920
40887,25921
40888,25922
40889,25923
40890,25924
40891,25925
40892,25926
40893,25927
40894,25928
40895,25929
40896,25930
40897,25931
40898,25932
40899,25933
40900,25934
40901,25935
40902,25936
40903,25937
40904,25938
40905,25939
40906,25940
40907,25941
40908,25942
40909,25943
40910,25944
40911,25945
40912,25946
40913,25947
40914,25948
40915,25949
40916,25950
40917,25951
40918,25952
40919,25953
40920,25954
40921,25955
40922,25956
40923,25957
40924,25958
40925,25959
40926,25960
40927,25961
40928,25962
40929,25963
40930,25964
40931,25965
40932,25966
40933,25967
40934,25968
40935,25969
40936,25970
40937,25971
40938,25972
40939,25973
40940,25974
40941,25975
40942,25976
40943,25977
40944,25978
40945,25979
40946,25980
40947,25981
40948,25982
40949,25983
40950,25984
40951,25985
40952,25986
40953,25987
40954,25988
40955,25989
40956,25990
40957,25991
40958,25992
40959,25993
40960,25994
40961,25995
40962,25996
40963,25997
40964,25998
40965,25999
40966,26000
40967,26001
40968,26002
40969,26003
40970,26004
40971,26005
40972,26006
40973,26007
40974,26008
40975,26009
40976,26010
40977,26011
40978,26012
40979,26013
40980,26014
40981,26015
40982,26016
40983,26017
40984,26018
40985,26019
40986,26020
40987,26021
40988,26022
40989,26023
40990,26024
40991,26025
40992,26026
40993,26027
40994,26028
40995,26029
40996,26030
40997,26031
40998,26032
40999,26033
41000,26034
41001,26035
41002,26036
41003,26037
41004,26038
41005,26039
41006,26040
41007,26041
41008,26042
41009,26043
41010,26044
41011,26045
41012,26046
41013,26047
41014,26048
41015,26049
41016,26050
41017,26051
41018,26052
41019,26053
41020,26054
41021,26055
41022,26056
41023,26057
41024,26058
41025,26059
41026,26060
41027,26061
41028,26062
41029,26063
41030,26064
41031,26065
41032,26066
41033,26067
41034,26068
41035,26069
41036,26070
41037,26071
41038,26072
41039,26073
41040,26074
41041,26075
41042,26076
41043,26077
41044,26078
41045,26079
41046,26080
41047,26081
41048,26082
41049,26083
41050,26084
41051,26085
41052,26086
41053,26087
41054,26088
41055,26089
41056,26090
41057,26091
41058,26092
41059,26093
41060,26094
41061,26095
41062,26096
41063,26097
41064,26098
41065,26099
41066,26100
41067,26101
41068,26102
41069,26103
41070,26104
41071,26105
41072,26106
41073,26107
41074,26108
41075,26109
41076,26110
41077,26111
41078,26112
41079,26113
41080,26114
41081,26115
41082,26116
41083,26117
41084,26118
41085,26119
41086,26120
41087,26121
41088,26122
41089,26123
41090,26124
41091,26125
41092,26126
41093,26127
41094,26128
41095,26129
41096,26130
41097,26131
41098,26132
41099,26133
41100,26134
41101,26135
41102,26136
41103,26137
41104,26138
41105,26139
41106,26140
41107,26141
41108,26142
41109,26143
41110,26144
41111,26145
41112,26146
41113,26147
41114,26148
41115,26149
41116,26150
41117,26151
41118,26152
41119,26153
41120,26154
41121,26155
41122,26156
41123,26157
41124,26158
41125,26159
41126,26160
41127,26161
41128,26162
41129,26163
41130,26164
41131,26165
41132,26166
41133,26167
41134,26168
41135,26169
41136,26170
41137,26171
41138,26172
41139,26173
41140,26174
41141,26175
41142,26176
41143,26177
41144,26178
41145,26179
41146,26180
41147,26181
41148,26182
41149,26183
41150,26184
41151,26185
41152,26186
41153,26187
41154,26188
41155,26189
41156,26190
41157,26191
41158,26192
41159,26193
41160,26194
41161,26195
41162,26196
41163,26197
41164,26198
41165,26199
41166,26200
41167,26201
41168,26202
41169,26203
41170,26204
41171,26205
41172,26206
41173,26207
41174,26208
41175,26209
41176,26210
41177,26211
41178,26212
41179,26213
41180,26214
41181,26215
41182,26216
41183,26217
41184,26218
41185,26219
41186,26220
41187,26221
41188,26222
41189,26223
41190,26224
41191,26225
41192,26226
41193,26227
41194,26228
41195,26229
41196,26230
41197,26231
41198,26232
41199,26233
41200,26234
41201,26235
41202,26236
41203,26237
41204,26238
41205,26239
41206,26240
41207,26241
41208,26242
41209,26243
41210,26244
41211,26245
41212,26246
41213,26247
41214,26248
41215,26249
41216,26250
41217,26251
41218,26252
41219,26253
41220,26254
41221,26255
41222,26256
41223,26257
41224,26258
41225,26259
41226,26260
41227,26261
41228,26262
41229,26263
41230,26264
41231,26265
41232,26266
41233,26267
41234,26268
41235,26269
41236,26270
41237,26271
41238,26272
41239,26273
41240,26274
41241,26275
41242,26276
41243,26277
41244,26278
41245,26279
41246,26280
41247,26281
41248,26282
41249,26283
41250,26284
41251,26285
41252,26286
41253,26287
41254,26288
41255,26289
41256,26290
41257,26291
41258,26292
41259,26293
41260,26294
41261,26295
41262,26296
41263,26297
41264,26298
41265,26299
41266,26300
41267,26301
41268,26302
41269,26303
41270,26304
41271,26305
41272,26306
41273,26307
41274,26308
41275,26309
41276,26310
41277,26311
41278,26312
41279,26313
41280,26314
41281,26315
41282,26316
41283,26317
41284,26318
41285,26319
41286,26320
41287,26321
41288,26322
41289,26323
41290,26324
41291,26325
41292,26326
41293,26327
41294,26328
41295,26329
41296,26330
41297,26331
41298,26332
41299,26333
41300,26334
41301,26335
41302,26336
41303,26337
41304,26338
41305,26339
41306,26340
41307,26341
41308,26342
41309,26343
41310,26344
41311,26345
41312,26346
41313,26347
41314,26348
41315,26349
41316,26350
41317,26351
41318,26352
41319,26353
41320,26354
41321,26355
41322,26356
41323,26357
41324,26358
41325,26359
41326,26360
41327,26361
41328,26362
41329,26363
41330,26364
41331,26365
41332,26366
41333,26367
41334,26368
41335,26369
41336,26370
41337,26371
41338,26372
41339,26373
41340,26374
41341,26375
41342,26376
41343,26377
41344,26378
41345,26379
41346,26380
41347,26381
41348,26382
41349,26383
41350,26384
41351,26385
41352,26386
41353,26387
41354,26388
41355,26389
41356,26390
41357,26391
41358,26392
41359,26393
41360,26394
41361,26395
41362,26396
41363,26397
41364,26398
41365,26399
41366,26400
41367,26401
41368,26402
41369,26403
41370,26404
41371,26405
41372,26406
41373,26407
41374,26408
41375,26409
41376,26410
41377,26411
41378,26412
41379,26413
41380,26414
41381,26415
41382,26416
41383,26417
41384,26418
41385,26419
41386,26420
41387,26421
41388,26422
41389,26423
41390,26424
41391,26425
41392,26426
41393,26427
41394,26428
41395,26429
41396,26430
41397,26431
41398,26432
41399,26433
41400,26434
41401,26435
41402,26436
41403,26437
41404,26438
41405,26439
41406,26440
41407,26441
41408,26442
41409,26443
41410,26444
41411,26445
41412,26446
41413,26447
41414,26448
41415,26449
41416,26450
41417,26451
41418,26452
41419,26453
41420,26454
41421,26455
41422,26456
41423,26457
41424,26458
41425,26459
41426,26460
41427,26461
41428,26462
41429,26463
41430,26464
41431,26465
41432,26466
41433,26467
41434,26468
41435,26469
41436,26470
41437,26471
41438,26472
41439,26473
41440,26474
41441,26475
41442,26476
41443,26477
41444,26478
41445,26479
41446,26480
41447,26481
41448,26482
41449,26483
41450,26484
41451,26485
41452,26486
41453,26487
41454,26488
41455,26489
41456,26490
41457,26491
41458,26492
41459,26493
41460,26494
41461,26495
41462,26496
41463,26497
41464,26498
41465,26499
41466,26500
41467,26501
41468,26502
41469,26503
41470,26504
41471,26505
41472,26506
41473,26507
41474,26508
41475,26509
41476,26510
41477,26511
41478,26512
41479,26513
41480,26514
41481,26515
41482,26516
41483,26517
41484,26518
41485,26519
41486,26520
41487,26521
41488,26522
41489,26523
41490,26524
41491,26525
41492,26526
41493,26527
41494,26528
41495,26529
41496,26530
41497,26531
41498,26532
41499,26533
41500,26534
41501,26535
41502,26536
41503,26537
41504,26538
41505,26539
41506,26540
41507,26541
41508,26542
41509,26543
41510,26544
41511,26545
41512,26546
41513,26547
41514,26548
41515,26549
41516,26550
41517,26551
41518,26552
41519,26553
41520,26554
41521,26555
41522,26556
41523,26557
41524,26558
41525,26559
41526,26560
41527,26561
41528,26562
41529,26563
41530,26564
41531,26565
41532,26566
41533,26567
41534,26568
41535,26569
41536,26570
41537,26571
41538,26572
41539,26573
41540,26574
41541,26575
41542,26576
41543,26577
41544,26578
41545,26579
41546,26580
41547,26581
41548,26582
41549,26583
41550,26584
41551,26585
41552,26586
41553,26587
41554,26588
41555,26589
41556,26590
41557,26591
41558,26592
41559,26593
41560,26594
41561,26595
41562,26596
41563,26597
41564,26598
41565,26599
41566,26600
41567,26601
41568,26602
41569,26603
41570,26604
41571,26605
41572,26606
41573,26607
41574,26608
41575,26609
41576,26610
41577,26611
41578,26612
41579,26613
41580,26614
41581,26615
41582,26616
41583,26617
41584,26618
41585,26619
41586,26620
41587,26621
41588,26622
41589,26623
41590,26624
41591,26625
41592,26626
41593,26627
41594,26628
41595,26629
41596,26630
41597,26631
41598,26632
41599,26633
41600,26634
41601,26635
41602,26636
41603,26637
41604,26638
41605,26639
41606,26640
41607,26641
41608,26642
41609,26643
41610,26644
41611,26645
41612,26646
41613,26647
41614,26648
41615,26649
41616,26650
41617,26651
41618,26652
41619,26653
41620,26654
41621,26655
41622,26656
41623,26657
41624,26658
41625,26659
41626,26660
41627,26661
41628,26662
41629,26663
41630,26664
41631,26665
41632,26666
41633,26667
41634,26668
41635,26669
41636,26670
41637,26671
41638,26672
41639,26673
41640,26674
41641,26675
41642,26676
41643,26677
41644,26678
41645,26679
41646,26680
41647,26681
41648,26682
41649,26683
41650,26684
41651,26685
41652,26686
41653,26687
41654,26688
41655,26689
41656,26690
41657,26691
41658,26692
41659,26693
41660,26694
41661,26695
41662,26696
41663,26697
41664,26698
41665,26699
41666,26700
41667,26701
41668,26702
41669,26703
41670,26704
41671,26705
41672,26706
41673,26707
41674,26708
41675,26709
41676,26710
41677,26711
41678,26712
41679,26713
41680,26714
41681,26715
41682,26716
41683,26717
41684,26718
41685,26719
41686,26720
41687,26721
41688,26722
41689,26723
41690,26724
41691,26725
41692,26726
41693,26727
41694,26728
41695,26729
41696,26730
41697,26731
41698,26732
41699,26733
41700,26734
41701,26735
41702,26736
41703,26737
41704,26738
41705,26739
41706,26740
41707,26741
41708,26742
41709,26743
41710,26744
41711,26745
41712,26746
41713,26747
41714,26748
41715,26749
41716,26750
41717,26751
41718,26752
41719,26753
41720,26754
41721,26755
41722,26756
41723,26757
41724,26758
41725,26759
41726,26760
41727,26761
41728,26762
41729,26763
41730,26764
41731,26765
41732,26766
41733,26767
41734,26768
41735,26769
41736,26770
41737,26771
41738,26772
41739,26773
41740,26774
41741,26775
41742,26776
41743,26777
41744,26778
41745,26779
41746,26780
41747,26781
41748,26782
41749,26783
41750,26784
41751,26785
41752,26786
41753,26787
41754,26788
41755,26789
41756,26790
41757,26791
41758,26792
41759,26793
41760,26794
41761,26795
41762,26796
41763,26797
41764,26798
41765,26799
41766,26800
41767,26801
41768,26802
41769,26803
41770,26804
41771,26805
41772,26806
41773,26807
41774,26808
41775,26809
41776,26810
41777,26811
41778,26812
41779,26813
41780,26814
41781,26815
41782,26816
41783,26817
41784,26818
41785,26819
41786,26820
41787,26821
41788,26822
41789,26823
41790,26824
41791,26825
41792,26826
41793,26827
41794,26828
41795,26829
41796,26830
41797,26831
41798,26832
41799,26833
41800,26834
41801,26835
41802,26836
41803,26837
41804,26838
41805,26839
41806,26840
41807,26841
41808,26842
41809,26843
41810,26844
41811,26845
41812,26846
41813,26847
41814,26848
41815,26849
41816,26850
41817,26851
41818,26852
41819,26853
41820,26854
41821,26855
41822,26856
41823,26857
41824,26858
41825,26859
41826,26860
41827,26861
41828,26862
41829,26863
41830,26864
41831,26865
41832,26866
41833,26867
41834,26868
41835,26869
41836,26870
41837,26871
41838,26872
41839,26873
41840,26874
41841,26875
41842,26876
41843,26877
41844,26878
41845,26879
41846,26880
41847,26881
41848,26882
41849,26883
41850,26884
41851,26885
41852,26886
41853,26887
41854,26888
41855,26889
41856,26890
41857,26891
41858,26892
41859,26893
41860,26894
41861,26895
41862,26896
41863,26897
41864,26898
41865,26899
41866,26900
41867,26901
41868,26902
41869,26903
41870,26904
41871,26905
41872,26906
41873,26907
41874,26908
41875,26909
41876,26910
41877,26911
41878,26912
41879,26913
41880,26914
41881,26915
41882,26916
41883,26917
41884,26918
41885,26919
41886,26920
41887,26921
41888,26922
41889,26923
41890,26924
41891,26925
41892,26926
41893,26927
41894,26928
41895,26929
41896,26930
41897,26931
41898,26932
41899,26933
41900,26934
41901,26935
41902,26936
41903,26937
41904,26938
41905,26939
41906,26940
41907,26941
41908,26942
41909,26943
41910,26944
41911,26945
41912,26946
41913,26947
41914,26948
41915,26949
41916,26950
41917,26951
41918,26952
41919,26953
41920,26954
41921,26955
41922,26956
41923,26957
41924,26958
41925,26959
41926,26960
41927,26961
41928,26962
41929,26963
41930,26964
41931,26965
41932,26966
41933,26967
41934,26968
41935,26969
41936,26970
41937,26971
41938,26972
41939,26973
41940,26974
41941,26975
41942,26976
41943,26977
41944,26978
41945,26979
41946,26980
41947,26981
41948,26982
41949,26983
41950,26984
41951,26985
41952,26986
41953,26987
41954,26988
41955,26989
41956,26990
41957,26991
41958,26992
41959,26993
41960,26994
41961,26995
41962,26996
41963,26997
41964,26998
41965,26999
41966,27000
41967,27001
41968,27002
41969,27003
41970,27004
41971,27005
41972,27006
41973,27007
41974,27008
41975,27009
41976,27010
41977,27011
41978,27012
41979,27013
41980,27014
41981,27015
41982,27016
41983,27017
41984,27018
41985,27019
41986,27020
41987,27021
41988,27022
41989,27023
41990,27024
41991,27025
41992,27026
41993,27027
41994,27028
41995,27029
41996,27030
41997,27031
41998,27032
41999,27033
42000,27034
42001,27035
42002,27036
42003,27037
42004,27038
42005,27039
42006,27040
42007,27041
42008,27042
42009,27043
42010,27044
42011,27045
42012,27046
42013,27047
42014,27048
42015,27049
42016,27050
42017,27051
42018,27052
42019,27053
42020,27054
42021,27055
42022,27056
42023,27057
42024,27058
42025,27059
42026,27060
42027,27061
42028,27062
42029,27063
42030,27064
42031,27065
42032,27066
42033,27067
42034,27068
42035,27069
42036,27070
42037,27071
42038,27072
42039,27073
42040,27074
42041,27075
42042,27076
42043,27077
42044,27078
42045,27079
42046,27080
42047,27081
42048,27082
42049,27083
42050,27084
42051,27085
42052,27086
42053,27087
42054,27088
42055,27089
42056,27090
42057,27091
42058,27092
42059,27093
42060,27094
42061,27095
42062,27096
42063,27097
42064,27098
42065,27099
42066,27100
42067,27101
42068,27102
42069,27103
42070,27104
42071,27105
42072,27106
42073,27107
42074,27108
42075,27109
42076,27110
42077,27111
42078,27112
42079,27113
42080,27114
42081,27115
42082,27116
42083,27117
42084,27118
42085,27119
42086,27120
42087,27121
42088,27122
42089,27123
42090,27124
42091,27125
42092,27126
42093,27127
42094,27128
42095,27129
42096,27130
42097,27131
42098,27132
42099,27133
42100,27134
42101,27135
42102,27136
42103,27137
42104,27138
42105,27139
42106,27140
42107,27141
42108,27142
42109,27143
42110,27144
42111,27145
42112,27146
42113,27147
42114,27148
42115,27149
42116,27150
42117,27151
42118,27152
42119,27153
42120,27154
42121,27155
42122,27156
42123,27157
42124,27158
42125,27159
42126,27160
42127,27161
42128,27162
42129,27163
42130,27164
42131,27165
42132,27166
42133,27167
42134,27168
42135,27169
42136,27170
42137,27171
42138,27172
42139,27173
42140,27174
42141,27175
42142,27176
42143,27177
42144,27178
42145,27179
42146,27180
42147,27181
42148,27182
42149,27183
42150,27184
42151,27185
42152,27186
42153,27187
42154,27188
42155,27189
42156,27190
42157,27191
42158,27192
42159,27193
42160,27194
42161,27195
42162,27196
42163,27197
42164,27198
42165,27199
42166,27200
42167,27201
42168,27202
42169,27203
42170,27204
42171,27205
42172,27206
42173,27207
42174,27208
42175,27209
42176,27210
42177,27211
42178,27212
42179,27213
42180,27214
42181,27215
42182,27216
42183,27217
42184,27218
42185,27219
42186,27220
42187,27221
42188,27222
42189,27223
42190,27224
42191,27225
42192,27226
42193,27227
42194,27228
42195,27229
42196,27230
42197,27231
42198,27232
42199,27233
42200,27234
42201,27235
42202,27236
42203,27237
42204,27238
42205,27239
42206,27240
42207,27241
42208,27242
42209,27243
42210,27244
42211,27245
42212,27246
42213,27247
42214,27248
42215,27249
42216,27250
42217,27251
42218,27252
42219,27253
42220,27254
42221,27255
42222,27256
42223,27257
42224,27258
42225,27259
42226,27260
42227,27261
42228,27262
42229,27263
42230,27264
42231,27265
42232,27266
42233,27267
42234,27268
42235,27269
42236,27270
42237,27271
42238,27272
42239,27273
42240,27274
42241,27275
42242,27276
42243,27277
42244,27278
42245,27279
42246,27280
42247,27281
42248,27282
42249,27283
42250,27284
42251,27285
42252,27286
42253,27287
42254,27288
42255,27289
42256,27290
42257,27291
42258,27292
42259,27293
42260,27294
42261,27295
42262,27296
42263,27297
42264,27298
42265,27299
42266,27300
42267,27301
42268,27302
42269,27303
42270,27304
42271,27305
42272,27306
42273,27307
42274,27308
42275,27309
42276,27310
42277,27311
42278,27312
42279,27313
42280,27314
42281,27315
42282,27316
42283,27317
42284,27318
42285,27319
42286,27320
42287,27321
42288,27322
42289,27323
42290,27324
42291,27325
42292,27326
42293,27327
42294,27328
42295,27329
42296,27330
42297,27331
42298,27332
42299,27333
42300,27334
42301,27335
42302,27336
42303,27337
42304,27338
42305,27339
42306,27340
42307,27341
42308,27342
42309,27343
42310,27344
42311,27345
42312,27346
42313,27347
42314,27348
42315,27349
42316,27350
42317,27351
42318,27352
42319,27353
42320,27354
42321,27355
42322,27356
42323,27357
42324,27358
42325,27359
42326,27360
42327,27361
42328,27362
42329,27363
42330,27364
42331,27365
42332,27366
42333,27367
42334,27368
42335,27369
42336,27370
42337,27371
42338,27372
42339,27373
42340,27374
42341,27375
42342,27376
42343,27377
42344,27378
42345,27379
42346,27380
42347,27381
42348,27382
42349,27383
42350,27384
42351,27385
42352,27386
42353,27387
42354,27388
42355,27389
42356,27390
42357,27391
42358,27392
42359,27393
42360,27394
42361,27395
42362,27396
42363,27397
42364,27398
42365,27399
42366,27400
42367,27401
42368,27402
42369,27403
42370,27404
42371,27405
42372,27406
42373,27407
42374,27408
42375,27409
42376,27410
42377,27411
42378,27412
42379,27413
42380,27414
42381,27415
42382,27416
42383,27417
42384,27418
42385,27419
42386,27420
42387,27421
42388,27422
42389,27423
42390,27424
42391,27425
42392,27426
42393,27427
42394,27428
42395,27429
42396,27430
42397,27431
42398,27432
42399,27433
42400,27434
42401,27435
42402,27436
42403,27437
42404,27438
42405,27439
42406,27440
42407,27441
42408,27442
42409,27443
42410,27444
42411,27445
42412,27446
42413,27447
42414,27448
42415,27449
42416,27450
42417,27451
42418,27452
42419,27453
42420,27454
42421,27455
42422,27456
42423,27457
42424,27458
42425,27459
42426,27460
42427,27461
42428,27462
42429,27463
42430,27464
42431,27465
42432,27466
42433,27467
42434,27468
42435,27469
42436,27470
42437,27471
42438,27472
42439,27473
42440,27474
42441,27475
42442,27476
42443,27477
42444,27478
42445,27479
42446,27480
42447,27481
42448,27482
42449,27483
42450,27484
42451,27485
42452,27486
42453,27487
42454,27488
42455,27489
42456,27490
42457,27491
42458,27492
42459,27493
42460,27494
42461,27495
42462,27496
42463,27497
42464,27498
42465,27499
42466,27500
42467,27501
42468,27502
42469,27503
42470,27504
42471,27505
42472,27506
42473,27507
42474,27508
42475,27509
42476,27510
42477,27511
42478,27512
42479,27513
42480,27514
42481,27515
42482,27516
42483,27517
42484,27518
42485,27519
42486,27520
42487,27521
42488,27522
42489,27523
42490,27524
42491,27525
42492,27526
42493,27527
42494,27528
42495,27529
42496,27530
42497,27531
42498,27532
42499,27533
42500,27534
42501,27535
42502,27536
42503,27537
42504,27538
42505,27539
42506,27540
42507,27541
42508,27542
42509,27543
42510,27544
42511,27545
42512,27546
42513,27547
42514,27548
42515,27549
42516,27550
42517,27551
42518,27552
42519,27553
42520,27554
42521,27555
42522,27556
42523,27557
42524,27558
42525,27559
42526,27560
42527,27561
42528,27562
42529,27563
42530,27564
42531,27565
42532,27566
42533,27567
42534,27568
42535,27569
42536,27570
42537,27571
42538,27572
42539,27573
42540,27574
42541,27575
42542,27576
42543,27577
42544,27578
42545,27579
42546,27580
42547,27581
42548,27582
42549,27583
42550,27584
42551,27585
42552,27586
42553,27587
42554,27588
42555,27589
42556,27590
42557,27591
42558,27592
42559,27593
42560,27594
42561,27595
42562,27596
42563,27597
42564,27598
42565,27599
42566,27600
42567,27601
42568,27602
42569,27603
42570,27604
42571,27605
42572,27606
42573,27607
42574,27608
42575,27609
42576,27610
42577,27611
42578,27612
42579,27613
42580,27614
42581,27615
42582,27616
42583,27617
42584,27618
42585,27619
42586,27620
42587,27621
42588,27622
42589,27623
42590,27624
42591,27625
42592,27626
42593,27627
42594,27628
42595,27629
42596,27630
42597,27631
42598,27632
42599,27633
42600,27634
42601,27635
42602,27636
42603,27637
42604,27638
42605,27639
42606,27640
42607,27641
42608,27642
42609,27643
42610,27644
42611,27645
42612,27646
42613,27647
42614,27648
42615,27649
42616,27650
42617,27651
42618,27652
42619,27653
42620,27654
42621,27655
42622,27656
42623,27657
42624,27658
42625,27659
42626,27660
42627,27661
42628,27662
42629,27663
42630,27664
42631,27665
42632,27666
42633,27667
42634,27668
42635,27669
42636,27670
42637,27671
42638,27672
42639,27673
42640,27674
42641,27675
42642,27676
42643,27677
42644,27678
42645,27679
42646,27680
42647,27681
42648,27682
42649,27683
42650,27684
42651,27685
42652,27686
42653,27687
42654,27688
42655,27689
42656,27690
42657,27691
42658,27692
42659,27693
42660,27694
42661,27695
42662,27696
42663,27697
42664,27698
42665,27699
42666,27700
42667,27701
42668,27702
42669,27703
42670,27704
42671,27705
42672,27706
42673,27707
42674,27708
42675,27709
42676,27710
42677,27711
42678,27712
42679,27713
42680,27714
42681,27715
42682,27716
42683,27717
42684,27718
42685,27719
42686,27720
42687,27721
42688,27722
42689,27723
42690,27724
42691,27725
42692,27726
42693,27727
42694,27728
42695,27729
42696,27730
42697,27731
42698,27732
42699,27733
42700,27734
42701,27735
42702,27736
42703,27737
42704,27738
42705,27739
42706,27740
42707,27741
42708,27742
42709,27743
42710,27744
42711,27745
42712,27746
42713,27747
42714,27748
42715,27749
42716,27750
42717,27751
42718,27752
42719,27753
42720,27754
42721,27755
42722,27756
42723,27757
42724,27758
42725,27759
42726,27760
42727,27761
42728,27762
42729,27763
42730,27764
42731,27765
42732,27766
42733,27767
42734,27768
42735,27769
42736,27770
42737,27771
42738,27772
42739,27773
42740,27774
42741,27775
42742,27776
42743,27777
42744,27778
42745,27779
42746,27780
42747,27781
42748,27782
42749,27783
42750,27784
42751,27785
42752,27786
42753,27787
42754,27788
42755,27789
42756,27790
42757,27791
42758,27792
42759,27793
42760,27794
42761,27795
42762,27796
42763,27797
42764,27798
42765,27799
42766,27800
42767,27801
42768,27802
42769,27803
42770,27804
42771,27805
42772,27806
42773,27807
42774,27808
42775,27809
42776,27810
42777,27811
42778,27812
42779,27813
42780,27814
42781,27815
42782,27816
42783,27817
42784,27818
42785,27819
42786,27820
42787,27821
42788,27822
42789,27823
42790,27824
42791,27825
42792,27826
42793,27827
42794,27828
42795,27829
42796,27830
42797,27831
42798,27832
42799,27833
42800,27834
42801,27835
42802,27836
42803,27837
42804,27838
42805,27839
42806,27840
42807,27841
42808,27842
42809,27843
42810,27844
42811,27845
42812,27846
42813,27847
42814,27848
42815,27849
42816,27850
42817,27851
42818,27852
42819,27853
42820,27854
42821,27855
42822,27856
42823,27857
42824,27858
42825,27859
42826,27860
42827,27861
42828,27862
42829,27863
42830,27864
42831,27865
42832,27866
42833,27867
42834,27868
42835,27869
42836,27870
42837,27871
42838,27872
42839,27873
42840,27874
42841,27875
42842,27876
42843,27877
42844,27878
42845,27879
42846,27880
42847,27881
42848,27882
42849,27883
42850,27884
42851,27885
42852,27886
42853,27887
42854,27888
42855,27889
42856,27890
42857,27891
42858,27892
42859,27893
42860,27894
42861,27895
42862,27896
42863,27897
42864,27898
42865,27899
42866,27900
42867,27901
42868,27902
42869,27903
42870,27904
42871,27905
42872,27906
42873,27907
42874,27908
42875,27909
42876,27910
42877,27911
42878,27912
42879,27913
42880,27914
42881,27915
42882,27916
42883,27917
42884,27918
42885,27919
42886,27920
42887,27921
42888,27922
42889,27923
42890,27924
42891,27925
42892,27926
42893,27927
42894,27928
42895,27929
42896,27930
42897,27931
42898,27932
42899,27933
42900,27934
42901,27935
42902,27936
42903,27937
42904,27938
42905,27939
42906,27940
42907,27941
42908,27942
42909,27943
42910,27944
42911,27945
42912,27946
42913,27947
42914,27948
42915,27949
42916,27950
42917,27951
42918,27952
42919,27953
42920,27954
42921,27955
42922,27956
42923,27957
42924,27958
42925,27959
42926,27960
42927,27961
42928,27962
42929,27963
42930,27964
42931,27965
42932,27966
42933,27967
42934,27968
42935,27969
42936,27970
42937,27971
42938,27972
42939,27973
42940,27974
42941,27975
42942,27976
42943,27977
42944,27978
42945,27979
42946,27980
42947,27981
42948,27982
42949,27983
42950,27984
42951,27985
42952,27986
42953,27987
42954,27988
42955,27989
42956,27990
42957,27991
42958,27992
42959,27993
42960,27994
42961,27995
42962,27996
42963,27997
42964,27998
42965,27999
42966,28000
42967,28001
42968,28002
42969,28003
42970,28004
42971,28005
42972,28006
42973,28007
42974,28008
42975,28009
42976,28010
42977,28011
42978,28012
42979,28013
42980,28014
42981,28015
42982,28016
42983,28017
42984,28018
42985,28019
42986,28020
42987,28021
42988,28022
42989,28023
42990,28024
42991,28025
42992,28026
42993,28027
42994,28028
42995,28029
42996,28030
42997,28031
42998,28032
42999,28033
43000,28034
43001,28035
43002,28036
43003,28037
43004,28038
43005,28039
43006,28040
43007,28041
43008,28042
43009,28043
43010,28044
43011,28045
43012,28046
43013,28047
43014,28048
43015,28049
43016,28050
43017,28051
43018,28052
43019,28053
43020,28054
43021,28055
43022,28056
43023,28057
43024,28058
43025,28059
43026,28060
43027,28061
43028,28062
43029,28063
43030,28064
43031,28065
43032,28066
43033,28067
43034,28068
43035,28069
43036,28070
43037,28071
43038,28072
43039,28073
43040,28074
43041,28075
43042,28076
43043,28077
43044,28078
43045,28079
43046,28080
43047,28081
43048,28082
43049,28083
43050,28084
43051,28085
43052,28086
43053,28087
43054,28088
43055,28089
43056,28090
43057,28091
43058,28092
43059,28093
43060,28094
43061,28095
43062,28096
43063,28097
43064,28098
43065,28099
43066,28100
43067,28101
43068,28102
43069,28103
43070,28104
43071,28105
43072,28106
43073,28107
43074,28108
43075,28109
43076,28110
43077,28111
43078,28112
43079,28113
43080,28114
43081,28115
43082,28116
43083,28117
43084,28118
43085,28119
43086,28120
43087,28121
43088,28122
43089,28123
43090,28124
43091,28125
43092,28126
43093,28127
43094,28128
43095,28129
43096,28130
43097,28131
43098,28132
43099,28133
43100,28134
43101,28135
43102,28136
43103,28137
43104,28138
43105,28139
43106,28140
43107,28141
43108,28142
43109,28143
43110,28144
43111,28145
43112,28146
43113,28147
43114,28148
43115,28149
43116,28150
43117,28151
43118,28152
43119,28153
43120,28154
43121,28155
43122,28156
43123,28157
43124,28158
43125,28159
43126,28160
43127,28161
43128,28162
43129,28163
43130,28164
43131,28165
43132,28166
43133,28167
43134,28168
43135,28169
43136,28170
43137,28171
43138,28172
43139,28173
43140,28174
43141,28175
43142,28176
43143,28177
43144,28178
43145,28179
43146,28180
43147,28181
43148,28182
43149,28183
43150,28184
43151,28185
43152,28186
43153,28187
43154,28188
43155,28189
43156,28190
43157,28191
43158,28192
43159,28193
43160,28194
43161,28195
43162,28196
43163,28197
43164,28198
43165,28199
43166,28200
43167,28201
43168,28202
43169,28203
43170,28204
43171,28205
43172,28206
43173,28207
43174,28208
43175,28209
43176,28210
43177,28211
43178,28212
43179,28213
43180,28214
43181,28215
43182,28216
43183,28217
43184,28218
43185,28219
43186,28220
43187,28221
43188,28222
43189,28223
43190,28224
43191,28225
43192,28226
43193,28227
43194,28228
43195,28229
43196,28230
43197,28231
43198,28232
43199,28233
43200,28234
43201,28235
43202,28236
43203,28237
43204,28238
43205,28239
43206,28240
43207,28241
43208,28242
43209,28243
43210,28244
43211,28245
43212,28246
43213,28247
43214,28248
43215,28249
43216,28250
43217,28251
43218,28252
43219,28253
43220,28254
43221,28255
43222,28256
43223,28257
43224,28258
43225,28259
43226,28260
43227,28261
43228,28262
43229,28263
43230,28264
43231,28265
43232,28266
43233,28267
43234,28268
43235,28269
43236,28270
43237,28271
43238,28272
43239,28273
43240,28274
43241,28275
43242,28276
43243,28277
43244,28278
43245,28279
43246,28280
43247,28281
43248,28282
43249,28283
43250,28284
43251,28285
43252,28286
43253,28287
43254,28288
43255,28289
43256,28290
43257,28291
43258,28292
43259,28293
43260,28294
43261,28295
43262,28296
43263,28297
43264,28298
43265,28299
43266,28300
43267,28301
43268,28302
43269,28303
43270,28304
43271,28305
43272,28306
43273,28307
43274,28308
43275,28309
43276,28310
43277,28311
43278,28312
43279,28313
43280,28314
43281,28315
43282,28316
43283,28317
43284,28318
43285,28319
43286,28320
43287,28321
43288,28322
43289,28323
43290,28324
43291,28325
43292,28326
43293,28327
43294,28328
43295,28329
43296,28330
43297,28331
43298,28332
43299,28333
43300,28334
43301,28335
43302,28336
43303,28337
43304,28338
43305,28339
43306,28340
43307,28341
43308,28342
43309,28343
43310,28344
43311,28345
43312,28346
43313,28347
43314,28348
43315,28349
43316,28350
43317,28351
43318,28352
43319,28353
43320,28354
43321,28355
43322,28356
43323,28357
43324,28358
43325,28359
43326,28360
43327,28361
43328,28362
43329,28363
43330,28364
43331,28365
43332,28366
43333,28367
43334,28368
43335,28369
43336,28370
43337,28371
43338,28372
43339,28373
43340,28374
43341,28375
43342,28376
43343,28377
43344,28378
43345,28379
43346,28380
43347,28381
43348,28382
43349,28383
43350,28384
43351,28385
43352,28386
43353,28387
43354,28388
43355,28389
43356,28390
43357,28391
43358,28392
43359,28393
43360,28394
43361,28395
43362,28396
43363,28397
43364,28398
43365,28399
43366,28400
43367,28401
43368,28402
43369,28403
43370,28404
43371,28405
43372,28406
43373,28407
43374,28408
43375,28409
43376,28410
43377,28411
43378,28412
43379,28413
43380,28414
43381,28415
43382,28416
43383,28417
43384,28418
43385,28419
43386,28420
43387,28421
43388,28422
43389,28423
43390,28424
43391,28425
43392,28426
43393,28427
43394,28428
43395,28429
43396,28430
43397,28431
43398,28432
43399,28433
43400,28434
43401,28435
43402,28436
43403,28437
43404,28438
43405,28439
43406,28440
43407,28441
43408,28442
43409,28443
43410,28444
43411,28445
43412,28446
43413,28447
43414,28448
43415,28449
43416,28450
43417,28451
43418,28452
43419,28453
43420,28454
43421,28455
43422,28456
43423,28457
43424,28458
43425,28459
43426,28460
43427,28461
43428,28462
43429,28463
43430,28464
43431,28465
43432,28466
43433,28467
43434,28468
43435,28469
43436,28470
43437,28471
43438,28472
43439,28473
43440,28474
43441,28475
43442,28476
43443,28477
43444,28478
43445,28479
43446,28480
43447,28481
43448,28482
43449,28483
43450,28484
43451,28485
43452,28486
43453,28487
43454,28488
43455,28489
43456,28490
43457,28491
43458,28492
43459,28493
43460,28494
43461,28495
43462,28496
43463,28497
43464,28498
43465,28499
43466,28500
43467,28501
43468,28502
43469,28503
43470,28504
43471,28505
43472,28506
43473,28507
43474,28508
43475,28509
43476,28510
43477,28511
43478,28512
43479,28513
43480,28514
43481,28515
43482,28516
43483,28517
43484,28518
43485,28519
43486,28520
43487,28521
43488,28522
43489,28523
43490,28524
43491,28525
43492,28526
43493,28527
43494,28528
43495,28529
43496,28530
43497,28531
43498,28532
43499,28533
43500,28534
43501,28535
43502,28536
43503,28537
43504,28538
43505,28539
43506,28540
43507,28541
43508,28542
43509,28543
43510,28544
43511,28545
43512,28546
43513,28547
43514,28548
43515,28549
43516,28550
43517,28551
43518,28552
43519,28553
43520,28554
43521,28555
43522,28556
43523,28557
43524,28558
43525,28559
43526,28560
43527,28561
43528,28562
43529,28563
43530,28564
43531,28565
43532,28566
43533,28567
43534,28568
43535,28569
43536,28570
43537,28571
43538,28572
43539,28573
43540,28574
43541,28575
43542,28576
43543,28577
43544,28578
43545,28579
43546,28580
43547,28581
43548,28582
43549,28583
43550,28584
43551,28585
43552,28586
43553,28587
43554,28588
43555,28589
43556,28590
43557,28591
43558,28592
43559,28593
43560,28594
43561,28595
43562,28596
43563,28597
43564,28598
43565,28599
43566,28600
43567,28601
43568,28602
43569,28603
43570,28604
43571,28605
43572,28606
43573,28607
43574,28608
43575,28609
43576,28610
43577,28611
43578,28612
43579,28613
43580,28614
43581,28615
43582,28616
43583,28617
43584,28618
43585,28619
43586,28620
43587,28621
43588,28622
43589,28623
43590,28624
43591,28625
43592,28626
43593,28627
43594,28628
43595,28629
43596,28630
43597,28631
43598,28632
43599,28633
43600,28634
43601,28635
43602,28636
43603,28637
43604,28638
43605,28639
43606,28640
43607,28641
43608,28642
43609,28643
43610,28644
43611,28645
43612,28646
43613,28647
43614,28648
43615,28649
43616,28650
43617,28651
43618,28652
43619,28653
43620,28654
43621,28655
43622,28656
43623,28657
43624,28658
43625,28659
43626,28660
43627,28661
43628,28662
43629,28663
43630,28664
43631,28665
43632,28666
43633,28667
43634,28668
43635,28669
43636,28670
43637,28671
43638,28672
43639,28673
43640,28674
43641,28675
43642,28676
43643,28677
43644,28678
43645,28679
43646,28680
43647,28681
43648,28682
43649,28683
43650,28684
43651,28685
43652,28686
43653,28687
43654,28688
43655,28689
43656,28690
43657,28691
43658,28692
43659,28693
43660,28694
43661,28695
43662,28696
43663,28697
43664,28698
43665,28699
43666,28700
43667,28701
43668,28702
43669,28703
43670,28704
43671,28705
43672,28706
43673,28707
43674,28708
43675,28709
43676,28710
43677,28711
43678,28712
43679,28713
43680,28714
43681,28715
43682,28716
43683,28717
43684,28718
43685,28719
43686,28720
43687,28721
43688,28722
43689,28723
43690,28724
43691,28725
43692,28726
43693,28727
43694,28728
43695,28729
43696,28730
43697,28731
43698,28732
43699,28733
43700,28734
43701,28735
43702,28736
43703,28737
43704,28738
43705,28739
43706,28740
43707,28741
43708,28742
43709,28743
43710,28744
43711,28745
43712,28746
43713,28747
43714,28748
43715,28749
43716,28750
43717,28751
43718,28752
43719,28753
43720,28754
43721,28755
43722,28756
43723,28757
43724,28758
43725,28759
43726,28760
43727,28761
43728,28762
43729,28763
43730,28764
43731,28765
43732,28766
43733,28767
43734,28768
43735,28769
43736,28770
43737,28771
43738,28772
43739,28773
43740,28774
43741,28775
43742,28776
43743,28777
43744,28778
43745,28779
43746,28780
43747,28781
43748,28782
43749,28783
43750,28784
43751,28785
43752,28786
43753,28787
43754,28788
43755,28789
43756,28790
43757,28791
43758,28792
43759,28793
43760,28794
43761,28795
43762,28796
43763,28797
43764,28798
43765,28799
43766,28800
43767,28801
43768,28802
43769,28803
43770,28804
43771,28805
43772,28806
43773,28807
43774,28808
43775,28809
43776,28810
43777,28811
43778,28812
43779,28813
43780,28814
43781,28815
43782,28816
43783,28817
43784,28818
43785,28819
43786,28820
43787,28821
43788,28822
43789,28823
43790,28824
43791,28825
43792,28826
43793,28827
43794,28828
43795,28829
43796,28830
43797,28831
43798,28832
43799,28833
43800,28834
43801,28835
43802,28836
43803,28837
43804,28838
43805,28839
43806,28840
43807,28841
43808,28842
43809,28843
43810,28844
43811,28845
43812,28846
43813,28847
43814,28848
43815,28849
43816,28850
43817,28851
43818,28852
43819,28853
43820,28854
43821,28855
43822,28856
43823,28857
43824,28858
43825,28859
43826,28860
43827,28861
43828,28862
43829,28863
43830,28864
43831,28865
43832,28866
43833,28867
43834,28868
43835,28869
43836,28870
43837,28871
43838,28872
43839,28873
43840,28874
43841,28875
43842,28876
43843,28877
43844,28878
43845,28879
43846,28880
43847,28881
43848,28882
43849,28883
43850,28884
43851,28885
43852,28886
43853,28887
43854,28888
43855,28889
43856,28890
43857,28891
43858,28892
43859,28893
43860,28894
43861,28895
43862,28896
43863,28897
43864,28898
43865,28899
43866,28900
43867,28901
43868,28902
43869,28903
43870,28904
43871,28905
43872,28906
43873,28907
43874,28908
43875,28909
43876,28910
43877,28911
43878,28912
43879,28913
43880,28914
43881,28915
43882,28916
43883,28917
43884,28918
43885,28919
43886,28920
43887,28921
43888,28922
43889,28923
43890,28924
43891,28925
43892,28926
43893,28927
43894,28928
43895,28929
43896,28930
43897,28931
43898,28932
43899,28933
43900,28934
43901,28935
43902,28936
43903,28937
43904,28938
43905,28939
43906,28940
43907,28941
43908,28942
43909,28943
43910,28944
43911,28945
43912,28946
43913,28947
43914,28948
43915,28949
43916,28950
43917,28951
43918,28952
43919,28953
43920,28954
43921,28955
43922,28956
43923,28957
43924,28958
43925,28959
43926,28960
43927,28961
43928,28962
43929,28963
43930,28964
43931,28965
43932,28966
43933,28967
43934,28968
43935,28969
43936,28970
43937,28971
43938,28972
43939,28973
43940,28974
43941,28975
43942,28976
43943,28977
43944,28978
43945,28979
43946,28980
43947,28981
43948,28982
43949,28983
43950,28984
43951,28985
43952,28986
43953,28987
43954,28988
43955,28989
43956,28990
43957,28991
43958,28992
43959,28993
43960,28994
43961,28995
43962,28996
43963,28997
43964,28998
43965,28999
43966,29000
43967,29001
43968,29002
43969,29003
43970,29004
43971,29005
43972,29006
43973,29007
43974,29008
43975,29009
43976,29010
43977,29011
43978,29012
43979,29013
43980,29014
43981,29015
43982,29016
43983,29017
43984,29018
43985,29019
43986,29020
43987,29021
43988,29022
43989,29023
43990,29024
43991,29025
43992,29026
43993,29027
43994,29028
43995,29029
43996,29030
43997,29031
43998,29032
43999,29033
44000,29034
44001,29035
44002,29036
44003,29037
44004,29038
44005,29039
44006,29040
44007,29041
44008,29042
44009,29043
44010,29044
44011,29045
44012,29046
44013,29047
44014,29048
44015,29049
44016,29050
44017,29051
44018,29052
44019,29053
44020,29054
44021,29055
44022,29056
44023,29057
44024,29058
44025,29059
44026,29060
44027,29061
44028,29062
44029,29063
44030,29064
44031,29065
44032,29066
44033,29067
44034,29068
44035,29069
44036,29070
44037,29071
44038,29072
44039,29073
44040,29074
44041,29075
44042,29076
44043,29077
44044,29078
44045,29079
44046,29080
44047,29081
44048,29082
44049,29083
44050,29084
44051,29085
44052,29086
44053,29087
44054,29088
44055,29089
44056,29090
44057,29091
44058,29092
44059,29093
44060,29094
44061,29095
44062,29096
44063,29097
44064,29098
44065,29099
44066,29100
44067,29101
44068,29102
44069,29103
44070,29104
44071,29105
44072,29106
44073,29107
44074,29108
44075,29109
44076,29110
44077,29111
44078,29112
44079,29113
44080,29114
44081,29115
44082,29116
44083,29117
44084,29118
44085,29119
44086,29120
44087,29121
44088,29122
44089,29123
44090,29124
44091,29125
44092,29126
44093,29127
44094,29128
44095,29129
44096,29130
44097,29131
44098,29132
44099,29133
44100,29134
44101,29135
44102,29136
44103,29137
44104,29138
44105,29139
44106,29140
44107,29141
44108,29142
44109,29143
44110,29144
44111,29145
44112,29146
44113,29147
44114,29148
44115,29149
44116,29150
44117,29151
44118,29152
44119,29153
44120,29154
44121,29155
44122,29156
44123,29157
44124,29158
44125,29159
44126,29160
44127,29161
44128,29162
44129,29163
44130,29164
44131,29165
44132,29166
44133,29167
44134,29168
44135,29169
44136,29170
44137,29171
44138,29172
44139,29173
44140,29174
44141,29175
44142,29176
44143,29177
44144,29178
44145,29179
44146,29180
44147,29181
44148,29182
44149,29183
44150,29184
44151,29185
44152,29186
44153,29187
44154,29188
44155,29189
44156,29190
44157,29191
44158,29192
44159,29193
44160,29194
44161,29195
44162,29196
44163,29197
44164,29198
44165,29199
44166,29200
44167,29201
44168,29202
44169,29203
44170,29204
44171,29205
44172,29206
44173,29207
44174,29208
44175,29209
44176,29210
44177,29211
44178,29212
44179,29213
44180,29214
44181,29215
44182,29216
44183,29217
44184,29218
44185,29219
44186,29220
44187,29221
44188,29222
44189,29223
44190,29224
44191,29225
44192,29226
44193,29227
44194,29228
44195,29229
44196,29230
44197,29231
44198,29232
44199,29233
44200,29234
44201,29235
44202,29236
44203,29237
44204,29238
44205,29239
44206,29240
44207,29241
44208,29242
44209,29243
44210,29244
44211,29245
44212,29246
44213,29247
44214,29248
44215,29249
44216,29250
44217,29251
44218,29252
44219,29253
44220,29254
44221,29255
44222,29256
44223,29257
44224,29258
44225,29259
44226,29260
44227,29261
44228,29262
44229,29263
44230,29264
44231,29265
44232,29266
44233,29267
44234,29268
44235,29269
44236,29270
44237,29271
44238,29272
44239,29273
44240,29274
44241,29275
44242,29276
44243,29277
44244,29278
44245,29279
44246,29280
44247,29281
44248,29282
44249,29283
44250,29284
44251,29285
44252,29286
44253,29287
44254,29288
44255,29289
44256,29290
44257,29291
44258,29292
44259,29293
44260,29294
44261,29295
44262,29296
44263,29297
44264,29298
44265,29299
44266,29300
44267,29301
44268,29302
44269,29303
44270,29304
44271,29305
44272,29306
44273,29307
44274,29308
44275,29309
44276,29310
44277,29311
44278,29312
44279,29313
44280,29314
44281,29315
44282,29316
44283,29317
44284,29318
44285,29319
44286,29320
44287,29321
44288,29322
44289,29323
44290,29324
44291,29325
44292,29326
44293,29327
44294,29328
44295,29329
44296,29330
44297,29331
44298,29332
44299,29333
44300,29334
44301,29335
44302,29336
44303,29337
44304,29338
44305,29339
44306,29340
44307,29341
44308,29342
44309,29343
44310,29344
44311,29345
44312,29346
44313,29347
44314,29348
44315,29349
44316,29350
44317,29351
44318,29352
44319,29353
44320,29354
44321,29355
44322,29356
44323,29357
44324,29358
44325,29359
44326,29360
44327,29361
44328,29362
44329,29363
44330,29364
44331,29365
44332,29366
44333,29367
44334,29368
44335,29369
44336,29370
44337,29371
44338,29372
44339,29373
44340,29374
44341,29375
44342,29376
44343,29377
44344,29378
44345,29379
44346,29380
44347,29381
44348,29382
44349,29383
44350,29384
44351,29385
44352,29386
44353,29387
44354,29388
44355,29389
44356,29390
44357,29391
44358,29392
44359,29393
44360,29394
44361,29395
44362,29396
44363,29397
44364,29398
44365,29399
44366,29400
44367,29401
44368,29402
44369,29403
44370,29404
44371,29405
44372,29406
44373,29407
44374,29408
44375,29409
44376,29410
44377,29411
44378,29412
44379,29413
44380,29414
44381,29415
44382,29416
44383,29417
44384,29418
44385,29419
44386,29420
44387,29421
44388,29422
44389,29423
44390,29424
44391,29425
44392,29426
44393,29427
44394,29428
44395,29429
44396,29430
44397,29431
44398,29432
44399,29433
44400,29434
44401,29435
44402,29436
44403,29437
44404,29438
44405,29439
44406,29440
44407,29441
44408,29442
44409,29443
44410,29444
44411,29445
44412,29446
44413,29447
44414,29448
44415,29449
44416,29450
44417,29451
44418,29452
44419,29453
44420,29454
44421,29455
44422,29456
44423,29457
44424,29458
44425,29459
44426,29460
44427,29461
44428,29462
44429,29463
44430,29464
44431,29465
44432,29466
44433,29467
44434,29468
44435,29469
44436,29470
44437,29471
44438,29472
44439,29473
44440,29474
44441,29475
44442,29476
44443,29477
44444,29478
44445,29479
44446,29480
44447,29481
44448,29482
44449,29483
44450,29484
44451,29485
44452,29486
44453,29487
44454,29488
44455,29489
44456,29490
44457,29491
44458,29492
44459,29493
44460,29494
44461,29495
44462,29496
44463,29497
44464,29498
44465,29499
44466,29500
44467,29501
44468,29502
44469,29503
44470,29504
44471,29505
44472,29506
44473,29507
44474,29508
44475,29509
44476,29510
44477,29511
44478,29512
44479,29513
44480,29514
44481,29515
44482,29516
44483,29517
44484,29518
44485,29519
44486,29520
44487,29521
44488,29522
44489,29523
44490,29524
44491,29525
44492,29526
44493,29527
44494,29528
44495,29529
44496,29530
44497,29531
44498,29532
44499,29533
44500,29534
44501,29535
44502,29536
44503,29537
44504,29538
44505,29539
44506,29540
44507,29541
44508,29542
44509,29543
44510,29544
44511,29545
44512,29546
44513,29547
44514,29548
44515,29549
44516,29550
44517,29551
44518,29552
44519,29553
44520,29554
44521,29555
44522,29556
44523,29557
44524,29558
44525,29559
44526,29560
44527,29561
44528,29562
44529,29563
44530,29564
44531,29565
44532,29566
44533,29567
44534,29568
44535,29569
44536,29570
44537,29571
44538,29572
44539,29573
44540,29574
44541,29575
44542,29576
44543,29577
44544,29578
44545,29579
44546,29580
44547,29581
44548,29582
44549,29583
44550,29584
44551,29585
44552,29586
44553,29587
44554,29588
44555,29589
44556,29590
44557,29591
44558,29592
44559,29593
44560,29594
44561,29595
44562,29596
44563,29597
44564,29598
44565,29599
44566,29600
44567,29601
44568,29602
44569,29603
44570,29604
44571,29605
44572,29606
44573,29607
44574,29608
44575,29609
44576,29610
44577,29611
44578,29612
44579,29613
44580,29614
44581,29615
44582,29616
44583,29617
44584,29618
44585,29619
44586,29620
44587,29621
44588,29622
44589,29623
44590,29624
44591,29625
44592,29626
44593,29627
44594,29628
44595,29629
44596,29630
44597,29631
44598,29632
44599,29633
44600,29634
44601,29635
44602,29636
44603,29637
44604,29638
44605,29639
44606,29640
44607,29641
44608,29642
44609,29643
44610,29644
44611,29645
44612,29646
44613,29647
44614,29648
44615,29649
44616,29650
44617,29651
44618,29652
44619,29653
44620,29654
44621,29655
44622,29656
44623,29657
44624,29658
44625,29659
44626,29660
44627,29661
44628,29662
44629,29663
44630,29664
44631,29665
44632,29666
44633,29667
44634,29668
44635,29669
44636,29670
44637,29671
44638,29672
44639,29673
44640,29674
44641,29675
44642,29676
44643,29677
44644,29678
44645,29679
44646,29680
44647,29681
44648,29682
44649,29683
44650,29684
44651,29685
44652,29686
44653,29687
44654,29688
44655,29689
44656,29690
44657,29691
44658,29692
44659,29693
44660,29694
44661,29695
44662,29696
44663,29697
44664,29698
44665,29699
44666,29700
44667,29701
44668,29702
44669,29703
44670,29704
44671,29705
44672,29706
44673,29707
44674,29708
44675,29709
44676,29710
44677,29711
44678,29712
44679,29713
44680,29714
44681,29715
44682,29716
44683,29717
44684,29718
44685,29719
44686,29720
44687,29721
44688,29722
44689,29723
44690,29724
44691,29725
44692,29726
44693,29727
44694,29728
44695,29729
44696,29730
44697,29731
44698,29732
44699,29733
44700,29734
44701,29735
44702,29736
44703,29737
44704,29738
44705,29739
44706,29740
44707,29741
44708,29742
44709,29743
44710,29744
44711,29745
44712,29746
44713,29747
44714,29748
44715,29749
44716,29750
44717,29751
44718,29752
44719,29753
44720,29754
44721,29755
44722,29756
44723,29757
44724,29758
44725,29759
44726,29760
44727,29761
44728,29762
44729,29763
44730,29764
44731,29765
44732,29766
44733,29767
44734,29768
44735,29769
44736,29770
44737,29771
44738,29772
44739,29773
44740,29774
44741,29775
44742,29776
44743,29777
44744,29778
44745,29779
44746,29780
44747,29781
44748,29782
44749,29783
44750,29784
44751,29785
44752,29786
44753,29787
44754,29788
44755,29789
44756,29790
44757,29791
44758,29792
44759,29793
44760,29794
44761,29795
44762,29796
44763,29797
44764,29798
44765,29799
44766,29800
44767,29801
44768,29802
44769,29803
44770,29804
44771,29805
44772,29806
44773,29807
44774,29808
44775,29809
44776,29810
44777,29811
44778,29812
44779,29813
44780,29814
44781,29815
44782,29816
44783,29817
44784,29818
44785,29819
44786,29820
44787,29821
44788,29822
44789,29823
44790,29824
44791,29825
44792,29826
44793,29827
44794,29828
44795,29829
44796,29830
44797,29831
44798,29832
44799,29833
44800,29834
44801,29835
44802,29836
44803,29837
44804,29838
44805,29839
44806,29840
44807,29841
44808,29842
44809,29843
44810,29844
44811,29845
44812,29846
44813,29847
44814,29848
44815,29849
44816,29850
44817,29851
44818,29852
44819,29853
44820,29854
44821,29855
44822,29856
44823,29857
44824,29858
44825,29859
44826,29860
44827,29861
44828,29862
44829,29863
44830,29864
44831,29865
44832,29866
44833,29867
44834,29868
44835,29869
44836,29870
44837,29871
44838,29872
44839,29873
44840,29874
44841,29875
44842,29876
44843,29877
44844,29878
44845,29879
44846,29880
44847,29881
44848,29882
44849,29883
44850,29884
44851,29885
44852,29886
44853,29887
44854,29888
44855,29889
44856,29890
44857,29891
44858,29892
44859,29893
44860,29894
44861,29895
44862,29896
44863,29897
44864,29898
44865,29899
44866,29900
44867,29901
44868,29902
44869,29903
44870,29904
44871,29905
44872,29906
44873,29907
44874,29908
44875,29909
44876,29910
44877,29911
44878,29912
44879,29913
44880,29914
44881,29915
44882,29916
44883,29917
44884,29918
44885,29919
44886,29920
44887,29921
44888,29922
44889,29923
44890,29924
44891,29925
44892,29926
44893,29927
44894,29928
44895,29929
44896,29930
44897,29931
44898,29932
44899,29933
44900,29934
44901,29935
44902,29936
44903,29937
44904,29938
44905,29939
44906,29940
44907,29941
44908,29942
44909,29943
44910,29944
44911,29945
44912,29946
44913,29947
44914,29948
44915,29949
44916,29950
44917,29951
44918,29952
44919,29953
44920,29954
44921,29955
44922,29956
44923,29957
44924,29958
44925,29959
44926,29960
44927,29961
44928,29962
44929,29963
44930,29964
44931,29965
44932,29966
44933,29967
44934,29968
44935,29969
44936,29970
44937,29971
44938,29972
44939,29973
44940,29974
44941,29975
44942,29976
44943,29977
44944,29978
44945,29979
44946,29980
44947,29981
44948,29982
44949,29983
44950,29984
44951,29985
44952,29986
44953,29987
44954,29988
44955,29989
44956,29990
44957,29991
44958,29992
44959,29993
44960,29994
44961,29995
44962,29996
44963,29997
44964,29998
44965,29999
44966,30000
44967,30001
44968,30002
44969,30003
44970,30004
44971,30005
44972,30006
44973,30007
44974,30008
44975,30009
44976,30010
44977,30011
44978,30012
44979,30013
44980,30014
44981,30015
44982,30016
44983,30017
44984,30018
44985,30019
44986,30020
44987,30021
44988,30022
44989,30023
44990,30024
44991,30025
44992,30026
44993,30027
44994,30028
44995,30029
44996,30030
44997,30031
44998,30032
44999,30033
45000,30034
45001,30035
45002,30036
45003,30037
45004,30038
45005,30039
45006,30040
45007,30041
45008,30042
45009,30043
45010,30044
45011,30045
45012,30046
45013,30047
45014,30048
45015,30049
45016,30050
45017,30051
45018,30052
45019,30053
45020,30054
45021,30055
45022,30056
45023,30057
45024,30058
45025,30059
45026,30060
45027,30061
45028,30062
45029,30063
45030,30064
45031,30065
45032,30066
45033,30067
45034,30068
45035,30069
45036,30070
45037,30071
45038,30072
45039,30073
45040,30074
45041,30075
45042,30076
45043,30077
45044,30078
45045,30079
45046,30080
45047,30081
45048,30082
45049,30083
45050,30084
45051,30085
45052,30086
45053,30087
45054,30088
45055,30089
45056,30090
45057,30091
45058,30092
45059,30093
45060,30094
45061,30095
45062,30096
45063,30097
45064,30098
45065,30099
45066,30100
45067,30101
45068,30102
45069,30103
45070,30104
45071,30105
45072,30106
45073,30107
45074,30108
45075,30109
45076,30110
45077,30111
45078,30112
45079,30113
45080,30114
45081,30115
45082,30116
45083,30117
45084,30118
45085,30119
45086,30120
45087,30121
45088,30122
45089,30123
45090,30124
45091,30125
45092,30126
45093,30127
45094,30128
45095,30129
45096,30130
45097,30131
45098,30132
45099,30133
45100,30134
45101,30135
45102,30136
45103,30137
45104,30138
45105,30139
45106,30140
45107,30141
45108,30142
45109,30143
45110,30144
45111,30145
45112,30146
45113,30147
45114,30148
45115,30149
45116,30150
45117,30151
45118,30152
45119,30153
45120,30154
45121,30155
45122,30156
45123,30157
45124,30158
45125,30159
45126,30160
45127,30161
45128,30162
45129,30163
45130,30164
45131,30165
45132,30166
45133,30167
45134,30168
45135,30169
45136,30170
45137,30171
45138,30172
45139,30173
45140,30174
45141,30175
45142,30176
45143,30177
45144,30178
45145,30179
45146,30180
45147,30181
45148,30182
45149,30183
45150,30184
45151,30185
45152,30186
45153,30187
45154,30188
45155,30189
45156,30190
45157,30191
45158,30192
45159,30193
45160,30194
45161,30195
45162,30196
45163,30197
45164,30198
45165,30199
45166,30200
45167,30201
45168,30202
45169,30203
45170,30204
45171,30205
45172,30206
45173,30207
45174,30208
45175,30209
45176,30210
45177,30211
45178,30212
45179,30213
45180,30214
45181,30215
45182,30216
45183,30217
45184,30218
45185,30219
45186,30220
45187,30221
45188,30222
45189,30223
45190,30224
45191,30225
45192,30226
45193,30227
45194,30228
45195,30229
45196,30230
45197,30231
45198,30232
45199,30233
45200,30234
45201,30235
45202,30236
45203,30237
45204,30238
45205,30239
45206,30240
45207,30241
45208,30242
45209,30243
45210,30244
45211,30245
45212,30246
45213,30247
45214,30248
45215,30249
45216,30250
45217,30251
45218,30252
45219,30253
45220,30254
45221,30255
45222,30256
45223,30257
45224,30258
45225,30259
45226,30260
45227,30261
45228,30262
45229,30263
45230,30264
45231,30265
45232,30266
45233,30267
45234,30268
45235,30269
45236,30270
45237,30271
45238,30272
45239,30273
45240,30274
45241,30275
45242,30276
45243,30277
45244,30278
45245,30279
45246,30280
45247,30281
45248,30282
45249,30283
45250,30284
45251,30285
45252,30286
45253,30287
45254,30288
45255,30289
45256,30290
45257,30291
45258,30292
45259,30293
45260,30294
45261,30295
45262,30296
45263,30297
45264,30298
45265,30299
45266,30300
45267,30301
45268,30302
45269,30303
45270,30304
45271,30305
45272,30306
45273,30307
45274,30308
45275,30309
45276,30310
45277,30311
45278,30312
45279,30313
45280,30314
45281,30315
45282,30316
45283,30317
45284,30318
45285,30319
45286,30320
45287,30321
45288,30322
45289,30323
45290,30324
45291,30325
45292,30326
45293,30327
45294,30328
45295,30329
45296,30330
45297,30331
45298,30332
45299,30333
45300,30334
45301,30335
45302,30336
45303,30337
45304,30338
45305,30339
45306,30340
45307,30341
45308,30342
45309,30343
45310,30344
45311,30345
45312,30346
45313,30347
45314,30348
45315,30349
45316,30350
45317,30351
45318,30352
45319,30353
45320,30354
45321,30355
45322,30356
45323,30357
45324,30358
45325,30359
45326,30360
45327,30361
45328,30362
45329,30363
45330,30364
45331,30365
45332,30366
45333,30367
45334,30368
45335,30369
45336,30370
45337,30371
45338,30372
45339,30373
45340,30374
45341,30375
45342,30376
45343,30377
45344,30378
45345,30379
45346,30380
45347,30381
45348,30382
45349,30383
45350,30384
45351,30385
45352,30386
45353,30387
45354,30388
45355,30389
45356,30390
45357,30391
45358,30392
45359,30393
45360,30394
45361,30395
45362,30396
45363,30397
45364,30398
45365,30399
45366,30400
45367,30401
45368,30402
45369,30403
45370,30404
45371,30405
45372,30406
45373,30407
45374,30408
45375,30409
45376,30410
45377,30411
45378,30412
45379,30413
45380,30414
45381,30415
45382,30416
45383,30417
45384,30418
45385,30419
45386,30420
45387,30421
45388,30422
45389,30423
45390,30424
45391,30425
45392,30426
45393,30427
45394,30428
45395,30429
45396,30430
45397,30431
45398,30432
45399,30433
45400,30434
45401,30435
45402,30436
45403,30437
45404,30438
45405,30439
45406,30440
45407,30441
45408,30442
45409,30443
45410,30444
45411,30445
45412,30446
45413,30447
45414,30448
45415,30449
45416,30450
45417,30451
45418,30452
45419,30453
45420,30454
45421,30455
45422,30456
45423,30457
45424,30458
45425,30459
45426,30460
45427,30461
45428,30462
45429,30463
45430,30464
45431,30465
45432,30466
45433,30467
45434,30468
45435,30469
45436,30470
45437,30471
45438,30472
45439,30473
45440,30474
45441,30475
45442,30476
45443,30477
45444,30478
45445,30479
45446,30480
45447,30481
45448,30482
45449,30483
45450,30484
45451,30485
45452,30486
45453,30487
45454,30488
45455,30489
45456,30490
45457,30491
45458,30492
45459,30493
45460,30494
45461,30495
45462,30496
45463,30497
45464,30498
45465,30499
45466,30500
45467,30501
45468,30502
45469,30503
45470,30504
45471,30505
45472,30506
45473,30507
45474,30508
45475,30509
45476,30510
45477,30511
45478,30512
45479,30513
45480,30514
45481,30515
45482,30516
45483,30517
45484,30518
45485,30519
45486,30520
45487,30521
45488,30522
45489,30523
45490,30524
45491,30525
45492,30526
45493,30527
45494,30528
45495,30529
45496,30530
45497,30531
45498,30532
45499,30533
45500,30534
45501,30535
45502,30536
45503,30537
45504,30538
45505,30539
45506,30540
45507,30541
45508,30542
45509,30543
45510,30544
45511,30545
45512,30546
45513,30547
45514,30548
45515,30549
45516,30550
45517,30551
45518,30552
45519,30553
45520,30554
45521,30555
45522,30556
45523,30557
45524,30558
45525,30559
45526,30560
45527,30561
45528,30562
45529,30563
45530,30564
45531,30565
45532,30566
45533,30567
45534,30568
45535,30569
45536,30570
45537,30571
45538,30572
45539,30573
45540,30574
45541,30575
45542,30576
45543,30577
45544,30578
45545,30579
45546,30580
45547,30581
45548,30582
45549,30583
45550,30584
45551,30585
45552,30586
45553,30587
45554,30588
45555,30589
45556,30590
45557,30591
45558,30592
45559,30593
45560,30594
45561,30595
45562,30596
45563,30597
45564,30598
45565,30599
45566,30600
45567,30601
45568,30602
45569,30603
45570,30604
45571,30605
45572,30606
45573,30607
45574,30608
45575,30609
45576,30610
45577,30611
45578,30612
45579,30613
45580,30614
45581,30615
45582,30616
45583,30617
45584,30618
45585,30619
45586,30620
45587,30621
45588,30622
45589,30623
45590,30624
45591,30625
45592,30626
45593,30627
45594,30628
45595,30629
45596,30630
45597,30631
45598,30632
45599,30633
45600,30634
45601,30635
45602,30636
45603,30637
45604,30638
45605,30639
45606,30640
45607,30641
45608,30642
45609,30643
45610,30644
45611,30645
45612,30646
45613,30647
45614,30648
45615,30649
45616,30650
45617,30651
45618,30652
45619,30653
45620,30654
45621,30655
45622,30656
45623,30657
45624,30658
45625,30659
45626,30660
45627,30661
45628,30662
45629,30663
45630,30664
45631,30665
45632,30666
45633,30667
45634,30668
45635,30669
45636,30670
45637,30671
45638,30672
45639,30673
45640,30674
45641,30675
45642,30676
45643,30677
45644,30678
45645,30679
45646,30680
45647,30681
45648,30682
45649,30683
45650,30684
45651,30685
45652,30686
45653,30687
45654,30688
45655,30689
45656,30690
45657,30691
45658,30692
45659,30693
45660,30694
45661,30695
45662,30696
45663,30697
45664,30698
45665,30699
45666,30700
45667,30701
45668,30702
45669,30703
45670,30704
45671,30705
45672,30706
45673,30707
45674,30708
45675,30709
45676,30710
45677,30711
45678,30712
45679,30713
45680,30714
45681,30715
45682,30716
45683,30717
45684,30718
45685,30719
45686,30720
45687,30721
45688,30722
45689,30723
45690,30724
45691,30725
45692,30726
45693,30727
45694,30728
45695,30729
45696,30730
45697,30731
45698,30732
45699,30733
45700,30734
45701,30735
45702,30736
45703,30737
45704,30738
45705,30739
45706,30740
45707,30741
45708,30742
45709,30743
45710,30744
45711,30745
45712,30746
45713,30747
45714,30748
45715,30749
45716,30750
45717,30751
45718,30752
45719,30753
45720,30754
45721,30755
45722,30756
45723,30757
45724,30758
45725,30759
45726,30760
45727,30761
45728,30762
45729,30763
45730,30764
45731,30765
45732,30766
45733,30767
45734,30768
45735,30769
45736,30770
45737,30771
45738,30772
45739,30773
45740,30774
45741,30775
45742,30776
45743,30777
45744,30778
45745,30779
45746,30780
45747,30781
45748,30782
45749,30783
45750,30784
45751,30785
45752,30786
45753,30787
45754,30788
45755,30789
45756,30790
45757,30791
45758,30792
45759,30793
45760,30794
45761,30795
45762,30796
45763,30797
45764,30798
45765,30799
45766,30800
45767,30801
45768,30802
45769,30803
45770,30804
45771,30805
45772,30806
45773,30807
45774,30808
45775,30809
45776,30810
45777,30811
45778,30812
45779,30813
45780,30814
45781,30815
45782,30816
45783,30817
45784,30818
45785,30819
45786,30820
45787,30821
45788,30822
45789,30823
45790,30824
45791,30825
45792,30826
45793,30827
45794,30828
45795,30829
45796,30830
45797,30831
45798,30832
45799,30833
45800,30834
45801,30835
45802,30836
45803,30837
45804,30838
45805,30839
45806,30840
45807,30841
45808,30842
45809,30843
45810,30844
45811,30845
45812,30846
45813,30847
45814,30848
45815,30849
45816,30850
45817,30851
45818,30852
45819,30853
45820,30854
45821,30855
45822,30856
45823,30857
45824,30858
45825,30859
45826,30860
45827,30861
45828,30862
45829,30863
45830,30864
45831,30865
45832,30866
45833,30867
45834,30868
45835,30869
45836,30870
45837,30871
45838,30872
45839,30873
45840,30874
45841,30875
45842,30876
45843,30877
45844,30878
45845,30879
45846,30880
45847,30881
45848,30882
45849,30883
45850,30884
45851,30885
45852,30886
45853,30887
45854,30888
45855,30889
45856,30890
45857,30891
45858,30892
45859,30893
45860,30894
45861,30895
45862,30896
45863,30897
45864,30898
45865,30899
45866,30900
45867,30901
45868,30902
45869,30903
45870,30904
45871,30905
45872,30906
45873,30907
45874,30908
45875,30909
45876,30910
45877,30911
45878,30912
45879,30913
45880,30914
45881,30915
45882,30916
45883,30917
45884,30918
45885,30919
45886,30920
45887,30921
45888,30922
45889,30923
45890,30924
45891,30925
45892,30926
45893,30927
45894,30928
45895,30929
45896,30930
45897,30931
45898,30932
45899,30933
45900,30934
45901,30935
45902,30936
45903,30937
45904,30938
45905,30939
45906,30940
45907,30941
45908,30942
45909,30943
45910,30944
45911,30945
45912,30946
45913,30947
45914,30948
45915,30949
45916,30950
45917,30951
45918,30952
45919,30953
45920,30954
45921,30955
45922,30956
45923,30957
45924,30958
45925,30959
45926,30960
45927,30961
45928,30962
45929,30963
45930,30964
45931,30965
45932,30966
45933,30967
45934,30968
45935,30969
45936,30970
45937,30971
45938,30972
45939,30973
45940,30974
45941,30975
45942,30976
45943,30977
45944,30978
45945,30979
45946,30980
45947,30981
45948,30982
45949,30983
45950,30984
45951,30985
45952,30986
45953,30987
45954,30988
45955,30989
45956,30990
45957,30991
45958,30992
45959,30993
45960,30994
45961,30995
45962,30996
45963,30997
45964,30998
45965,30999
45966,31000
45967,31001
45968,31002
45969,31003
45970,31004
45971,31005
45972,31006
45973,31007
45974,31008
45975,31009
45976,31010
45977,31011
45978,31012
45979,31013
45980,31014
45981,31015
45982,31016
45983,31017
45984,31018
45985,31019
45986,31020
45987,31021
45988,31022
45989,31023
45990,31024
45991,31025
45992,31026
45993,31027
45994,31028
45995,31029
45996,31030
45997,31031
45998,31032
45999,31033
46000,31034
46001,31035
46002,31036
46003,31037
46004,31038
46005,31039
46006,31040
46007,31041
46008,31042
46009,31043
46010,31044
46011,31045
46012,31046
46013,31047
46014,31048
46015,31049
46016,31050
46017,31051
46018,31052
46019,31053
46020,31054
46021,31055
46022,31056
46023,31057
46024,31058
46025,31059
46026,31060
46027,31061
46028,31062
46029,31063
46030,31064
46031,31065
46032,31066
46033,31067
46034,31068
46035,31069
46036,31070
46037,31071
46038,31072
46039,31073
46040,31074
46041,31075
46042,31076
46043,31077
46044,31078
46045,31079
46046,31080
46047,31081
46048,31082
46049,31083
46050,31084
46051,31085
46052,31086
46053,31087
46054,31088
46055,31089
46056,31090
46057,31091
46058,31092
46059,31093
46060,31094
46061,31095
46062,31096
46063,31097
46064,31098
46065,31099
46066,31100
46067,31101
46068,31102
46069,31103
46070,31104
46071,31105
46072,31106
46073,31107
46074,31108
46075,31109
46076,31110
46077,31111
46078,31112
46079,31113
46080,31114
46081,31115
46082,31116
46083,31117
46084,31118
46085,31119
46086,31120
46087,31121
46088,31122
46089,31123
46090,31124
46091,31125
46092,31126
46093,31127
46094,31128
46095,31129
46096,31130
46097,31131
46098,31132
46099,31133
46100,31134
46101,31135
46102,31136
46103,31137
46104,31138
46105,31139
46106,31140
46107,31141
46108,31142
46109,31143
46110,31144
46111,31145
46112,31146
46113,31147
46114,31148
46115,31149
46116,31150
46117,31151
46118,31152
46119,31153
46120,31154
46121,31155
46122,31156
46123,31157
46124,31158
46125,31159
46126,31160
46127,31161
46128,31162
46129,31163
46130,31164
46131,31165
46132,31166
46133,31167
46134,31168
46135,31169
46136,31170
46137,31171
46138,31172
46139,31173
46140,31174
46141,31175
46142,31176
46143,31177
46144,31178
46145,31179
46146,31180
46147,31181
46148,31182
46149,31183
46150,31184
46151,31185
46152,31186
46153,31187
46154,31188
46155,31189
46156,31190
46157,31191
46158,31192
46159,31193
46160,31194
46161,31195
46162,31196
46163,31197
46164,31198
46165,31199
46166,31200
46167,31201
46168,31202
46169,31203
46170,31204
46171,31205
46172,31206
46173,31207
46174,31208
46175,31209
46176,31210
46177,31211
46178,31212
46179,31213
46180,31214
46181,31215
46182,31216
46183,31217
46184,31218
46185,31219
46186,31220
46187,31221
46188,31222
46189,31223
46190,31224
46191,31225
46192,31226
46193,31227
46194,31228
46195,31229
46196,31230
46197,31231
46198,31232
46199,31233
46200,31234
46201,31235
46202,31236
46203,31237
46204,31238
46205,31239
46206,31240
46207,31241
46208,31242
46209,31243
46210,31244
46211,31245
46212,31246
46213,31247
46214,31248
46215,31249
46216,31250
46217,31251
46218,31252
46219,31253
46220,31254
46221,31255
46222,31256
46223,31257
46224,31258
46225,31259
46226,31260
46227,31261
46228,31262
46229,31263
46230,31264
46231,31265
46232,31266
46233,31267
46234,31268
46235,31269
46236,31270
46237,31271
46238,31272
46239,31273
46240,31274
46241,31275
46242,31276
46243,31277
46244,31278
46245,31279
46246,31280
46247,31281
46248,31282
46249,31283
46250,31284
46251,31285
46252,31286
46253,31287
46254,31288
46255,31289
46256,31290
46257,31291
46258,31292
46259,31293
46260,31294
46261,31295
46262,31296
46263,31297
46264,31298
46265,31299
46266,31300
46267,31301
46268,31302
46269,31303
46270,31304
46271,31305
46272,31306
46273,31307
46274,31308
46275,31309
46276,31310
46277,31311
46278,31312
46279,31313
46280,31314
46281,31315
46282,31316
46283,31317
46284,31318
46285,31319
46286,31320
46287,31321
46288,31322
46289,31323
46290,31324
46291,31325
46292,31326
46293,31327
46294,31328
46295,31329
46296,31330
46297,31331
46298,31332
46299,31333
46300,31334
46301,31335
46302,31336
46303,31337
46304,31338
46305,31339
46306,31340
46307,31341
46308,31342
46309,31343
46310,31344
46311,31345
46312,31346
46313,31347
46314,31348
46315,31349
46316,31350
46317,31351
46318,31352
46319,31353
46320,31354
46321,31355
46322,31356
46323,31357
46324,31358
46325,31359
46326,31360
46327,31361
46328,31362
46329,31363
46330,31364
46331,31365
46332,31366
46333,31367
46334,31368
46335,31369
46336,31370
46337,31371
46338,31372
46339,31373
46340,31374
46341,31375
46342,31376
46343,31377
46344,31378
46345,31379
46346,31380
46347,31381
46348,31382
46349,31383
46350,31384
46351,31385
46352,31386
46353,31387
46354,31388
46355,31389
46356,31390
46357,31391
46358,31392
46359,31393
46360,31394
46361,31395
46362,31396
46363,31397
46364,31398
46365,31399
46366,31400
46367,31401
46368,31402
46369,31403
46370,31404
46371,31405
46372,31406
46373,31407
46374,31408
46375,31409
46376,31410
46377,31411
46378,31412
46379,31413
46380,31414
46381,31415
46382,31416
46383,31417
46384,31418
46385,31419
46386,31420
46387,31421
46388,31422
46389,31423
46390,31424
46391,31425
46392,31426
46393,31427
46394,31428
46395,31429
46396,31430
46397,31431
46398,31432
46399,31433
46400,31434
46401,31435
46402,31436
46403,31437
46404,31438
46405,31439
46406,31440
46407,31441
46408,31442
46409,31443
46410,31444
46411,31445
46412,31446
46413,31447
46414,31448
46415,31449
46416,31450
46417,31451
46418,31452
46419,31453
46420,31454
46421,31455
46422,31456
46423,31457
46424,31458
46425,31459
46426,31460
46427,31461
46428,31462
46429,31463
46430,31464
46431,31465
46432,31466
46433,31467
46434,31468
46435,31469
46436,31470
46437,31471
46438,31472
46439,31473
46440,31474
46441,31475
46442,31476
46443,31477
46444,31478
46445,31479
46446,31480
46447,31481
46448,31482
46449,31483
46450,31484
46451,31485
46452,31486
46453,31487
46454,31488
46455,31489
46456,31490
46457,31491
46458,31492
46459,31493
46460,31494
46461,31495
46462,31496
46463,31497
46464,31498
46465,31499
46466,31500
46467,31501
46468,31502
46469,31503
46470,31504
46471,31505
46472,31506
46473,31507
46474,31508
46475,31509
46476,31510
46477,31511
46478,31512
46479,31513
46480,31514
46481,31515
46482,31516
46483,31517
46484,31518
46485,31519
46486,31520
46487,31521
46488,31522
46489,31523
46490,31524
46491,31525
46492,31526
46493,31527
46494,31528
46495,31529
46496,31530
46497,31531
46498,31532
46499,31533
46500,31534
46501,31535
46502,31536
46503,31537
46504,31538
46505,31539
46506,31540
46507,31541
46508,31542
46509,31543
46510,31544
46511,31545
46512,31546
46513,31547
46514,31548
46515,31549
46516,31550
46517,31551
46518,31552
46519,31553
46520,31554
46521,31555
46522,31556
46523,31557
46524,31558
46525,31559
46526,31560
46527,31561
46528,31562
46529,31563
46530,31564
46531,31565
46532,31566
46533,31567
46534,31568
46535,31569
46536,31570
46537,31571
46538,31572
46539,31573
46540,31574
46541,31575
46542,31576
46543,31577
46544,31578
46545,31579
46546,31580
46547,31581
46548,31582
46549,31583
46550,31584
46551,31585
46552,31586
46553,31587
46554,31588
46555,31589
46556,31590
46557,31591
46558,31592
46559,31593
46560,31594
46561,31595
46562,31596
46563,31597
46564,31598
46565,31599
46566,31600
46567,31601
46568,31602
46569,31603
46570,31604
46571,31605
46572,31606
46573,31607
46574,31608
46575,31609
46576,31610
46577,31611
46578,31612
46579,31613
46580,31614
46581,31615
46582,31616
46583,31617
46584,31618
46585,31619
46586,31620
46587,31621
46588,31622
46589,31623
46590,31624
46591,31625
46592,31626
46593,31627
46594,31628
46595,31629
46596,31630
46597,31631
46598,31632
46599,31633
46600,31634
46601,31635
46602,31636
46603,31637
46604,31638
46605,31639
46606,31640
46607,31641
46608,31642
46609,31643
46610,31644
46611,31645
46612,31646
46613,31647
46614,31648
46615,31649
46616,31650
46617,31651
46618,31652
46619,31653
46620,31654
46621,31655
46622,31656
46623,31657
46624,31658
46625,31659
46626,31660
46627,31661
46628,31662
46629,31663
46630,31664
46631,31665
46632,31666
46633,31667
46634,31668
46635,31669
46636,31670
46637,31671
46638,31672
46639,31673
46640,31674
46641,31675
46642,31676
46643,31677
46644,31678
46645,31679
46646,31680
46647,31681
46648,31682
46649,31683
46650,31684
46651,31685
46652,31686
46653,31687
46654,31688
46655,31689
46656,31690
46657,31691
46658,31692
46659,31693
46660,31694
46661,31695
46662,31696
46663,31697
46664,31698
46665,31699
46666,31700
46667,31701
46668,31702
46669,31703
46670,31704
46671,31705
46672,31706
46673,31707
46674,31708
46675,31709
46676,31710
46677,31711
46678,31712
46679,31713
46680,31714
46681,31715
46682,31716
46683,31717
46684,31718
46685,31719
46686,31720
46687,31721
46688,31722
46689,31723
46690,31724
46691,31725
46692,31726
46693,31727
46694,31728
46695,31729
46696,31730
46697,31731
46698,31732
46699,31733
46700,31734
46701,31735
46702,31736
46703,31737
46704,31738
46705,31739
46706,31740
46707,31741
46708,31742
46709,31743
46710,31744
46711,31745
46712,31746
46713,31747
46714,31748
46715,31749
46716,31750
46717,31751
46718,31752
46719,31753
46720,31754
46721,31755
46722,31756
46723,31757
46724,31758
46725,31759
46726,31760
46727,31761
46728,31762
46729,31763
46730,31764
46731,31765
46732,31766
46733,31767
46734,31768
46735,31769
46736,31770
46737,31771
46738,31772
46739,31773
46740,31774
46741,31775
46742,31776
46743,31777
46744,31778
46745,31779
46746,31780
46747,31781
46748,31782
46749,31783
46750,31784
46751,31785
46752,31786
46753,31787
46754,31788
46755,31789
46756,31790
46757,31791
46758,31792
46759,31793
46760,31794
46761,31795
46762,31796
46763,31797
46764,31798
46765,31799
46766,31800
46767,31801
46768,31802
46769,31803
46770,31804
46771,31805
46772,31806
46773,31807
46774,31808
46775,31809
46776,31810
46777,31811
46778,31812
46779,31813
46780,31814
46781,31815
46782,31816
46783,31817
46784,31818
46785,31819
46786,31820
46787,31821
46788,31822
46789,31823
46790,31824
46791,31825
46792,31826
46793,31827
46794,31828
46795,31829
46796,31830
46797,31831
46798,31832
46799,31833
46800,31834
46801,31835
46802,31836
46803,31837
46804,31838
46805,31839
46806,31840
46807,31841
46808,31842
46809,31843
46810,31844
46811,31845
46812,31846
46813,31847
46814,31848
46815,31849
46816,31850
46817,31851
46818,31852
46819,31853
46820,31854
46821,31855
46822,31856
46823,31857
46824,31858
46825,31859
46826,31860
46827,31861
46828,31862
46829,31863
46830,31864
46831,31865
46832,31866
46833,31867
46834,31868
46835,31869
46836,31870
46837,31871
46838,31872
46839,31873
46840,31874
46841,31875
46842,31876
46843,31877
46844,31878
46845,31879
46846,31880
46847,31881
46848,31882
46849,31883
46850,31884
46851,31885
46852,31886
46853,31887
46854,31888
46855,31889
46856,31890
46857,31891
46858,31892
46859,31893
46860,31894
46861,31895
46862,31896
46863,31897
46864,31898
46865,31899
46866,31900
46867,31901
46868,31902
46869,31903
46870,31904
46871,31905
46872,31906
46873,31907
46874,31908
46875,31909
46876,31910
46877,31911
46878,31912
46879,31913
46880,31914
46881,31915
46882,31916
46883,31917
46884,31918
46885,31919
46886,31920
46887,31921
46888,31922
46889,31923
46890,31924
46891,31925
46892,31926
46893,31927
46894,31928
46895,31929
46896,31930
46897,31931
46898,31932
46899,31933
46900,31934
46901,31935
46902,31936
46903,31937
46904,31938
46905,31939
46906,31940
46907,31941
46908,31942
46909,31943
46910,31944
46911,31945
46912,31946
46913,31947
46914,31948
46915,31949
46916,31950
46917,31951
46918,31952
46919,31953
46920,31954
46921,31955
46922,31956
46923,31957
46924,31958
46925,31959
46926,31960
46927,31961
46928,31962
46929,31963
46930,31964
46931,31965
46932,31966
46933,31967
46934,31968
46935,31969
46936,31970
46937,31971
46938,31972
46939,31973
46940,31974
46941,31975
46942,31976
46943,31977
46944,31978
46945,31979
46946,31980
46947,31981
46948,31982
46949,31983
46950,31984
46951,31985
46952,31986
46953,31987
46954,31988
46955,31989
46956,31990
46957,31991
46958,31992
46959,31993
46960,31994
46961,31995
46962,31996
46963,31997
46964,31998
46965,31999
46966,32000
46967,32001
46968,32002
46969,32003
46970,32004
46971,32005
46972,32006
46973,32007
46974,32008
46975,32009
46976,32010
46977,32011
46978,32012
46979,32013
46980,32014
46981,32015
46982,32016
46983,32017
46984,32018
46985,32019
46986,32020
46987,32021
46988,32022
46989,32023
46990,32024
46991,32025
46992,32026
46993,32027
46994,32028
46995,32029
46996,32030
46997,32031
46998,32032
46999,32033
47000,32034
47001,32035
47002,32036
47003,32037
47004,32038
47005,32039
47006,32040
47007,32041
47008,32042
47009,32043
47010,32044
47011,32045
47012,32046
47013,32047
47014,32048
47015,32049
47016,32050
47017,32051
47018,32052
47019,32053
47020,32054
47021,32055
47022,32056
47023,32057
47024,32058
47025,32059
47026,32060
47027,32061
47028,32062
47029,32063
47030,32064
47031,32065
47032,32066
47033,32067
47034,32068
47035,32069
47036,32070
47037,32071
47038,32072
47039,32073
47040,32074
47041,32075
47042,32076
47043,32077
47044,32078
47045,32079
47046,32080
47047,32081
47048,32082
47049,32083
47050,32084
47051,32085
47052,32086
47053,32087
47054,32088
47055,32089
47056,32090
47057,32091
47058,32092
47059,32093
47060,32094
47061,32095
47062,32096
47063,32097
47064,32098
47065,32099
47066,32100
47067,32101
47068,32102
47069,32103
47070,32104
47071,32105
47072,32106
47073,32107
47074,32108
47075,32109
47076,32110
47077,32111
47078,32112
47079,32113
47080,32114
47081,32115
47082,32116
47083,32117
47084,32118
47085,32119
47086,32120
47087,32121
47088,32122
47089,32123
47090,32124
47091,32125
47092,32126
47093,32127
47094,32128
47095,32129
47096,32130
47097,32131
47098,32132
47099,32133
47100,32134
47101,32135
47102,32136
47103,32137
47104,32138
47105,32139
47106,32140
47107,32141
47108,32142
47109,32143
47110,32144
47111,32145
47112,32146
47113,32147
47114,32148
47115,32149
47116,32150
47117,32151
47118,32152
47119,32153
47120,32154
47121,32155
47122,32156
47123,32157
47124,32158
47125,32159
47126,32160
47127,32161
47128,32162
47129,32163
47130,32164
47131,32165
47132,32166
47133,32167
47134,32168
47135,32169
47136,32170
47137,32171
47138,32172
47139,32173
47140,32174
47141,32175
47142,32176
47143,32177
47144,32178
47145,32179
47146,32180
47147,32181
47148,32182
47149,32183
47150,32184
47151,32185
47152,32186
47153,32187
47154,32188
47155,32189
47156,32190
47157,32191
47158,32192
47159,32193
47160,32194
47161,32195
47162,32196
47163,32197
47164,32198
47165,32199
47166,32200
47167,32201
47168,32202
47169,32203
47170,32204
47171,32205
47172,32206
47173,32207
47174,32208
47175,32209
47176,32210
47177,32211
47178,32212
47179,32213
47180,32214
47181,32215
47182,32216
47183,32217
47184,32218
47185,32219
47186,32220
47187,32221
47188,32222
47189,32223
47190,32224
47191,32225
47192,32226
47193,32227
47194,32228
47195,32229
47196,32230
47197,32231
47198,32232
47199,32233
47200,32234
47201,32235
47202,32236
47203,32237
47204,32238
47205,32239
47206,32240
47207,32241
47208,32242
47209,32243
47210,32244
47211,32245
47212,32246
47213,32247
47214,32248
47215,32249
47216,32250
47217,32251
47218,32252
47219,32253
47220,32254
47221,32255
47222,32256
47223,32257
47224,32258
47225,32259
47226,32260
47227,32261
47228,32262
47229,32263
47230,32264
47231,32265
47232,32266
47233,32267
47234,32268
47235,32269
47236,32270
47237,32271
47238,32272
47239,32273
47240,32274
47241,32275
47242,32276
47243,32277
47244,32278
47245,32279
47246,32280
47247,32281
47248,32282
47249,32283
47250,32284
47251,32285
47252,32286
47253,32287
47254,32288
47255,32289
47256,32290
47257,32291
47258,32292
47259,32293
47260,32294
47261,32295
47262,32296
47263,32297
47264,32298
47265,32299
47266,32300
47267,32301
47268,32302
47269,32303
47270,32304
47271,32305
47272,32306
47273,32307
47274,32308
47275,32309
47276,32310
47277,32311
47278,32312
47279,32313
47280,32314
47281,32315
47282,32316
47283,32317
47284,32318
47285,32319
47286,32320
47287,32321
47288,32322
47289,32323
47290,32324
47291,32325
47292,32326
47293,32327
47294,32328
47295,32329
47296,32330
47297,32331
47298,32332
47299,32333
47300,32334
47301,32335
47302,32336
47303,32337
47304,32338
47305,32339
47306,32340
47307,32341
47308,32342
47309,32343
47310,32344
47311,32345
47312,32346
47313,32347
47314,32348
47315,32349
47316,32350
47317,32351
47318,32352
47319,32353
47320,32354
47321,32355
47322,32356
47323,32357
47324,32358
47325,32359
47326,32360
47327,32361
47328,32362
47329,32363
47330,32364
47331,32365
47332,32366
47333,32367
47334,32368
47335,32369
47336,32370
47337,32371
47338,32372
47339,32373
47340,32374
47341,32375
47342,32376
47343,32377
47344,32378
47345,32379
47346,32380
47347,32381
47348,32382
47349,32383
47350,32384
47351,32385
47352,32386
47353,32387
47354,32388
47355,32389
47356,32390
47357,32391
47358,32392
47359,32393
47360,32394
47361,32395
47362,32396
47363,32397
47364,32398
47365,32399
47366,32400
47367,32401
47368,32402
47369,32403
47370,32404
47371,32405
47372,32406
47373,32407
47374,32408
47375,32409
47376,32410
47377,32411
47378,32412
47379,32413
47380,32414
47381,32415
47382,32416
47383,32417
47384,32418
47385,32419
47386,32420
47387,32421
47388,32422
47389,32423
47390,32424
47391,32425
47392,32426
47393,32427
47394,32428
47395,32429
47396,32430
47397,32431
47398,32432
47399,32433
47400,32434
47401,32435
47402,32436
47403,32437
47404,32438
47405,32439
47406,32440
47407,32441
47408,32442
47409,32443
47410,32444
47411,32445
47412,32446
47413,32447
47414,32448
47415,32449
47416,32450
47417,32451
47418,32452
47419,32453
47420,32454
47421,32455
47422,32456
47423,32457
47424,32458
47425,32459
47426,32460
47427,32461
47428,32462
47429,32463
47430,32464
47431,32465
47432,32466
47433,32467
47434,32468
47435,32469
47436,32470
47437,32471
47438,32472
47439,32473
47440,32474
47441,32475
47442,32476
47443,32477
47444,32478
47445,32479
47446,32480
47447,32481
47448,32482
47449,32483
47450,32484
47451,32485
47452,32486
47453,32487
47454,32488
47455,32489
47456,32490
47457,32491
47458,32492
47459,32493
47460,32494
47461,32495
47462,32496
47463,32497
47464,32498
47465,32499
47466,32500
47467,32501
47468,32502
47469,32503
47470,32504
47471,32505
47472,32506
47473,32507
47474,32508
47475,32509
47476,32510
47477,32511
47478,32512
47479,32513
47480,32514
47481,32515
47482,32516
47483,32517
47484,32518
47485,32519
47486,32520
47487,32521
47488,32522
47489,32523
47490,32524
47491,32525
47492,32526
47493,32527
47494,32528
47495,32529
47496,32530
47497,32531
47498,32532
47499,32533
47500,32534
47501,32535
47502,32536
47503,32537
47504,32538
47505,32539
47506,32540
47507,32541
47508,32542
47509,32543
47510,32544
47511,32545
47512,32546
47513,32547
47514,32548
47515,32549
47516,32550
47517,32551
47518,32552
47519,32553
47520,32554
47521,32555
47522,32556
47523,32557
47524,32558
47525,32559
47526,32560
47527,32561
47528,32562
47529,32563
47530,32564
47531,32565
47532,32566
47533,32567
47534,32568
47535,32569
47536,32570
47537,32571
47538,32572
47539,32573
47540,32574
47541,32575
47542,32576
47543,32577
47544,32578
47545,32579
47546,32580
47547,32581
47548,32582
47549,32583
47550,32584
47551,32585
47552,32586
47553,32587
47554,32588
47555,32589
47556,32590
47557,32591
47558,32592
47559,32593
47560,32594
47561,32595
47562,32596
47563,32597
47564,32598
47565,32599
47566,32600
47567,32601
47568,32602
47569,32603
47570,32604
47571,32605
47572,32606
47573,32607
47574,32608
47575,32609
47576,32610
47577,32611
47578,32612
47579,32613
47580,32614
47581,32615
47582,32616
47583,32617
47584,32618
47585,32619
47586,32620
47587,32621
47588,32622
47589,32623
47590,32624
47591,32625
47592,32626
47593,32627
47594,32628
47595,32629
47596,32630
47597,32631
47598,32632
47599,32633
47600,32634
47601,32635
47602,32636
47603,32637
47604,32638
47605,32639
47606,32640
47607,32641
47608,32642
47609,32643
47610,32644
47611,32645
47612,32646
47613,32647
47614,32648
47615,32649
47616,32650
47617,32651
47618,32652
47619,32653
47620,32654
47621,32655
47622,32656
47623,32657
47624,32658
47625,32659
47626,32660
47627,32661
47628,32662
47629,32663
47630,32664
47631,32665
47632,32666
47633,32667
47634,32668
47635,32669
47636,32670
47637,32671
47638,32672
47639,32673
47640,32674
47641,32675
47642,32676
47643,32677
47644,32678
47645,32679
47646,32680
47647,32681
47648,32682
47649,32683
47650,32684
47651,32685
47652,32686
47653,32687
47654,32688
47655,32689
47656,32690
47657,32691
47658,32692
47659,32693
47660,32694
47661,32695
47662,32696
47663,32697
47664,32698
47665,32699
47666,32700
47667,32701
47668,32702
47669,32703
47670,32704
47671,32705
47672,32706
47673,32707
47674,32708
47675,32709
47676,32710
47677,32711
47678,32712
47679,32713
47680,32714
47681,32715
47682,32716
47683,32717
47684,32718
47685,32719
47686,32720
47687,32721
47688,32722
47689,32723
47690,32724
47691,32725
47692,32726
47693,32727
47694,32728
47695,32729
47696,32730
47697,32731
47698,32732
47699,32733
47700,32734
47701,32735
47702,32736
47703,32737
47704,32738
47705,32739
47706,32740
47707,32741
47708,32742
47709,32743
47710,32744
47711,32745
47712,32746
47713,32747
47714,32748
47715,32749
47716,32750
47717,32751
47718,32752
47719,32753
47720,32754
47721,32755
47722,32756
47723,32757
47724,32758
47725,32759
47726,32760
47727,32761
47728,32762
47729,32763
47730,32764
47731,32765
47732,32766
47733,32767
47734,32768
47735,32769
47736,32770
47737,32771
47738,32772
47739,32773
47740,32774
47741,32775
47742,32776
47743,32777
47744,32778
47745,32779
47746,32780
47747,32781
47748,32782
47749,32783
47750,32784
47751,32785
47752,32786
47753,32787
47754,32788
47755,32789
47756,32790
47757,32791
47758,32792
47759,32793
47760,32794
47761,32795
47762,32796
47763,32797
47764,32798
47765,32799
47766,32800
47767,32801
47768,32802
47769,32803
47770,32804
47771,32805
47772,32806
47773,32807
47774,32808
47775,32809
47776,32810
47777,32811
47778,32812
47779,32813
47780,32814
47781,32815
47782,32816
47783,32817
47784,32818
47785,32819
47786,32820
47787,32821
47788,32822
47789,32823
47790,32824
47791,32825
47792,32826
47793,32827
47794,32828
47795,32829
47796,32830
47797,32831
47798,32832
47799,32833
47800,32834
47801,32835
47802,32836
47803,32837
47804,32838
47805,32839
47806,32840
47807,32841
47808,32842
47809,32843
47810,32844
47811,32845
47812,32846
47813,32847
47814,32848
47815,32849
47816,32850
47817,32851
47818,32852
47819,32853
47820,32854
47821,32855
47822,32856
47823,32857
47824,32858
47825,32859
47826,32860
47827,32861
47828,32862
47829,32863
47830,32864
47831,32865
47832,32866
47833,32867
47834,32868
47835,32869
47836,32870
47837,32871
47838,32872
47839,32873
47840,32874
47841,32875
47842,32876
47843,32877
47844,32878
47845,32879
47846,32880
47847,32881
47848,32882
47849,32883
47850,32884
47851,32885
47852,32886
47853,32887
47854,32888
47855,32889
47856,32890
47857,32891
47858,32892
47859,32893
47860,32894
47861,32895
47862,32896
47863,32897
47864,32898
47865,32899
47866,32900
47867,32901
47868,32902
47869,32903
47870,32904
47871,32905
47872,32906
47873,32907
47874,32908
47875,32909
47876,32910
47877,32911
47878,32912
47879,32913
47880,32914
47881,32915
47882,32916
47883,32917
47884,32918
47885,32919
47886,32920
47887,32921
47888,32922
47889,32923
47890,32924
47891,32925
47892,32926
47893,32927
47894,32928
47895,32929
47896,32930
47897,32931
47898,32932
47899,32933
47900,32934
47901,32935
47902,32936
47903,32937
47904,32938
47905,32939
47906,32940
47907,32941
47908,32942
47909,32943
47910,32944
47911,32945
47912,32946
47913,32947
47914,32948
47915,32949
47916,32950
47917,32951
47918,32952
47919,32953
47920,32954
47921,32955
47922,32956
47923,32957
47924,32958
47925,32959
47926,32960
47927,32961
47928,32962
47929,32963
47930,32964
47931,32965
47932,32966
47933,32967
47934,32968
47935,32969
47936,32970
47937,32971
47938,32972
47939,32973
47940,32974
47941,32975
47942,32976
47943,32977
47944,32978
47945,32979
47946,32980
47947,32981
47948,32982
47949,32983
47950,32984
47951,32985
47952,32986
47953,32987
47954,32988
47955,32989
47956,32990
47957,32991
47958,32992
47959,32993
47960,32994
47961,32995
47962,32996
47963,32997
47964,32998
47965,32999
47966,33000
47967,33001
47968,33002
47969,33003
47970,33004
47971,33005
47972,33006
47973,33007
47974,33008
47975,33009
47976,33010
47977,33011
47978,33012
47979,33013
47980,33014
47981,33015
47982,33016
47983,33017
47984,33018
47985,33019
47986,33020
47987,33021
47988,33022
47989,33023
47990,33024
47991,33025
47992,33026
47993,33027
47994,33028
47995,33029
47996,33030
47997,33031
47998,33032
47999,33033
48000,33034
48001,33035
48002,33036
48003,33037
48004,33038
48005,33039
48006,33040
48007,33041
48008,33042
48009,33043
48010,33044
48011,33045
48012,33046
48013,33047
48014,33048
48015,33049
48016,33050
48017,33051
48018,33052
48019,33053
48020,33054
48021,33055
48022,33056
48023,33057
48024,33058
48025,33059
48026,33060
48027,33061
48028,33062
48029,33063
48030,33064
48031,33065
48032,33066
48033,33067
48034,33068
48035,33069
48036,33070
48037,33071
48038,33072
48039,33073
48040,33074
48041,33075
48042,33076
48043,33077
48044,33078
48045,33079
48046,33080
48047,33081
48048,33082
48049,33083
48050,33084
48051,33085
48052,33086
48053,33087
48054,33088
48055,33089
48056,33090
48057,33091
48058,33092
48059,33093
48060,33094
48061,33095
48062,33096
48063,33097
48064,33098
48065,33099
48066,33100
48067,33101
48068,33102
48069,33103
48070,33104
48071,33105
48072,33106
48073,33107
48074,33108
48075,33109
48076,33110
48077,33111
48078,33112
48079,33113
48080,33114
48081,33115
48082,33116
48083,33117
48084,33118
48085,33119
48086,33120
48087,33121
48088,33122
48089,33123
48090,33124
48091,33125
48092,33126
48093,33127
48094,33128
48095,33129
48096,33130
48097,33131
48098,33132
48099,33133
48100,33134
48101,33135
48102,33136
48103,33137
48104,33138
48105,33139
48106,33140
48107,33141
48108,33142
48109,33143
48110,33144
48111,33145
48112,33146
48113,33147
48114,33148
48115,33149
48116,33150
48117,33151
48118,33152
48119,33153
48120,33154
48121,33155
48122,33156
48123,33157
48124,33158
48125,33159
48126,33160
48127,33161
48128,33162
48129,33163
48130,33164
48131,33165
48132,33166
48133,33167
48134,33168
48135,33169
48136,33170
48137,33171
48138,33172
48139,33173
48140,33174
48141,33175
48142,33176
48143,33177
48144,33178
48145,33179
48146,33180
48147,33181
48148,33182
48149,33183
48150,33184
48151,33185
48152,33186
48153,33187
48154,33188
48155,33189
48156,33190
48157,33191
48158,33192
48159,33193
48160,33194
48161,33195
48162,33196
48163,33197
48164,33198
48165,33199
48166,33200
48167,33201
48168,33202
48169,33203
48170,33204
48171,33205
48172,33206
48173,33207
48174,33208
48175,33209
48176,33210
48177,33211
48178,33212
48179,33213
48180,33214
48181,33215
48182,33216
48183,33217
48184,33218
48185,33219
48186,33220
48187,33221
48188,33222
48189,33223
48190,33224
48191,33225
48192,33226
48193,33227
48194,33228
48195,33229
48196,33230
48197,33231
48198,33232
48199,33233
48200,33234
48201,33235
48202,33236
48203,33237
48204,33238
48205,33239
48206,33240
48207,33241
48208,33242
48209,33243
48210,33244
48211,33245
48212,33246
48213,33247
48214,33248
48215,33249
48216,33250
48217,33251
48218,33252
48219,33253
48220,33254
48221,33255
48222,33256
48223,33257
48224,33258
48225,33259
48226,33260
48227,33261
48228,33262
48229,33263
48230,33264
48231,33265
48232,33266
48233,33267
48234,33268
48235,33269
48236,33270
48237,33271
48238,33272
48239,33273
48240,33274
48241,33275
48242,33276
48243,33277
48244,33278
48245,33279
48246,33280
48247,33281
48248,33282
48249,33283
48250,33284
48251,33285
48252,33286
48253,33287
48254,33288
48255,33289
48256,33290
48257,33291
48258,33292
48259,33293
48260,33294
48261,33295
48262,33296
48263,33297
48264,33298
48265,33299
48266,33300
48267,33301
48268,33302
48269,33303
48270,33304
48271,33305
48272,33306
48273,33307
48274,33308
48275,33309
48276,33310
48277,33311
48278,33312
48279,33313
48280,33314
48281,33315
48282,33316
48283,33317
48284,33318
48285,33319
48286,33320
48287,33321
48288,33322
48289,33323
48290,33324
48291,33325
48292,33326
48293,33327
48294,33328
48295,33329
48296,33330
48297,33331
48298,33332
48299,33333
48300,33334
48301,33335
48302,33336
48303,33337
48304,33338
48305,33339
48306,33340
48307,33341
48308,33342
48309,33343
48310,33344
48311,33345
48312,33346
48313,33347
48314,33348
48315,33349
48316,33350
48317,33351
48318,33352
48319,33353
48320,33354
48321,33355
48322,33356
48323,33357
48324,33358
48325,33359
48326,33360
48327,33361
48328,33362
48329,33363
48330,33364
48331,33365
48332,33366
48333,33367
48334,33368
48335,33369
48336,33370
48337,33371
48338,33372
48339,33373
48340,33374
48341,33375
48342,33376
48343,33377
48344,33378
48345,33379
48346,33380
48347,33381
48348,33382
48349,33383
48350,33384
48351,33385
48352,33386
48353,33387
48354,33388
48355,33389
48356,33390
48357,33391
48358,33392
48359,33393
48360,33394
48361,33395
48362,33396
48363,33397
48364,33398
48365,33399
48366,33400
48367,33401
48368,33402
48369,33403
48370,33404
48371,33405
48372,33406
48373,33407
48374,33408
48375,33409
48376,33410
48377,33411
48378,33412
48379,33413
48380,33414
48381,33415
48382,33416
48383,33417
48384,33418
48385,33419
48386,33420
48387,33421
48388,33422
48389,33423
48390,33424
48391,33425
48392,33426
48393,33427
48394,33428
48395,33429
48396,33430
48397,33431
48398,33432
48399,33433
48400,33434
48401,33435
48402,33436
48403,33437
48404,33438
48405,33439
48406,33440
48407,33441
48408,33442
48409,33443
48410,33444
48411,33445
48412,33446
48413,33447
48414,33448
48415,33449
48416,33450
48417,33451
48418,33452
48419,33453
48420,33454
48421,33455
48422,33456
48423,33457
48424,33458
48425,33459
48426,33460
48427,33461
48428,33462
48429,33463
48430,33464
48431,33465
48432,33466
48433,33467
48434,33468
48435,33469
48436,33470
48437,33471
48438,33472
48439,33473
48440,33474
48441,33475
48442,33476
48443,33477
48444,33478
48445,33479
48446,33480
48447,33481
48448,33482
48449,33483
48450,33484
48451,33485
48452,33486
48453,33487
48454,33488
48455,33489
48456,33490
48457,33491
48458,33492
48459,33493
48460,33494
48461,33495
48462,33496
48463,33497
48464,33498
48465,33499
48466,33500
48467,33501
48468,33502
48469,33503
48470,33504
48471,33505
48472,33506
48473,33507
48474,33508
48475,33509
48476,33510
48477,33511
48478,33512
48479,33513
48480,33514
48481,33515
48482,33516
48483,33517
48484,33518
48485,33519
48486,33520
48487,33521
48488,33522
48489,33523
48490,33524
48491,33525
48492,33526
48493,33527
48494,33528
48495,33529
48496,33530
48497,33531
48498,33532
48499,33533
48500,33534
48501,33535
48502,33536
48503,33537
48504,33538
48505,33539
48506,33540
48507,33541
48508,33542
48509,33543
48510,33544
48511,33545
48512,33546
48513,33547
48514,33548
48515,33549
48516,33550
48517,33551
48518,33552
48519,33553
48520,33554
48521,33555
48522,33556
48523,33557
48524,33558
48525,33559
48526,33560
48527,33561
48528,33562
48529,33563
48530,33564
48531,33565
48532,33566
48533,33567
48534,33568
48535,33569
48536,33570
48537,33571
48538,33572
48539,33573
48540,33574
48541,33575
48542,33576
48543,33577
48544,33578
48545,33579
48546,33580
48547,33581
48548,33582
48549,33583
48550,33584
48551,33585
48552,33586
48553,33587
48554,33588
48555,33589
48556,33590
48557,33591
48558,33592
48559,33593
48560,33594
48561,33595
48562,33596
48563,33597
48564,33598
48565,33599
48566,33600
48567,33601
48568,33602
48569,33603
48570,33604
48571,33605
48572,33606
48573,33607
48574,33608
48575,33609
48576,33610
48577,33611
48578,33612
48579,33613
48580,33614
48581,33615
48582,33616
48583,33617
48584,33618
48585,33619
48586,33620
48587,33621
48588,33622
48589,33623
48590,33624
48591,33625
48592,33626
48593,33627
48594,33628
48595,33629
48596,33630
48597,33631
48598,33632
48599,33633
48600,33634
48601,33635
48602,33636
48603,33637
48604,33638
48605,33639
48606,33640
48607,33641
48608,33642
48609,33643
48610,33644
48611,33645
48612,33646
48613,33647
48614,33648
48615,33649
48616,33650
48617,33651
48618,33652
48619,33653
48620,33654
48621,33655
48622,33656
48623,33657
48624,33658
48625,33659
48626,33660
48627,33661
48628,33662
48629,33663
48630,33664
48631,33665
48632,33666
48633,33667
48634,33668
48635,33669
48636,33670
48637,33671
48638,33672
48639,33673
48640,33674
48641,33675
48642,33676
48643,33677
48644,33678
48645,33679
48646,33680
48647,33681
48648,33682
48649,33683
48650,33684
48651,33685
48652,33686
48653,33687
48654,33688
48655,33689
48656,33690
48657,33691
48658,33692
48659,33693
48660,33694
48661,33695
48662,33696
48663,33697
48664,33698
48665,33699
48666,33700
48667,33701
48668,33702
48669,33703
48670,33704
48671,33705
48672,33706
48673,33707
48674,33708
48675,33709
48676,33710
48677,33711
48678,33712
48679,33713
48680,33714
48681,33715
48682,33716
48683,33717
48684,33718
48685,33719
48686,33720
48687,33721
48688,33722
48689,33723
48690,33724
48691,33725
48692,33726
48693,33727
48694,33728
48695,33729
48696,33730
48697,33731
48698,33732
48699,33733
48700,33734
48701,33735
48702,33736
48703,33737
48704,33738
48705,33739
48706,33740
48707,33741
48708,33742
48709,33743
48710,33744
48711,33745
48712,33746
48713,33747
48714,33748
48715,33749
48716,33750
48717,33751
48718,33752
48719,33753
48720,33754
48721,33755
48722,33756
48723,33757
48724,33758
48725,33759
48726,33760
48727,33761
48728,33762
48729,33763
48730,33764
48731,33765
48732,33766
48733,33767
48734,33768
48735,33769
48736,33770
48737,33771
48738,33772
48739,33773
48740,33774
48741,33775
48742,33776
48743,33777
48744,33778
48745,33779
48746,33780
48747,33781
48748,33782
48749,33783
48750,33784
48751,33785
48752,33786
48753,33787
48754,33788
48755,33789
48756,33790
48757,33791
48758,33792
48759,33793
48760,33794
48761,33795
48762,33796
48763,33797
48764,33798
48765,33799
48766,33800
48767,33801
48768,33802
48769,33803
48770,33804
48771,33805
48772,33806
48773,33807
48774,33808
48775,33809
48776,33810
48777,33811
48778,33812
48779,33813
48780,33814
48781,33815
48782,33816
48783,33817
48784,33818
48785,33819
48786,33820
48787,33821
48788,33822
48789,33823
48790,33824
48791,33825
48792,33826
48793,33827
48794,33828
48795,33829
48796,33830
48797,33831
48798,33832
48799,33833
48800,33834
48801,33835
48802,33836
48803,33837
48804,33838
48805,33839
48806,33840
48807,33841
48808,33842
48809,33843
48810,33844
48811,33845
48812,33846
48813,33847
48814,33848
48815,33849
48816,33850
48817,33851
48818,33852
48819,33853
48820,33854
48821,33855
48822,33856
48823,33857
48824,33858
48825,33859
48826,33860
48827,33861
48828,33862
48829,33863
48830,33864
48831,33865
48832,33866
48833,33867
48834,33868
48835,33869
48836,33870
48837,33871
48838,33872
48839,33873
48840,33874
48841,33875
48842,33876
48843,33877
48844,33878
48845,33879
48846,33880
48847,33881
48848,33882
48849,33883
48850,33884
48851,33885
48852,33886
48853,33887
48854,33888
48855,33889
48856,33890
48857,33891
48858,33892
48859,33893
48860,33894
48861,33895
48862,33896
48863,33897
48864,33898
48865,33899
48866,33900
48867,33901
48868,33902
48869,33903
48870,33904
48871,33905
48872,33906
48873,33907
48874,33908
48875,33909
48876,33910
48877,33911
48878,33912
48879,33913
48880,33914
48881,33915
48882,33916
48883,33917
48884,33918
48885,33919
48886,33920
48887,33921
48888,33922
48889,33923
48890,33924
48891,33925
48892,33926
48893,33927
48894,33928
48895,33929
48896,33930
48897,33931
48898,33932
48899,33933
48900,33934
48901,33935
48902,33936
48903,33937
48904,33938
48905,33939
48906,33940
48907,33941
48908,33942
48909,33943
48910,33944
48911,33945
48912,33946
48913,33947
48914,33948
48915,33949
48916,33950
48917,33951
48918,33952
48919,33953
48920,33954
48921,33955
48922,33956
48923,33957
48924,33958
48925,33959
48926,33960
48927,33961
48928,33962
48929,33963
48930,33964
48931,33965
48932,33966
48933,33967
48934,33968
48935,33969
48936,33970
48937,33971
48938,33972
48939,33973
48940,33974
48941,33975
48942,33976
48943,33977
48944,33978
48945,33979
48946,33980
48947,33981
48948,33982
48949,33983
48950,33984
48951,33985
48952,33986
48953,33987
48954,33988
48955,33989
48956,33990
48957,33991
48958,33992
48959,33993
48960,33994
48961,33995
48962,33996
48963,33997
48964,33998
48965,33999
48966,34000
48967,34001
48968,34002
48969,34003
48970,34004
48971,34005
48972,34006
48973,34007
48974,34008
48975,34009
48976,34010
48977,34011
48978,34012
48979,34013
48980,34014
48981,34015
48982,34016
48983,34017
48984,34018
48985,34019
48986,34020
48987,34021
48988,34022
48989,34023
48990,34024
48991,34025
48992,34026
48993,34027
48994,34028
48995,34029
48996,34030
48997,34031
48998,34032
48999,34033
49000,34034
49001,34035
49002,34036
49003,34037
49004,34038
49005,34039
49006,34040
49007,34041
49008,34042
49009,34043
49010,34044
49011,34045
49012,34046
49013,34047
49014,34048
49015,34049
49016,34050
49017,34051
49018,34052
49019,34053
49020,34054
49021,34055
49022,34056
49023,34057
49024,34058
49025,34059
49026,34060
49027,34061
49028,34062
49029,34063
49030,34064
49031,34065
49032,34066
49033,34067
49034,34068
49035,34069
49036,34070
49037,34071
49038,34072
49039,34073
49040,34074
49041,34075
49042,34076
49043,34077
49044,34078
49045,34079
49046,34080
49047,34081
49048,34082
49049,34083
49050,34084
49051,34085
49052,34086
49053,34087
49054,34088
49055,34089
49056,34090
49057,34091
49058,34092
49059,34093
49060,34094
49061,34095
49062,34096
49063,34097
49064,34098
49065,34099
49066,34100
49067,34101
49068,34102
49069,34103
49070,34104
49071,34105
49072,34106
49073,34107
49074,34108
49075,34109
49076,34110
49077,34111
49078,34112
49079,34113
49080,34114
49081,34115
49082,34116
49083,34117
49084,34118
49085,34119
49086,34120
49087,34121
49088,34122
49089,34123
49090,34124
49091,34125
49092,34126
49093,34127
49094,34128
49095,34129
49096,34130
49097,34131
49098,34132
49099,34133
49100,34134
49101,34135
49102,34136
49103,34137
49104,34138
49105,34139
49106,34140
49107,34141
49108,34142
49109,34143
49110,34144
49111,34145
49112,34146
49113,34147
49114,34148
49115,34149
49116,34150
49117,34151
49118,34152
49119,34153
49120,34154
49121,34155
49122,34156
49123,34157
49124,34158
49125,34159
49126,34160
49127,34161
49128,34162
49129,34163
49130,34164
49131,34165
49132,34166
49133,34167
49134,34168
49135,34169
49136,34170
49137,34171
49138,34172
49139,34173
49140,34174
49141,34175
49142,34176
49143,34177
49144,34178
49145,34179
49146,34180
49147,34181
49148,34182
49149,34183
49150,34184
49151,34185
49152,34186
49153,34187
49154,34188
49155,34189
49156,34190
49157,34191
49158,34192
49159,34193
49160,34194
49161,34195
49162,34196
49163,34197
49164,34198
49165,34199
49166,34200
49167,34201
49168,34202
49169,34203
49170,34204
49171,34205
49172,34206
49173,34207
49174,34208
49175,34209
49176,34210
49177,34211
49178,34212
49179,34213
49180,34214
49181,34215
49182,34216
49183,34217
49184,34218
49185,34219
49186,34220
49187,34221
49188,34222
49189,34223
49190,34224
49191,34225
49192,34226
49193,34227
49194,34228
49195,34229
49196,34230
49197,34231
49198,34232
49199,34233
49200,34234
49201,34235
49202,34236
49203,34237
49204,34238
49205,34239
49206,34240
49207,34241
49208,34242
49209,34243
49210,34244
49211,34245
49212,34246
49213,34247
49214,34248
49215,34249
49216,34250
49217,34251
49218,34252
49219,34253
49220,34254
49221,34255
49222,34256
49223,34257
49224,34258
49225,34259
49226,34260
49227,34261
49228,34262
49229,34263
49230,34264
49231,34265
49232,34266
49233,34267
49234,34268
49235,34269
49236,34270
49237,34271
49238,34272
49239,34273
49240,34274
49241,34275
49242,34276
49243,34277
49244,34278
49245,34279
49246,34280
49247,34281
49248,34282
49249,34283
49250,34284
49251,34285
49252,34286
49253,34287
49254,34288
49255,34289
49256,34290
49257,34291
49258,34292
49259,34293
49260,34294
49261,34295
49262,34296
49263,34297
49264,34298
49265,34299
49266,34300
49267,34301
49268,34302
49269,34303
49270,34304
49271,34305
49272,34306
49273,34307
49274,34308
49275,34309
49276,34310
49277,34311
49278,34312
49279,34313
49280,34314
49281,34315
49282,34316
49283,34317
49284,34318
49285,34319
49286,34320
49287,34321
49288,34322
49289,34323
49290,34324
49291,34325
49292,34326
49293,34327
49294,34328
49295,34329
49296,34330
49297,34331
49298,34332
49299,34333
49300,34334
49301,34335
49302,34336
49303,34337
49304,34338
49305,34339
49306,34340
49307,34341
49308,34342
49309,34343
49310,34344
49311,34345
49312,34346
49313,34347
49314,34348
49315,34349
49316,34350
49317,34351
49318,34352
49319,34353
49320,34354
49321,34355
49322,34356
49323,34357
49324,34358
49325,34359
49326,34360
49327,34361
49328,34362
49329,34363
49330,34364
49331,34365
49332,34366
49333,34367
49334,34368
49335,34369
49336,34370
49337,34371
49338,34372
49339,34373
49340,34374
49341,34375
49342,34376
49343,34377
49344,34378
49345,34379
49346,34380
49347,34381
49348,34382
49349,34383
49350,34384
49351,34385
49352,34386
49353,34387
49354,34388
49355,34389
49356,34390
49357,34391
49358,34392
49359,34393
49360,34394
49361,34395
49362,34396
49363,34397
49364,34398
49365,34399
49366,34400
49367,34401
49368,34402
49369,34403
49370,34404
49371,34405
49372,34406
49373,34407
49374,34408
49375,34409
49376,34410
49377,34411
49378,34412
49379,34413
49380,34414
49381,34415
49382,34416
49383,34417
49384,34418
49385,34419
49386,34420
49387,34421
49388,34422
49389,34423
49390,34424
49391,34425
49392,34426
49393,34427
49394,34428
49395,34429
49396,34430
49397,34431
49398,34432
49399,34433
49400,34434
49401,34435
49402,34436
49403,34437
49404,34438
49405,34439
49406,34440
49407,34441
49408,34442
49409,34443
49410,34444
49411,34445
49412,34446
49413,34447
49414,34448
49415,34449
49416,34450
49417,34451
49418,34452
49419,34453
49420,34454
49421,34455
49422,34456
49423,34457
49424,34458
49425,34459
49426,34460
49427,34461
49428,34462
49429,34463
49430,34464
49431,34465
49432,34466
49433,34467
49434,34468
49435,34469
49436,34470
49437,34471
49438,34472
49439,34473
49440,34474
49441,34475
49442,34476
49443,34477
49444,34478
49445,34479
49446,34480
49447,34481
49448,34482
49449,34483
49450,34484
49451,34485
49452,34486
49453,34487
49454,34488
49455,34489
49456,34490
49457,34491
49458,34492
49459,34493
49460,34494
49461,34495
49462,34496
49463,34497
49464,34498
49465,34499
49466,34500
49467,34501
49468,34502
49469,34503
49470,34504
49471,34505
49472,34506
49473,34507
49474,34508
49475,34509
49476,34510
49477,34511
49478,34512
49479,34513
49480,34514
49481,34515
49482,34516
49483,34517
49484,34518
49485,34519
49486,34520
49487,34521
49488,34522
49489,34523
49490,34524
49491,34525
49492,34526
49493,34527
49494,34528
49495,34529
49496,34530
49497,34531
49498,34532
49499,34533
49500,34534
49501,34535
49502,34536
49503,34537
49504,34538
49505,34539
49506,34540
49507,34541
49508,34542
49509,34543
49510,34544
49511,34545
49512,34546
49513,34547
49514,34548
49515,34549
49516,34550
49517,34551
49518,34552
49519,34553
49520,34554
49521,34555
49522,34556
49523,34557
49524,34558
49525,34559
49526,34560
49527,34561
49528,34562
49529,34563
49530,34564
49531,34565
49532,34566
49533,34567
49534,34568
49535,34569
49536,34570
49537,34571
49538,34572
49539,34573
49540,34574
49541,34575
49542,34576
49543,34577
49544,34578
49545,34579
49546,34580
49547,34581
49548,34582
49549,34583
49550,34584
49551,34585
49552,34586
49553,34587
49554,34588
49555,34589
49556,34590
49557,34591
49558,34592
49559,34593
49560,34594
49561,34595
49562,34596
49563,34597
49564,34598
49565,34599
49566,34600
49567,34601
49568,34602
49569,34603
49570,34604
49571,34605
49572,34606
49573,34607
49574,34608
49575,34609
49576,34610
49577,34611
49578,34612
49579,34613
49580,34614
49581,34615
49582,34616
49583,34617
49584,34618
49585,34619
49586,34620
49587,34621
49588,34622
49589,34623
49590,34624
49591,34625
49592,34626
49593,34627
49594,34628
49595,34629
49596,34630
49597,34631
49598,34632
49599,34633
49600,34634
49601,34635
49602,34636
49603,34637
49604,34638
49605,34639
49606,34640
49607,34641
49608,34642
49609,34643
49610,34644
49611,34645
49612,34646
49613,34647
49614,34648
49615,34649
49616,34650
49617,34651
49618,34652
49619,34653
49620,34654
49621,34655
49622,34656
49623,34657
49624,34658
49625,34659
49626,34660
49627,34661
49628,34662
49629,34663
49630,34664
49631,34665
49632,34666
49633,34667
49634,34668
49635,34669
49636,34670
49637,34671
49638,34672
49639,34673
49640,34674
49641,34675
49642,34676
49643,34677
49644,34678
49645,34679
49646,34680
49647,34681
49648,34682
49649,34683
49650,34684
49651,34685
49652,34686
49653,34687
49654,34688
49655,34689
49656,34690
49657,34691
49658,34692
49659,34693
49660,34694
49661,34695
49662,34696
49663,34697
49664,34698
49665,34699
49666,34700
49667,34701
49668,34702
49669,34703
49670,34704
49671,34705
49672,34706
49673,34707
49674,34708
49675,34709
49676,34710
49677,34711
49678,34712
49679,34713
49680,34714
49681,34715
49682,34716
49683,34717
49684,34718
49685,34719
49686,34720
49687,34721
49688,34722
49689,34723
49690,34724
49691,34725
49692,34726
49693,34727
49694,34728
49695,34729
49696,34730
49697,34731
49698,34732
49699,34733
49700,34734
49701,34735
49702,34736
49703,34737
49704,34738
49705,34739
49706,34740
49707,34741
49708,34742
49709,34743
49710,34744
49711,34745
49712,34746
49713,34747
49714,34748
49715,34749
49716,34750
49717,34751
49718,34752
49719,34753
49720,34754
49721,34755
49722,34756
49723,34757
49724,34758
49725,34759
49726,34760
49727,34761
49728,34762
49729,34763
49730,34764
49731,34765
49732,34766
49733,34767
49734,34768
49735,34769
49736,34770
49737,34771
49738,34772
49739,34773
49740,34774
49741,34775
49742,34776
49743,34777
49744,34778
49745,34779
49746,34780
49747,34781
49748,34782
49749,34783
49750,34784
49751,34785
49752,34786
49753,34787
49754,34788
49755,34789
49756,34790
49757,34791
49758,34792
49759,34793
49760,34794
49761,34795
49762,34796
49763,34797
49764,34798
49765,34799
49766,34800
49767,34801
49768,34802
49769,34803
49770,34804
49771,34805
49772,34806
49773,34807
49774,34808
49775,34809
49776,34810
49777,34811
49778,34812
49779,34813
49780,34814
49781,34815
49782,34816
49783,34817
49784,34818
49785,34819
49786,34820
49787,34821
49788,34822
49789,34823
49790,34824
49791,34825
49792,34826
49793,34827
49794,34828
49795,34829
49796,34830
49797,34831
49798,34832
49799,34833
49800,34834
49801,34835
49802,34836
49803,34837
49804,34838
49805,34839
49806,34840
49807,34841
49808,34842
49809,34843
49810,34844
49811,34845
49812,34846
49813,34847
49814,34848
49815,34849
49816,34850
49817,34851
49818,34852
49819,34853
49820,34854
49821,34855
49822,34856
49823,34857
49824,34858
49825,34859
49826,34860
49827,34861
49828,34862
49829,34863
49830,34864
49831,34865
49832,34866
49833,34867
49834,34868
49835,34869
49836,34870
49837,34871
49838,34872
49839,34873
49840,34874
49841,34875
49842,34876
49843,34877
49844,34878
49845,34879
49846,34880
49847,34881
49848,34882
49849,34883
49850,34884
49851,34885
49852,34886
49853,34887
49854,34888
49855,34889
49856,34890
49857,34891
49858,34892
49859,34893
49860,34894
49861,34895
49862,34896
49863,34897
49864,34898
49865,34899
49866,34900
49867,34901
49868,34902
49869,34903
49870,34904
49871,34905
49872,34906
49873,34907
49874,34908
49875,34909
49876,34910
49877,34911
49878,34912
49879,34913
49880,34914
49881,34915
49882,34916
49883,34917
49884,34918
49885,34919
49886,34920
49887,34921
49888,34922
49889,34923
49890,34924
49891,34925
49892,34926
49893,34927
49894,34928
49895,34929
49896,34930
49897,34931
49898,34932
49899,34933
49900,34934
49901,34935
49902,34936
49903,34937
49904,34938
49905,34939
49906,34940
49907,34941
49908,34942
49909,34943
49910,34944
49911,34945
49912,34946
49913,34947
49914,34948
49915,34949
49916,34950
49917,34951
49918,34952
49919,34953
49920,34954
49921,34955
49922,34956
49923,34957
49924,34958
49925,34959
49926,34960
49927,34961
49928,34962
49929,34963
49930,34964
49931,34965
49932,34966
49933,34967
49934,34968
49935,34969
49936,34970
49937,34971
49938,34972
49939,34973
49940,34974
49941,34975
49942,34976
49943,34977
49944,34978
49945,34979
49946,34980
49947,34981
49948,34982
49949,34983
49950,34984
49951,34985
49952,34986
49953,34987
49954,34988
49955,34989
49956,34990
49957,34991
49958,34992
49959,34993
49960,34994
49961,34995
49962,34996
49963,34997
49964,34998
49965,34999
49966,35000
49967,35001
49968,35002
49969,35003
49970,35004
49971,35005
49972,35006
49973,35007
49974,35008
49975,35009
49976,35010
49977,35011
49978,35012
49979,35013
49980,35014
49981,35015
49982,35016
49983,35017
49984,35018
49985,35019
49986,35020
49987,35021
49988,35022
49989,35023
49990,35024
49991,35025
49992,35026
49993,35027
49994,35028
49995,35029
49996,35030
49997,35031
49998,35032
49999,35033
50000,35034
50001,35035
50002,35036
50003,35037
50004,35038
50005,35039
50006,35040
50007,35041
50008,35042
50009,35043
50010,35044
50011,35045
50012,35046
50013,35047
50014,35048
50015,35049
50016,35050
50017,35051
50018,35052
50019,35053
50020,35054
50021,35055
50022,35056
50023,35057
50024,35058
50025,35059
50026,35060
50027,35061
50028,35062
50029,35063
50030,35064
50031,35065
50032,35066
50033,35067
50034,35068
50035,35069
50036,35070
50037,35071
50038,35072
50039,35073
50040,35074
50041,35075
50042,35076
50043,35077
50044,35078
50045,35079
50046,35080
50047,35081
50048,35082
50049,35083
50050,35084
50051,35085
50052,35086
50053,35087
50054,35088
50055,35089
50056,35090
50057,35091
50058,35092
50059,35093
50060,35094
50061,35095
50062,35096
50063,35097
50064,35098
50065,35099
50066,35100
50067,35101
50068,35102
50069,35103
50070,35104
50071,35105
50072,35106
50073,35107
50074,35108
50075,35109
50076,35110
50077,35111
50078,35112
50079,35113
50080,35114
50081,35115
50082,35116
50083,35117
50084,35118
50085,35119
50086,35120
50087,35121
50088,35122
50089,35123
50090,35124
50091,35125
50092,35126
50093,35127
50094,35128
50095,35129
50096,35130
50097,35131
50098,35132
50099,35133
50100,35134
50101,35135
50102,35136
50103,35137
50104,35138
50105,35139
50106,35140
50107,35141
50108,35142
50109,35143
50110,35144
50111,35145
50112,35146
50113,35147
50114,35148
50115,35149
50116,35150
50117,35151
50118,35152
50119,35153
50120,35154
50121,35155
50122,35156
50123,35157
50124,35158
50125,35159
50126,35160
50127,35161
50128,35162
50129,35163
50130,35164
50131,35165
50132,35166
50133,35167
50134,35168
50135,35169
50136,35170
50137,35171
50138,35172
50139,35173
50140,35174
50141,35175
50142,35176
50143,35177
50144,35178
50145,35179
50146,35180
50147,35181
50148,35182
50149,35183
50150,35184
50151,35185
50152,35186
50153,35187
50154,35188
50155,35189
50156,35190
50157,35191
50158,35192
50159,35193
50160,35194
50161,35195
50162,35196
50163,35197
50164,35198
50165,35199
50166,35200
50167,35201
50168,35202
50169,35203
50170,35204
50171,35205
50172,35206
50173,35207
50174,35208
50175,35209
50176,35210
50177,35211
50178,35212
50179,35213
50180,35214
50181,35215
50182,35216
50183,35217
50184,35218
50185,35219
50186,35220
50187,35221
50188,35222
50189,35223
50190,35224
50191,35225
50192,35226
50193,35227
50194,35228
50195,35229
50196,35230
50197,35231
50198,35232
50199,35233
50200,35234
50201,35235
50202,35236
50203,35237
50204,35238
50205,35239
50206,35240
50207,35241
50208,35242
50209,35243
50210,35244
50211,35245
50212,35246
50213,35247
50214,35248
50215,35249
50216,35250
50217,35251
50218,35252
50219,35253
50220,35254
50221,35255
50222,35256
50223,35257
50224,35258
50225,35259
50226,35260
50227,35261
50228,35262
50229,35263
50230,35264
50231,35265
50232,35266
50233,35267
50234,35268
50235,35269
50236,35270
50237,35271
50238,35272
50239,35273
50240,35274
50241,35275
50242,35276
50243,35277
50244,35278
50245,35279
50246,35280
50247,35281
50248,35282
50249,35283
50250,35284
50251,35285
50252,35286
50253,35287
50254,35288
50255,35289
50256,35290
50257,35291
50258,35292
50259,35293
50260,35294
50261,35295
50262,35296
50263,35297
50264,35298
50265,35299
50266,35300
50267,35301
50268,35302
50269,35303
50270,35304
50271,35305
50272,35306
50273,35307
50274,35308
50275,35309
50276,35310
50277,35311
50278,35312
50279,35313
50280,35314
50281,35315
50282,35316
50283,35317
50284,35318
50285,35319
50286,35320
50287,35321
50288,35322
50289,35323
50290,35324
50291,35325
50292,35326
50293,35327
50294,35328
50295,35329
50296,35330
50297,35331
50298,35332
50299,35333
50300,35334
50301,35335
50302,35336
50303,35337
50304,35338
50305,35339
50306,35340
50307,35341
50308,35342
50309,35343
50310,35344
50311,35345
50312,35346
50313,35347
50314,35348
50315,35349
50316,35350
50317,35351
50318,35352
50319,35353
50320,35354
50321,35355
50322,35356
50323,35357
50324,35358
50325,35359
50326,35360
50327,35361
50328,35362
50329,35363
50330,35364
50331,35365
50332,35366
50333,35367
50334,35368
50335,35369
50336,35370
50337,35371
50338,35372
50339,35373
50340,35374
50341,35375
50342,35376
50343,35377
50344,35378
50345,35379
50346,35380
50347,35381
50348,35382
50349,35383
50350,35384
50351,35385
50352,35386
50353,35387
50354,35388
50355,35389
50356,35390
50357,35391
50358,35392
50359,35393
50360,35394
50361,35395
50362,35396
50363,35397
50364,35398
50365,35399
50366,35400
50367,35401
50368,35402
50369,35403
50370,35404
50371,35405
50372,35406
50373,35407
50374,35408
50375,35409
50376,35410
50377,35411
50378,35412
50379,35413
50380,35414
50381,35415
50382,35416
50383,35417
50384,35418
50385,35419
50386,35420
50387,35421
50388,35422
50389,35423
50390,35424
50391,35425
50392,35426
50393,35427
50394,35428
50395,35429
50396,35430
50397,35431
50398,35432
50399,35433
50400,35434
50401,35435
50402,35436
50403,35437
50404,35438
50405,35439
50406,35440
50407,35441
50408,35442
50409,35443
50410,35444
50411,35445
50412,35446
50413,35447
50414,35448
50415,35449
50416,35450
50417,35451
50418,35452
50419,35453
50420,35454
50421,35455
50422,35456
50423,35457
50424,35458
50425,35459
50426,35460
50427,35461
50428,35462
50429,35463
50430,35464
50431,35465
50432,35466
50433,35467
50434,35468
50435,35469
50436,35470
50437,35471
50438,35472
50439,35473
50440,35474
50441,35475
50442,35476
50443,35477
50444,35478
50445,35479
50446,35480
50447,35481
50448,35482
50449,35483
50450,35484
50451,35485
50452,35486
50453,35487
50454,35488
50455,35489
50456,35490
50457,35491
50458,35492
50459,35493
50460,35494
50461,35495
50462,35496
50463,35497
50464,35498
50465,35499
50466,35500
50467,35501
50468,35502
50469,35503
50470,35504
50471,35505
50472,35506
50473,35507
50474,35508
50475,35509
50476,35510
50477,35511
50478,35512
50479,35513
50480,35514
50481,35515
50482,35516
50483,35517
50484,35518
50485,35519
50486,35520
50487,35521
50488,35522
50489,35523
50490,35524
50491,35525
50492,35526
50493,35527
50494,35528
50495,35529
50496,35530
50497,35531
50498,35532
50499,35533
50500,35534
50501,35535
50502,35536
50503,35537
50504,35538
50505,35539
50506,35540
50507,35541
50508,35542
50509,35543
50510,35544
50511,35545
50512,35546
50513,35547
50514,35548
50515,35549
50516,35550
50517,35551
50518,35552
50519,35553
50520,35554
50521,35555
50522,35556
50523,35557
50524,35558
50525,35559
50526,35560
50527,35561
50528,35562
50529,35563
50530,35564
50531,35565
50532,35566
50533,35567
50534,35568
50535,35569
50536,35570
50537,35571
50538,35572
50539,35573
50540,35574
50541,35575
50542,35576
50543,35577
50544,35578
50545,35579
50546,35580
50547,35581
50548,35582
50549,35583
50550,35584
50551,35585
50552,35586
50553,35587
50554,35588
50555,35589
50556,35590
50557,35591
50558,35592
50559,35593
50560,35594
50561,35595
50562,35596
50563,35597
50564,35598
50565,35599
50566,35600
50567,35601
50568,35602
50569,35603
50570,35604
50571,35605
50572,35606
50573,35607
50574,35608
50575,35609
50576,35610
50577,35611
50578,35612
50579,35613
50580,35614
50581,35615
50582,35616
50583,35617
50584,35618
50585,35619
50586,35620
50587,35621
50588,35622
50589,35623
50590,35624
50591,35625
50592,35626
50593,35627
50594,35628
50595,35629
50596,35630
50597,35631
50598,35632
50599,35633
50600,35634
50601,35635
50602,35636
50603,35637
50604,35638
50605,35639
50606,35640
50607,35641
50608,35642
50609,35643
50610,35644
50611,35645
50612,35646
50613,35647
50614,35648
50615,35649
50616,35650
50617,35651
50618,35652
50619,35653
50620,35654
50621,35655
50622,35656
50623,35657
50624,35658
50625,35659
50626,35660
50627,35661
50628,35662
50629,35663
50630,35664
50631,35665
50632,35666
50633,35667
50634,35668
50635,35669
50636,35670
50637,35671
50638,35672
50639,35673
50640,35674
50641,35675
50642,35676
50643,35677
50644,35678
50645,35679
50646,35680
50647,35681
50648,35682
50649,35683
50650,35684
50651,35685
50652,35686
50653,35687
50654,35688
50655,35689
50656,35690
50657,35691
50658,35692
50659,35693
50660,35694
50661,35695
50662,35696
50663,35697
50664,35698
50665,35699
50666,35700
50667,35701
50668,35702
50669,35703
50670,35704
50671,35705
50672,35706
50673,35707
50674,35708
50675,35709
50676,35710
50677,35711
50678,35712
50679,35713
50680,35714
50681,35715
50682,35716
50683,35717
50684,35718
50685,35719
50686,35720
50687,35721
50688,35722
50689,35723
50690,35724
50691,35725
50692,35726
50693,35727
50694,35728
50695,35729
50696,35730
50697,35731
50698,35732
50699,35733
50700,35734
50701,35735
50702,35736
50703,35737
50704,35738
50705,35739
50706,35740
50707,35741
50708,35742
50709,35743
50710,35744
50711,35745
50712,35746
50713,35747
50714,35748
50715,35749
50716,35750
50717,35751
50718,35752
50719,35753
50720,35754
50721,35755
50722,35756
50723,35757
50724,35758
50725,35759
50726,35760
50727,35761
50728,35762
50729,35763
50730,35764
50731,35765
50732,35766
50733,35767
50734,35768
50735,35769
50736,35770
50737,35771
50738,35772
50739,35773
50740,35774
50741,35775
50742,35776
50743,35777
50744,35778
50745,35779
50746,35780
50747,35781
50748,35782
50749,35783
50750,35784
50751,35785
50752,35786
50753,35787
50754,35788
50755,35789
50756,35790
50757,35791
50758,35792
50759,35793
50760,35794
50761,35795
50762,35796
50763,35797
50764,35798
50765,35799
50766,35800
50767,35801
50768,35802
50769,35803
50770,35804
50771,35805
50772,35806
50773,35807
50774,35808
50775,35809
50776,35810
50777,35811
50778,35812
50779,35813
50780,35814
50781,35815
50782,35816
50783,35817
50784,35818
50785,35819
50786,35820
50787,35821
50788,35822
50789,35823
50790,35824
50791,35825
50792,35826
50793,35827
50794,35828
50795,35829
50796,35830
50797,35831
50798,35832
50799,35833
50800,35834
50801,35835
50802,35836
50803,35837
50804,35838
50805,35839
50806,35840
50807,35841
50808,35842
50809,35843
50810,35844
50811,35845
50812,35846
50813,35847
50814,35848
50815,35849
50816,35850
50817,35851
50818,35852
50819,35853
50820,35854
50821,35855
50822,35856
50823,35857
50824,35858
50825,35859
50826,35860
50827,35861
50828,35862
50829,35863
50830,35864
50831,35865
50832,35866
50833,35867
50834,35868
50835,35869
50836,35870
50837,35871
50838,35872
50839,35873
50840,35874
50841,35875
50842,35876
50843,35877
50844,35878
50845,35879
50846,35880
50847,35881
50848,35882
50849,35883
50850,35884
50851,35885
50852,35886
50853,35887
50854,35888
50855,35889
50856,35890
50857,35891
50858,35892
50859,35893
50860,35894
50861,35895
50862,35896
50863,35897
50864,35898
50865,35899
50866,35900
50867,35901
50868,35902
50869,35903
50870,35904
50871,35905
50872,35906
50873,35907
50874,35908
50875,35909
50876,35910
50877,35911
50878,35912
50879,35913
50880,35914
50881,35915
50882,35916
50883,35917
50884,35918
50885,35919
50886,35920
50887,35921
50888,35922
50889,35923
50890,35924
50891,35925
50892,35926
50893,35927
50894,35928
50895,35929
50896,35930
50897,35931
50898,35932
50899,35933
50900,35934
50901,35935
50902,35936
50903,35937
50904,35938
50905,35939
50906,35940
50907,35941
50908,35942
50909,35943
50910,35944
50911,35945
50912,35946
50913,35947
50914,35948
50915,35949
50916,35950
50917,35951
50918,35952
50919,35953
50920,35954
50921,35955
50922,35956
50923,35957
50924,35958
50925,35959
50926,35960
50927,35961
50928,35962
50929,35963
50930,35964
50931,35965
50932,35966
50933,35967
50934,35968
50935,35969
50936,35970
50937,35971
50938,35972
50939,35973
50940,35974
50941,35975
50942,35976
50943,35977
50944,35978
50945,35979
50946,35980
50947,35981
50948,35982
50949,35983
50950,35984
50951,35985
50952,35986
50953,35987
50954,35988
50955,35989
50956,35990
50957,35991
50958,35992
50959,35993
50960,35994
50961,35995
50962,35996
50963,35997
50964,35998
50965,35999
50966,36000
50967,36001
50968,36002
50969,36003
50970,36004
50971,36005
50972,36006
50973,36007
50974,36008
50975,36009
50976,36010
50977,36011
50978,36012
50979,36013
50980,36014
50981,36015
50982,36016
50983,36017
50984,36018
50985,36019
50986,36020
50987,36021
50988,36022
50989,36023
50990,36024
50991,36025
50992,36026
50993,36027
50994,36028
50995,36029
50996,36030
50997,36031
50998,36032
50999,36033
51000,36034
51001,36035
51002,36036
51003,36037
51004,36038
51005,36039
51006,36040
51007,36041
51008,36042
51009,36043
51010,36044
51011,36045
51012,36046
51013,36047
51014,36048
51015,36049
51016,36050
51017,36051
51018,36052
51019,36053
51020,36054
51021,36055
51022,36056
51023,36057
51024,36058
51025,36059
51026,36060
51027,36061
51028,36062
51029,36063
51030,36064
51031,36065
51032,36066
51033,36067
51034,36068
51035,36069
51036,36070
51037,36071
51038,36072
51039,36073
51040,36074
51041,36075
51042,36076
51043,36077
51044,36078
51045,36079
51046,36080
51047,36081
51048,36082
51049,36083
51050,36084
51051,36085
51052,36086
51053,36087
51054,36088
51055,36089
51056,36090
51057,36091
51058,36092
51059,36093
51060,36094
51061,36095
51062,36096
51063,36097
51064,36098
51065,36099
51066,36100
51067,36101
51068,36102
51069,36103
51070,36104
51071,36105
51072,36106
51073,36107
51074,36108
51075,36109
51076,36110
51077,36111
51078,36112
51079,36113
51080,36114
51081,36115
51082,36116
51083,36117
51084,36118
51085,36119
51086,36120
51087,36121
51088,36122
51089,36123
51090,36124
51091,36125
51092,36126
51093,36127
51094,36128
51095,36129
51096,36130
51097,36131
51098,36132
51099,36133
51100,36134
51101,36135
51102,36136
51103,36137
51104,36138
51105,36139
51106,36140
51107,36141
51108,36142
51109,36143
51110,36144
51111,36145
51112,36146
51113,36147
51114,36148
51115,36149
51116,36150
51117,36151
51118,36152
51119,36153
51120,36154
51121,36155
51122,36156
51123,36157
51124,36158
51125,36159
51126,36160
51127,36161
51128,36162
51129,36163
51130,36164
51131,36165
51132,36166
51133,36167
51134,36168
51135,36169
51136,36170
51137,36171
51138,36172
51139,36173
51140,36174
51141,36175
51142,36176
51143,36177
51144,36178
51145,36179
51146,36180
51147,36181
51148,36182
51149,36183
51150,36184
51151,36185
51152,36186
51153,36187
51154,36188
51155,36189
51156,36190
51157,36191
51158,36192
51159,36193
51160,36194
51161,36195
51162,36196
51163,36197
51164,36198
51165,36199
51166,36200
51167,36201
51168,36202
51169,36203
51170,36204
51171,36205
51172,36206
51173,36207
51174,36208
51175,36209
51176,36210
51177,36211
51178,36212
51179,36213
51180,36214
51181,36215
51182,36216
51183,36217
51184,36218
51185,36219
51186,36220
51187,36221
51188,36222
51189,36223
51190,36224
51191,36225
51192,36226
51193,36227
51194,36228
51195,36229
51196,36230
51197,36231
51198,36232
51199,36233
51200,36234
51201,36235
51202,36236
51203,36237
51204,36238
51205,36239
51206,36240
51207,36241
51208,36242
51209,36243
51210,36244
51211,36245
51212,36246
51213,36247
51214,36248
51215,36249
51216,36250
51217,36251
51218,36252
51219,36253
51220,36254
51221,36255
51222,36256
51223,36257
51224,36258
51225,36259
51226,36260
51227,36261
51228,36262
51229,36263
51230,36264
51231,36265
51232,36266
51233,36267
51234,36268
51235,36269
51236,36270
51237,36271
51238,36272
51239,36273
51240,36274
51241,36275
51242,36276
51243,36277
51244,36278
51245,36279
51246,36280
51247,36281
51248,36282
51249,36283
51250,36284
51251,36285
51252,36286
51253,36287
51254,36288
51255,36289
51256,36290
51257,36291
51258,36292
51259,36293
51260,36294
51261,36295
51262,36296
51263,36297
51264,36298
51265,36299
51266,36300
51267,36301
51268,36302
51269,36303
51270,36304
51271,36305
51272,36306
51273,36307
51274,36308
51275,36309
51276,36310
51277,36311
51278,36312
51279,36313
51280,36314
51281,36315
51282,36316
51283,36317
51284,36318
51285,36319
51286,36320
51287,36321
51288,36322
51289,36323
51290,36324
51291,36325
51292,36326
51293,36327
51294,36328
51295,36329
51296,36330
51297,36331
51298,36332
51299,36333
51300,36334
51301,36335
51302,36336
51303,36337
51304,36338
51305,36339
51306,36340
51307,36341
51308,36342
51309,36343
51310,36344
51311,36345
51312,36346
51313,36347
51314,36348
51315,36349
51316,36350
51317,36351
51318,36352
51319,36353
51320,36354
51321,36355
51322,36356
51323,36357
51324,36358
51325,36359
51326,36360
51327,36361
51328,36362
51329,36363
51330,36364
51331,36365
51332,36366
51333,36367
51334,36368
51335,36369
51336,36370
51337,36371
51338,36372
51339,36373
51340,36374
51341,36375
51342,36376
51343,36377
51344,36378
51345,36379
51346,36380
51347,36381
51348,36382
51349,36383
51350,36384
51351,36385
51352,36386
51353,36387
51354,36388
51355,36389
51356,36390
51357,36391
51358,36392
51359,36393
51360,36394
51361,36395
51362,36396
51363,36397
51364,36398
51365,36399
51366,36400
51367,36401
51368,36402
51369,36403
51370,36404
51371,36405
51372,36406
51373,36407
51374,36408
51375,36409
51376,36410
51377,36411
51378,36412
51379,36413
51380,36414
51381,36415
51382,36416
51383,36417
51384,36418
51385,36419
51386,36420
51387,36421
51388,36422
51389,36423
51390,36424
51391,36425
51392,36426
51393,36427
51394,36428
51395,36429
51396,36430
51397,36431
51398,36432
51399,36433
51400,36434
51401,36435
51402,36436
51403,36437
51404,36438
51405,36439
51406,36440
51407,36441
51408,36442
51409,36443
51410,36444
51411,36445
51412,36446
51413,36447
51414,36448
51415,36449
51416,36450
51417,36451
51418,36452
51419,36453
51420,36454
51421,36455
51422,36456
51423,36457
51424,36458
51425,36459
51426,36460
51427,36461
51428,36462
51429,36463
51430,36464
51431,36465
51432,36466
51433,36467
51434,36468
51435,36469
51436,36470
51437,36471
51438,36472
51439,36473
51440,36474
51441,36475
51442,36476
51443,36477
51444,36478
51445,36479
51446,36480
51447,36481
51448,36482
51449,36483
51450,36484
51451,36485
51452,36486
51453,36487
51454,36488
51455,36489
51456,36490
51457,36491
51458,36492
51459,36493
51460,36494
51461,36495
51462,36496
51463,36497
51464,36498
51465,36499
51466,36500
51467,36501
51468,36502
51469,36503
51470,36504
51471,36505
51472,36506
51473,36507
51474,36508
51475,36509
51476,36510
51477,36511
51478,36512
51479,36513
51480,36514
51481,36515
51482,36516
51483,36517
51484,36518
51485,36519
51486,36520
51487,36521
51488,36522
51489,36523
51490,36524
51491,36525
51492,36526
51493,36527
51494,36528
51495,36529
51496,36530
51497,36531
51498,36532
51499,36533
51500,36534
51501,36535
51502,36536
51503,36537
51504,36538
51505,36539
51506,36540
51507,36541
51508,36542
51509,36543
51510,36544
51511,36545
51512,36546
51513,36547
51514,36548
51515,36549
51516,36550
51517,36551
51518,36552
51519,36553
51520,36554
51521,36555
51522,36556
51523,36557
51524,36558
51525,36559
51526,36560
51527,36561
51528,36562
51529,36563
51530,36564
51531,36565
51532,36566
51533,36567
51534,36568
51535,36569
51536,36570
51537,36571
51538,36572
51539,36573
51540,36574
51541,36575
51542,36576
51543,36577
51544,36578
51545,36579
51546,36580
51547,36581
51548,36582
51549,36583
51550,36584
51551,36585
51552,36586
51553,36587
51554,36588
51555,36589
51556,36590
51557,36591
51558,36592
51559,36593
51560,36594
51561,36595
51562,36596
51563,36597
51564,36598
51565,36599
51566,36600
51567,36601
51568,36602
51569,36603
51570,36604
51571,36605
51572,36606
51573,36607
51574,36608
51575,36609
51576,36610
51577,36611
51578,36612
51579,36613
51580,36614
51581,36615
51582,36616
51583,36617
51584,36618
51585,36619
51586,36620
51587,36621
51588,36622
51589,36623
51590,36624
51591,36625
51592,36626
51593,36627
51594,36628
51595,36629
51596,36630
51597,36631
51598,36632
51599,36633
51600,36634
51601,36635
51602,36636
51603,36637
51604,36638
51605,36639
51606,36640
51607,36641
51608,36642
51609,36643
51610,36644
51611,36645
51612,36646
51613,36647
51614,36648
51615,36649
51616,36650
51617,36651
51618,36652
51619,36653
51620,36654
51621,36655
51622,36656
51623,36657
51624,36658
51625,36659
51626,36660
51627,36661
51628,36662
51629,36663
51630,36664
51631,36665
51632,36666
51633,36667
51634,36668
51635,36669
51636,36670
51637,36671
51638,36672
51639,36673
51640,36674
51641,36675
51642,36676
51643,36677
51644,36678
51645,36679
51646,36680
51647,36681
51648,36682
51649,36683
51650,36684
51651,36685
51652,36686
51653,36687
51654,36688
51655,36689
51656,36690
51657,36691
51658,36692
51659,36693
51660,36694
51661,36695
51662,36696
51663,36697
51664,36698
51665,36699
51666,36700
51667,36701
51668,36702
51669,36703
51670,36704
51671,36705
51672,36706
51673,36707
51674,36708
51675,36709
51676,36710
51677,36711
51678,36712
51679,36713
51680,36714
51681,36715
51682,36716
51683,36717
51684,36718
51685,36719
51686,36720
51687,36721
51688,36722
51689,36723
51690,36724
51691,36725
51692,36726
51693,36727
51694,36728
51695,36729
51696,36730
51697,36731
51698,36732
51699,36733
51700,36734
51701,36735
51702,36736
51703,36737
51704,36738
51705,36739
51706,36740
51707,36741
51708,36742
51709,36743
51710,36744
51711,36745
51712,36746
51713,36747
51714,36748
51715,36749
51716,36750
51717,36751
51718,36752
51719,36753
51720,36754
51721,36755
51722,36756
51723,36757
51724,36758
51725,36759
51726,36760
51727,36761
51728,36762
51729,36763
51730,36764
51731,36765
51732,36766
51733,36767
51734,36768
51735,36769
51736,36770
51737,36771
51738,36772
51739,36773
51740,36774
51741,36775
51742,36776
51743,36777
51744,36778
51745,36779
51746,36780
51747,36781
51748,36782
51749,36783
51750,36784
51751,36785
51752,36786
51753,36787
51754,36788
51755,36789
51756,36790
51757,36791
51758,36792
51759,36793
51760,36794
51761,36795
51762,36796
51763,36797
51764,36798
51765,36799
51766,36800
51767,36801
51768,36802
51769,36803
51770,36804
51771,36805
51772,36806
51773,36807
51774,36808
51775,36809
51776,36810
51777,36811
51778,36812
51779,36813
51780,36814
51781,36815
51782,36816
51783,36817
51784,36818
51785,36819
51786,36820
51787,36821
51788,36822
51789,36823
51790,36824
51791,36825
51792,36826
51793,36827
51794,36828
51795,36829
51796,36830
51797,36831
51798,36832
51799,36833
51800,36834
51801,36835
51802,36836
51803,36837
51804,36838
51805,36839
51806,36840
51807,36841
51808,36842
51809,36843
51810,36844
51811,36845
51812,36846
51813,36847
51814,36848
51815,36849
51816,36850
51817,36851
51818,36852
51819,36853
51820,36854
51821,36855
51822,36856
51823,36857
51824,36858
51825,36859
51826,36860
51827,36861
51828,36862
51829,36863
51830,36864
51831,36865
51832,36866
51833,36867
51834,36868
51835,36869
51836,36870
51837,36871
51838,36872
51839,36873
51840,36874
51841,36875
51842,36876
51843,36877
51844,36878
51845,36879
51846,36880
51847,36881
51848,36882
51849,36883
51850,36884
51851,36885
51852,36886
51853,36887
51854,36888
51855,36889
51856,36890
51857,36891
51858,36892
51859,36893
51860,36894
51861,36895
51862,36896
51863,36897
51864,36898
51865,36899
51866,36900
51867,36901
51868,36902
51869,36903
51870,36904
51871,36905
51872,36906
51873,36907
51874,36908
51875,36909
51876,36910
51877,36911
51878,36912
51879,36913
51880,36914
51881,36915
51882,36916
51883,36917
51884,36918
51885,36919
51886,36920
51887,36921
51888,36922
51889,36923
51890,36924
51891,36925
51892,36926
51893,36927
51894,36928
51895,36929
51896,36930
51897,36931
51898,36932
51899,36933
51900,36934
51901,36935
51902,36936
51903,36937
51904,36938
51905,36939
51906,36940
51907,36941
51908,36942
51909,36943
51910,36944
51911,36945
51912,36946
51913,36947
51914,36948
51915,36949
51916,36950
51917,36951
51918,36952
51919,36953
51920,36954
51921,36955
51922,36956
51923,36957
51924,36958
51925,36959
51926,36960
51927,36961
51928,36962
51929,36963
51930,36964
51931,36965
51932,36966
51933,36967
51934,36968
51935,36969
51936,36970
51937,36971
51938,36972
51939,36973
51940,36974
51941,36975
51942,36976
51943,36977
51944,36978
51945,36979
51946,36980
51947,36981
51948,36982
51949,36983
51950,36984
51951,36985
51952,36986
51953,36987
51954,36988
51955,36989
51956,36990
51957,36991
51958,36992
51959,36993
51960,36994
51961,36995
51962,36996
51963,36997
51964,36998
51965,36999
51966,37000
51967,37001
51968,37002
51969,37003
51970,37004
51971,37005
51972,37006
51973,37007
51974,37008
51975,37009
51976,37010
51977,37011
51978,37012
51979,37013
51980,37014
51981,37015
51982,37016
51983,37017
51984,37018
51985,37019
51986,37020
51987,37021
51988,37022
51989,37023
51990,37024
51991,37025
51992,37026
51993,37027
51994,37028
51995,37029
51996,37030
51997,37031
51998,37032
51999,37033
52000,37034
52001,37035
52002,37036
52003,37037
52004,37038
52005,37039
52006,37040
52007,37041
52008,37042
52009,37043
52010,37044
52011,37045
52012,37046
52013,37047
52014,37048
52015,37049
52016,37050
52017,37051
52018,37052
52019,37053
52020,37054
52021,37055
52022,37056
52023,37057
52024,37058
52025,37059
52026,37060
52027,37061
52028,37062
52029,37063
52030,37064
52031,37065
52032,37066
52033,37067
52034,37068
52035,37069
52036,37070
52037,37071
52038,37072
52039,37073
52040,37074
52041,37075
52042,37076
52043,37077
52044,37078
52045,37079
52046,37080
52047,37081
52048,37082
52049,37083
52050,37084
52051,37085
52052,37086
52053,37087
52054,37088
52055,37089
52056,37090
52057,37091
52058,37092
52059,37093
52060,37094
52061,37095
52062,37096
52063,37097
52064,37098
52065,37099
52066,37100
52067,37101
52068,37102
52069,37103
52070,37104
52071,37105
52072,37106
52073,37107
52074,37108
52075,37109
52076,37110
52077,37111
52078,37112
52079,37113
52080,37114
52081,37115
52082,37116
52083,37117
52084,37118
52085,37119
52086,37120
52087,37121
52088,37122
52089,37123
52090,37124
52091,37125
52092,37126
52093,37127
52094,37128
52095,37129
52096,37130
52097,37131
52098,37132
52099,37133
52100,37134
52101,37135
52102,37136
52103,37137
52104,37138
52105,37139
52106,37140
52107,37141
52108,37142
52109,37143
52110,37144
52111,37145
52112,37146
52113,37147
52114,37148
52115,37149
52116,37150
52117,37151
52118,37152
52119,37153
52120,37154
52121,37155
52122,37156
52123,37157
52124,37158
52125,37159
52126,37160
52127,37161
52128,37162
52129,37163
52130,37164
52131,37165
52132,37166
52133,37167
52134,37168
52135,37169
52136,37170
52137,37171
52138,37172
52139,37173
52140,37174
52141,37175
52142,37176
52143,37177
52144,37178
52145,37179
52146,37180
52147,37181
52148,37182
52149,37183
52150,37184
52151,37185
52152,37186
52153,37187
52154,37188
52155,37189
52156,37190
52157,37191
52158,37192
52159,37193
52160,37194
52161,37195
52162,37196
52163,37197
52164,37198
52165,37199
52166,37200
52167,37201
52168,37202
52169,37203
52170,37204
52171,37205
52172,37206
52173,37207
52174,37208
52175,37209
52176,37210
52177,37211
52178,37212
52179,37213
52180,37214
52181,37215
52182,37216
52183,37217
52184,37218
52185,37219
52186,37220
52187,37221
52188,37222
52189,37223
52190,37224
52191,37225
52192,37226
52193,37227
52194,37228
52195,37229
52196,37230
52197,37231
52198,37232
52199,37233
52200,37234
52201,37235
52202,37236
52203,37237
52204,37238
52205,37239
52206,37240
52207,37241
52208,37242
52209,37243
52210,37244
52211,37245
52212,37246
52213,37247
52214,37248
52215,37249
52216,37250
52217,37251
52218,37252
52219,37253
52220,37254
52221,37255
52222,37256
52223,37257
52224,37258
52225,37259
52226,37260
52227,37261
52228,37262
52229,37263
52230,37264
52231,37265
52232,37266
52233,37267
52234,37268
52235,37269
52236,37270
52237,37271
52238,37272
52239,37273
52240,37274
52241,37275
52242,37276
52243,37277
52244,37278
52245,37279
52246,37280
52247,37281
52248,37282
52249,37283
52250,37284
52251,37285
52252,37286
52253,37287
52254,37288
52255,37289
52256,37290
52257,37291
52258,37292
52259,37293
52260,37294
52261,37295
52262,37296
52263,37297
52264,37298
52265,37299
52266,37300
52267,37301
52268,37302
52269,37303
52270,37304
52271,37305
52272,37306
52273,37307
52274,37308
52275,37309
52276,37310
52277,37311
52278,37312
52279,37313
52280,37314
52281,37315
52282,37316
52283,37317
52284,37318
52285,37319
52286,37320
52287,37321
52288,37322
52289,37323
52290,37324
52291,37325
52292,37326
52293,37327
52294,37328
52295,37329
52296,37330
52297,37331
52298,37332
52299,37333
52300,37334
52301,37335
52302,37336
52303,37337
52304,37338
52305,37339
52306,37340
52307,37341
52308,37342
52309,37343
52310,37344
52311,37345
52312,37346
52313,37347
52314,37348
52315,37349
52316,37350
52317,37351
52318,37352
52319,37353
52320,37354
52321,37355
52322,37356
52323,37357
52324,37358
52325,37359
52326,37360
52327,37361
52328,37362
52329,37363
52330,37364
52331,37365
52332,37366
52333,37367
52334,37368
52335,37369
52336,37370
52337,37371
52338,37372
52339,37373
52340,37374
52341,37375
52342,37376
52343,37377
52344,37378
52345,37379
52346,37380
52347,37381
52348,37382
52349,37383
52350,37384
52351,37385
52352,37386
52353,37387
52354,37388
52355,37389
52356,37390
52357,37391
52358,37392
52359,37393
52360,37394
52361,37395
52362,37396
52363,37397
52364,37398
52365,37399
52366,37400
52367,37401
52368,37402
52369,37403
52370,37404
52371,37405
52372,37406
52373,37407
52374,37408
52375,37409
52376,37410
52377,37411
52378,37412
52379,37413
52380,37414
52381,37415
52382,37416
52383,37417
52384,37418
52385,37419
52386,37420
52387,37421
52388,37422
52389,37423
52390,37424
52391,37425
52392,37426
52393,37427
52394,37428
52395,37429
52396,37430
52397,37431
52398,37432
52399,37433
52400,37434
52401,37435
52402,37436
52403,37437
52404,37438
52405,37439
52406,37440
52407,37441
52408,37442
52409,37443
52410,37444
52411,37445
52412,37446
52413,37447
52414,37448
52415,37449
52416,37450
52417,37451
52418,37452
52419,37453
52420,37454
52421,37455
52422,37456
52423,37457
52424,37458
52425,37459
52426,37460
52427,37461
52428,37462
52429,37463
52430,37464
52431,37465
52432,37466
52433,37467
52434,37468
52435,37469
52436,37470
52437,37471
52438,37472
52439,37473
52440,37474
52441,37475
52442,37476
52443,37477
52444,37478
52445,37479
52446,37480
52447,37481
52448,37482
52449,37483
52450,37484
52451,37485
52452,37486
52453,37487
52454,37488
52455,37489
52456,37490
52457,37491
52458,37492
52459,37493
52460,37494
52461,37495
52462,37496
52463,37497
52464,37498
52465,37499
52466,37500
52467,37501
52468,37502
52469,37503
52470,37504
52471,37505
52472,37506
52473,37507
52474,37508
52475,37509
52476,37510
52477,37511
52478,37512
52479,37513
52480,37514
52481,37515
52482,37516
52483,37517
52484,37518
52485,37519
52486,37520
52487,37521
52488,37522
52489,37523
52490,37524
52491,37525
52492,37526
52493,37527
52494,37528
52495,37529
52496,37530
52497,37531
52498,37532
52499,37533
52500,37534
52501,37535
52502,37536
52503,37537
52504,37538
52505,37539
52506,37540
52507,37541
52508,37542
52509,37543
52510,37544
52511,37545
52512,37546
52513,37547
52514,37548
52515,37549
52516,37550
52517,37551
52518,37552
52519,37553
52520,37554
52521,37555
52522,37556
52523,37557
52524,37558
52525,37559
52526,37560
52527,37561
52528,37562
52529,37563
52530,37564
52531,37565
52532,37566
52533,37567
52534,37568
52535,37569
52536,37570
52537,37571
52538,37572
52539,37573
52540,37574
52541,37575
52542,37576
52543,37577
52544,37578
52545,37579
52546,37580
52547,37581
52548,37582
52549,37583
52550,37584
52551,37585
52552,37586
52553,37587
52554,37588
52555,37589
52556,37590
52557,37591
52558,37592
52559,37593
52560,37594
52561,37595
52562,37596
52563,37597
52564,37598
52565,37599
52566,37600
52567,37601
52568,37602
52569,37603
52570,37604
52571,37605
52572,37606
52573,37607
52574,37608
52575,37609
52576,37610
52577,37611
52578,37612
52579,37613
52580,37614
52581,37615
52582,37616
52583,37617
52584,37618
52585,37619
52586,37620
52587,37621
52588,37622
52589,37623
52590,37624
52591,37625
52592,37626
52593,37627
52594,37628
52595,37629
52596,37630
52597,37631
52598,37632
52599,37633
52600,37634
52601,37635
52602,37636
52603,37637
52604,37638
52605,37639
52606,37640
52607,37641
52608,37642
52609,37643
52610,37644
52611,37645
52612,37646
52613,37647
52614,37648
52615,37649
52616,37650
52617,37651
52618,37652
52619,37653
52620,37654
52621,37655
52622,37656
52623,37657
52624,37658
52625,37659
52626,37660
52627,37661
52628,37662
52629,37663
52630,37664
52631,37665
52632,37666
52633,37667
52634,37668
52635,37669
52636,37670
52637,37671
52638,37672
52639,37673
52640,37674
52641,37675
52642,37676
52643,37677
52644,37678
52645,37679
52646,37680
52647,37681
52648,37682
52649,37683
52650,37684
52651,37685
52652,37686
52653,37687
52654,37688
52655,37689
52656,37690
52657,37691
52658,37692
52659,37693
52660,37694
52661,37695
52662,37696
52663,37697
52664,37698
52665,37699
52666,37700
52667,37701
52668,37702
52669,37703
52670,37704
52671,37705
52672,37706
52673,37707
52674,37708
52675,37709
52676,37710
52677,37711
52678,37712
52679,37713
52680,37714
52681,37715
52682,37716
52683,37717
52684,37718
52685,37719
52686,37720
52687,37721
52688,37722
52689,37723
52690,37724
52691,37725
52692,37726
52693,37727
52694,37728
52695,37729
52696,37730
52697,37731
52698,37732
52699,37733
52700,37734
52701,37735
52702,37736
52703,37737
52704,37738
52705,37739
52706,37740
52707,37741
52708,37742
52709,37743
52710,37744
52711,37745
52712,37746
52713,37747
52714,37748
52715,37749
52716,37750
52717,37751
52718,37752
52719,37753
52720,37754
52721,37755
52722,37756
52723,37757
52724,37758
52725,37759
52726,37760
52727,37761
52728,37762
52729,37763
52730,37764
52731,37765
52732,37766
52733,37767
52734,37768
52735,37769
52736,37770
52737,37771
52738,37772
52739,37773
52740,37774
52741,37775
52742,37776
52743,37777
52744,37778
52745,37779
52746,37780
52747,37781
52748,37782
52749,37783
52750,37784
52751,37785
52752,37786
52753,37787
52754,37788
52755,37789
52756,37790
52757,37791
52758,37792
52759,37793
52760,37794
52761,37795
52762,37796
52763,37797
52764,37798
52765,37799
52766,37800
52767,37801
52768,37802
52769,37803
52770,37804
52771,37805
52772,37806
52773,37807
52774,37808
52775,37809
52776,37810
52777,37811
52778,37812
52779,37813
52780,37814
52781,37815
52782,37816
52783,37817
52784,37818
52785,37819
52786,37820
52787,37821
52788,37822
52789,37823
52790,37824
52791,37825
52792,37826
52793,37827
52794,37828
52795,37829
52796,37830
52797,37831
52798,37832
52799,37833
52800,37834
52801,37835
52802,37836
52803,37837
52804,37838
52805,37839
52806,37840
52807,37841
52808,37842
52809,37843
52810,37844
52811,37845
52812,37846
52813,37847
52814,37848
52815,37849
52816,37850
52817,37851
52818,37852
52819,37853
52820,37854
52821,37855
52822,37856
52823,37857
52824,37858
52825,37859
52826,37860
52827,37861
52828,37862
52829,37863
52830,37864
52831,37865
52832,37866
52833,37867
52834,37868
52835,37869
52836,37870
52837,37871
52838,37872
52839,37873
52840,37874
52841,37875
52842,37876
52843,37877
52844,37878
52845,37879
52846,37880
52847,37881
52848,37882
52849,37883
52850,37884
52851,37885
52852,37886
52853,37887
52854,37888
52855,37889
52856,37890
52857,37891
52858,37892
52859,37893
52860,37894
52861,37895
52862,37896
52863,37897
52864,37898
52865,37899
52866,37900
52867,37901
52868,37902
52869,37903
52870,37904
52871,37905
52872,37906
52873,37907
52874,37908
52875,37909
52876,37910
52877,37911
52878,37912
52879,37913
52880,37914
52881,37915
52882,37916
52883,37917
52884,37918
52885,37919
52886,37920
52887,37921
52888,37922
52889,37923
52890,37924
52891,37925
52892,37926
52893,37927
52894,37928
52895,37929
52896,37930
52897,37931
52898,37932
52899,37933
52900,37934
52901,37935
52902,37936
52903,37937
52904,37938
52905,37939
52906,37940
52907,37941
52908,37942
52909,37943
52910,37944
52911,37945
52912,37946
52913,37947
52914,37948
52915,37949
52916,37950
52917,37951
52918,37952
52919,37953
52920,37954
52921,37955
52922,37956
52923,37957
52924,37958
52925,37959
52926,37960
52927,37961
52928,37962
52929,37963
52930,37964
52931,37965
52932,37966
52933,37967
52934,37968
52935,37969
52936,37970
52937,37971
52938,37972
52939,37973
52940,37974
52941,37975
52942,37976
52943,37977
52944,37978
52945,37979
52946,37980
52947,37981
52948,37982
52949,37983
52950,37984
52951,37985
52952,37986
52953,37987
52954,37988
52955,37989
52956,37990
52957,37991
52958,37992
52959,37993
52960,37994
52961,37995
52962,37996
52963,37997
52964,37998
52965,37999
52966,38000
52967,38001
52968,38002
52969,38003
52970,38004
52971,38005
52972,38006
52973,38007
52974,38008
52975,38009
52976,38010
52977,38011
52978,38012
52979,38013
52980,38014
52981,38015
52982,38016
52983,38017
52984,38018
52985,38019
52986,38020
52987,38021
52988,38022
52989,38023
52990,38024
52991,38025
52992,38026
52993,38027
52994,38028
52995,38029
52996,38030
52997,38031
52998,38032
52999,38033
53000,38034
53001,38035
53002,38036
53003,38037
53004,38038
53005,38039
53006,38040
53007,38041
53008,38042
53009,38043
53010,38044
53011,38045
53012,38046
53013,38047
53014,38048
53015,38049
53016,38050
53017,38051
53018,38052
53019,38053
53020,38054
53021,38055
53022,38056
53023,38057
53024,38058
53025,38059
53026,38060
53027,38061
53028,38062
53029,38063
53030,38064
53031,38065
53032,38066
53033,38067
53034,38068
53035,38069
53036,38070
53037,38071
53038,38072
53039,38073
53040,38074
53041,38075
53042,38076
53043,38077
53044,38078
53045,38079
53046,38080
53047,38081
53048,38082
53049,38083
53050,38084
53051,38085
53052,38086
53053,38087
53054,38088
53055,38089
53056,38090
53057,38091
53058,38092
53059,38093
53060,38094
53061,38095
53062,38096
53063,38097
53064,38098
53065,38099
53066,38100
53067,38101
53068,38102
53069,38103
53070,38104
53071,38105
53072,38106
53073,38107
53074,38108
53075,38109
53076,38110
53077,38111
53078,38112
53079,38113
53080,38114
53081,38115
53082,38116
53083,38117
53084,38118
53085,38119
53086,38120
53087,38121
53088,38122
53089,38123
53090,38124
53091,38125
53092,38126
53093,38127
53094,38128
53095,38129
53096,38130
53097,38131
53098,38132
53099,38133
53100,38134
53101,38135
53102,38136
53103,38137
53104,38138
53105,38139
53106,38140
53107,38141
53108,38142
53109,38143
53110,38144
53111,38145
53112,38146
53113,38147
53114,38148
53115,38149
53116,38150
53117,38151
53118,38152
53119,38153
53120,38154
53121,38155
53122,38156
53123,38157
53124,38158
53125,38159
53126,38160
53127,38161
53128,38162
53129,38163
53130,38164
53131,38165
53132,38166
53133,38167
53134,38168
53135,38169
53136,38170
53137,38171
53138,38172
53139,38173
53140,38174
53141,38175
53142,38176
53143,38177
53144,38178
53145,38179
53146,38180
53147,38181
53148,38182
53149,38183
53150,38184
53151,38185
53152,38186
53153,38187
53154,38188
53155,38189
53156,38190
53157,38191
53158,38192
53159,38193
53160,38194
53161,38195
53162,38196
53163,38197
53164,38198
53165,38199
53166,38200
53167,38201
53168,38202
53169,38203
53170,38204
53171,38205
53172,38206
53173,38207
53174,38208
53175,38209
53176,38210
53177,38211
53178,38212
53179,38213
53180,38214
53181,38215
53182,38216
53183,38217
53184,38218
53185,38219
53186,38220
53187,38221
53188,38222
53189,38223
53190,38224
53191,38225
53192,38226
53193,38227
53194,38228
53195,38229
53196,38230
53197,38231
53198,38232
53199,38233
53200,38234
53201,38235
53202,38236
53203,38237
53204,38238
53205,38239
53206,38240
53207,38241
53208,38242
53209,38243
53210,38244
53211,38245
53212,38246
53213,38247
53214,38248
53215,38249
53216,38250
53217,38251
53218,38252
53219,38253
53220,38254
53221,38255
53222,38256
53223,38257
53224,38258
53225,38259
53226,38260
53227,38261
53228,38262
53229,38263
53230,38264
53231,38265
53232,38266
53233,38267
53234,38268
53235,38269
53236,38270
53237,38271
53238,38272
53239,38273
53240,38274
53241,38275
53242,38276
53243,38277
53244,38278
53245,38279
53246,38280
53247,38281
53248,38282
53249,38283
53250,38284
53251,38285
53252,38286
53253,38287
53254,38288
53255,38289
53256,38290
53257,38291
53258,38292
53259,38293
53260,38294
53261,38295
53262,38296
53263,38297
53264,38298
53265,38299
53266,38300
53267,38301
53268,38302
53269,38303
53270,38304
53271,38305
53272,38306
53273,38307
53274,38308
53275,38309
53276,38310
53277,38311
53278,38312
53279,38313
53280,38314
53281,38315
53282,38316
53283,38317
53284,38318
53285,38319
53286,38320
53287,38321
53288,38322
53289,38323
53290,38324
53291,38325
53292,38326
53293,38327
53294,38328
53295,38329
53296,38330
53297,38331
53298,38332
53299,38333
53300,38334
53301,38335
53302,38336
53303,38337
53304,38338
53305,38339
53306,38340
53307,38341
53308,38342
53309,38343
53310,38344
53311,38345
53312,38346
53313,38347
53314,38348
53315,38349
53316,38350
53317,38351
53318,38352
53319,38353
53320,38354
53321,38355
53322,38356
53323,38357
53324,38358
53325,38359
53326,38360
53327,38361
53328,38362
53329,38363
53330,38364
53331,38365
53332,38366
53333,38367
53334,38368
53335,38369
53336,38370
53337,38371
53338,38372
53339,38373
53340,38374
53341,38375
53342,38376
53343,38377
53344,38378
53345,38379
53346,38380
53347,38381
53348,38382
53349,38383
53350,38384
53351,38385
53352,38386
53353,38387
53354,38388
53355,38389
53356,38390
53357,38391
53358,38392
53359,38393
53360,38394
53361,38395
53362,38396
53363,38397
53364,38398
53365,38399
53366,38400
53367,38401
53368,38402
53369,38403
53370,38404
53371,38405
53372,38406
53373,38407
53374,38408
53375,38409
53376,38410
53377,38411
53378,38412
53379,38413
53380,38414
53381,38415
53382,38416
53383,38417
53384,38418
53385,38419
53386,38420
53387,38421
53388,38422
53389,38423
53390,38424
53391,38425
53392,38426
53393,38427
53394,38428
53395,38429
53396,38430
53397,38431
53398,38432
53399,38433
53400,38434
53401,38435
53402,38436
53403,38437
53404,38438
53405,38439
53406,38440
53407,38441
53408,38442
53409,38443
53410,38444
53411,38445
53412,38446
53413,38447
53414,38448
53415,38449
53416,38450
53417,38451
53418,38452
53419,38453
53420,38454
53421,38455
53422,38456
53423,38457
53424,38458
53425,38459
53426,38460
53427,38461
53428,38462
53429,38463
53430,38464
53431,38465
53432,38466
53433,38467
53434,38468
53435,38469
53436,38470
53437,38471
53438,38472
53439,38473
53440,38474
53441,38475
53442,38476
53443,38477
53444,38478
53445,38479
53446,38480
53447,38481
53448,38482
53449,38483
53450,38484
53451,38485
53452,38486
53453,38487
53454,38488
53455,38489
53456,38490
53457,38491
53458,38492
53459,38493
53460,38494
53461,38495
53462,38496
53463,38497
53464,38498
53465,38499
53466,38500
53467,38501
53468,38502
53469,38503
53470,38504
53471,38505
53472,38506
53473,38507
53474,38508
53475,38509
53476,38510
53477,38511
53478,97
53479,161
53480,8
53481,137
53482,43
53483,45
53484,48
53485,49
53486,51
53487,83
53488,119
53489,55
53490,120
53491,58
53492,60
53493,31
