author_id,cluster
1,20
2,20
3,20
4,20
5,20
6,20
7,20
8,20
9,20
10,2
11,2
12,2
13,2
14,2
15,2
16,2
17,2
18,2
19,2
20,2
21,2
22,2
23,2
24,2
25,2
26,2
27,2
28,2
29,2
30,2
31,2
32,2
33,2
34,2
35,2
36,2
37,2
38,2
39,2
40,2
41,2
42,20
43,20
44,20
45,20
46,20
47,20
48,2
49,20
50,20
51,20
52,20
53,20
54,20
55,20
56,20
57,20
58,20
59,20
60,20
61,20
62,20
63,20
64,20
65,20
66,20
67,20
68,20
69,20
70,20
71,20
72,2
73,2
74,2
75,2
76,20
77,20
78,20
79,20
80,20
81,20
82,2
83,2
84,2
85,2
86,2
87,20
88,20
89,2
90,2
91,2
92,2
93,2
94,2
95,2
96,2
97,2
98,2
99,2
100,2
101,2
102,2
103,2
104,2
105,2
106,2
107,2
108,2
109,2
110,2
111,2
112,2
113,2
114,2
115,2
116,2
117,2
118,2
119,20
120,2
121,2
122,2
123,2
124,20
125,20
126,20
127,20
128,20
129,20
130,20
131,20
132,20
133,20
134,20
135,20
136,20
137,20
138,20
139,20
140,20
141,20
142,2
143,2
144,20
145,2
146,2
147,2
148,2
149,2
150,2
151,20
152,20
153,20
154,20
155,20
156,20
157,20
158,20
159,20
160,20
161,20
162,20
163,20
164,20
165,20
166,20
167,20
168,20
169,20
170,20
171,2
172,2
173,20
174,20
175,2
176,2
177,2
178,2
179,2
180,2
181,2
182,2
183,2
184,2
185,2
186,2
187,2
188,2
189,20
190,20
191,2
192,20
193,20
194,20
195,2
196,20
197,20
198,20
199,20
200,2
201,2
202,2
203,2
204,2
205,2
206,2
207,2
208,2
209,2
210,2
211,2
212,2
213,2
214,2
215,2
216,2
217,2
218,2
219,20
220,20
221,2
222,2
223,2
224,2
225,20
226,20
227,20
228,2
229,2
230,2
231,20
232,2
233,2
234,2
235,2
236,2
237,2
238,2
239,2
240,20
241,20
242,2
243,2
244,2
245,2
246,2
247,2
248,2
249,2
250,38
251,2
252,2
253,2
254,2
255,2
256,2
257,2
258,2
259,2
260,2
261,20
262,38
263,20
264,2
265,2
266,2
267,2
268,2
269,2
270,20
271,2
272,2
273,2
274,2
275,2
276,2
277,20
278,20
279,20
280,20
281,20
282,20
283,20
284,20
285,2
286,2
287,2
288,2
289,2
290,2
291,2
292,2
293,2
294,2
295,2
296,2
297,2
298,2
299,2
300,20
301,20
302,20
303,20
304,20
305,20
306,20
307,20
308,20
309,20
310,20
311,20
312,20
313,20
314,2
315,2
316,2
317,2
318,2
319,2
320,2
321,2
322,2
323,2
324,20
325,2
326,2
327,20
328,20
329,20
330,20
331,2
332,20
333,20
334,20
335,22
336,22
337,22
338,22
339,22
340,22
341,22
342,22
343,22
344,2
345,22
346,2
347,2
348,2
349,2
350,2
351,2
352,2
353,2
354,2
355,2
356,2
357,2
358,2
359,2
360,20
361,2
362,20
363,2
364,2
365,2
366,2
367,2
368,2
369,2
370,2
371,2
372,2
373,2
374,2
375,2
376,2
377,2
378,2
379,2
380,2
381,2
382,2
383,2
384,2
385,2
386,20
387,20
388,38
389,38
390,38
391,38
392,2
393,2
394,2
395,20
396,20
397,20
398,2
399,2
400,2
401,2
402,20
403,20
404,20
405,20
406,20
407,2
408,2
409,20
410,20
411,20
412,20
413,20
414,20
415,20
416,20
417,2
418,2
419,2
420,2
421,2
422,2
423,22
424,22
425,2
426,20
427,2
428,2
429,2
430,2
431,2
432,20
433,20
434,20
435,20
436,2
437,20
438,2
439,2
440,2
441,10
442,2
443,2
444,20
445,20
446,38
447,20
448,2
449,2
450,2
451,20
452,2
453,2
454,2
455,20
456,2
457,2
458,2
459,2
460,20
461,20
462,20
463,20
464,20
465,20
466,20
467,2
468,2
469,2
470,2
471,20
472,20
473,20
474,2
475,2
476,2
477,2
478,2
479,2
480,2
481,2
482,2
483,2
484,2
485,2
486,20
487,20
488,20
489,20
490,20
491,20
492,20
493,20
494,20
495,20
496,20
497,20
498,20
499,20
500,20
501,38
502,20
503,20
504,2
505,20
506,2
507,20
508,2
509,2
510,2
511,38
512,2
513,2
514,2
515,2
516,2
517,2
518,20
519,2
520,20
521,2
522,2
523,2
524,2
525,20
526,20
527,20
528,20
529,20
530,20
531,20
532,20
533,20
534,20
535,20
536,20
537,20
538,20
539,20
540,20
541,20
542,20
543,20
544,20
545,20
546,20
547,20
548,20
549,2
550,20
551,2
552,2
553,2
554,2
555,2
556,2
557,2
558,20
559,2
560,2
561,20
562,20
563,20
564,20
565,2
566,20
567,20
568,20
569,20
570,20
571,20
572,20
573,20
574,20
575,20
576,2
577,2
578,2
579,2
580,2
581,2
582,2
583,2
584,2
585,2
586,2
587,2
588,2
589,2
590,2
591,2
592,2
593,2
594,2
595,2
596,2
597,2
598,20
599,2
600,2
601,2
602,2
603,2
604,2
605,2
606,2
607,2
608,2
609,2
610,20
611,20
612,20
613,20
614,2
615,2
616,2
617,20
618,20
619,20
620,20
621,20
622,20
623,2
624,2
625,2
626,2
627,2
628,2
629,20
630,20
631,20
632,20
633,20
634,20
635,20
636,20
637,20
638,20
639,20
640,20
641,2
642,20
643,20
644,20
645,20
646,20
647,20
648,20
649,20
650,20
651,20
652,20
653,20
654,20
655,20
656,20
657,20
658,20
659,20
660,20
661,20
662,20
663,20
664,20
665,20
666,20
667,20
668,20
669,20
670,20
671,20
672,20
673,20
674,20
675,20
676,20
677,20
678,37
679,20
680,23
681,20
682,15
683,15
684,20
685,15
686,20
687,20
688,20
689,20
690,20
691,20
692,20
693,20
694,20
695,20
696,20
697,20
698,20
699,20
700,20
701,20
702,20
703,20
704,20
705,20
706,20
707,20
708,20
709,20
710,20
711,20
712,20
713,20
714,20
715,20
716,20
717,20
718,2
719,2
720,2
721,2
722,2
723,2
724,2
725,2
726,20
727,20
728,2
729,2
730,20
731,2
732,2
733,2
734,2
735,2
736,2
737,2
738,2
739,2
740,2
741,2
742,20
743,20
744,20
745,20
746,20
747,20
748,20
749,20
750,20
751,20
752,20
753,2
754,2
755,2
756,2
757,20
758,20
759,20
760,20
761,2
762,2
763,2
764,2
765,2
766,2
767,2
768,2
769,2
770,2
771,2
772,2
773,20
774,20
775,20
776,20
777,20
778,20
779,2
780,2
781,2
782,2
783,6
784,6
785,6
786,6
787,6
788,20
789,2
790,2
791,20
792,20
793,20
794,20
795,20
796,20
797,2
798,2
799,2
800,2
801,2
802,2
803,6
804,6
805,6
806,6
807,6
808,6
809,2
810,2
811,2
812,2
813,2
814,2
815,6
816,6
817,6
818,2
819,6
820,6
821,6
822,2
823,2
824,20
825,20
826,2
827,20
828,20
829,2
830,2
831,2
832,2
833,2
834,2
835,38
836,2
837,2
838,2
839,2
840,20
841,20
842,20
843,20
844,2
845,20
846,2
847,2
848,2
849,2
850,6
851,6
852,6
853,6
854,6
855,6
856,6
857,6
858,2
859,2
860,2
861,2
862,2
863,2
864,2
865,2
866,2
867,2
868,2
869,2
870,2
871,2
872,6
873,20
874,6
875,6
876,6
877,6
878,6
879,6
880,6
881,6
882,6
883,6
884,20
885,20
886,20
887,2
888,2
889,2
890,2
891,2
892,2
893,2
894,2
895,2
896,20
897,20
898,20
899,20
900,20
901,20
902,20
903,20
904,20
905,20
906,20
907,20
908,20
909,20
910,20
911,20
912,20
913,20
914,20
915,20
916,20
917,20
918,6
919,6
920,6
921,6
922,6
923,6
924,2
925,2
926,2
927,2
928,2
929,2
930,2
931,2
932,2
933,2
934,2
935,2
936,2
937,6
938,2
939,6
940,6
941,6
942,6
943,6
944,6
945,6
946,6
947,6
948,20
949,6
950,6
951,6
952,6
953,6
954,6
955,6
956,6
957,2
958,6
959,2
960,6
961,6
962,6
963,6
964,6
965,20
966,20
967,2
968,2
969,2
970,2
971,2
972,2
973,2
974,2
975,6
976,6
977,6
978,6
979,20
980,20
981,6
982,6
983,6
984,6
985,6
986,6
987,6
988,6
989,6
990,6
991,6
992,6
993,38
994,6
995,6
996,6
997,6
998,6
999,6
1000,6
1001,6
1002,6
1003,6
1004,6
1005,6
1006,6
1007,6
1008,6
1009,6
1010,35
1011,6
1012,6
1013,6
1014,6
1015,6
1016,6
1017,6
1018,6
1019,17
1020,2
1021,2
1022,2
1023,2
1024,2
1025,2
1026,2
1027,2
1028,2
1029,20
1030,2
1031,20
1032,38
1033,38
1034,20
1035,20
1036,2
1037,20
1038,2
1039,2
1040,2
1041,2
1042,16
1043,20
1044,20
1045,37
1046,20
1047,20
1048,20
1049,20
1050,20
1051,20
1052,20
1053,20
1054,6
1055,2
1056,2
1057,2
1058,2
1059,2
1060,2
1061,2
1062,2
1063,6
1064,6
1065,6
1066,6
1067,38
1068,6
1069,6
1070,6
1071,6
1072,6
1073,6
1074,6
1075,6
1076,6
1077,6
1078,6
1079,6
1080,6
1081,2
1082,2
1083,6
1084,6
1085,2
1086,6
1087,6
1088,6
1089,6
1090,6
1091,6
1092,6
1093,6
1094,6
1095,6
1096,6
1097,6
1098,6
1099,6
1100,6
1101,2
1102,2
1103,2
1104,47
1105,2
1106,2
1107,20
1108,20
1109,20
1110,2
1111,2
1112,2
1113,2
1114,2
1115,20
1116,20
1117,20
1118,2
1119,2
1120,20
1121,2
1122,2
1123,2
1124,2
1125,2
1126,20
1127,20
1128,20
1129,20
1130,20
1131,20
1132,20
1133,20
1134,20
1135,20
1136,20
1137,20
1138,20
1139,20
1140,20
1141,20
1142,20
1143,6
1144,6
1145,6
1146,2
1147,2
1148,6
1149,6
1150,6
1151,6
1152,6
1153,6
1154,6
1155,6
1156,6
1157,6
1158,6
1159,2
1160,2
1161,38
1162,2
1163,2
1164,2
1165,2
1166,2
1167,6
1168,6
1169,20
1170,6
1171,6
1172,6
1173,6
1174,6
1175,6
1176,6
1177,6
1178,6
1179,2
1180,2
1181,20
1182,20
1183,20
1184,2
1185,2
1186,2
1187,2
1188,2
1189,2
1190,2
1191,2
1192,6
1193,6
1194,6
1195,20
1196,20
1197,20
1198,2
1199,2
1200,2
1201,20
1202,20
1203,38
1204,2
1205,2
1206,26
1207,2
1208,2
1209,2
1210,2
1211,2
1212,2
1213,41
1214,2
1215,2
1216,2
1217,2
1218,2
1219,2
1220,2
1221,2
1222,2
1223,2
1224,2
1225,2
1226,2
1227,2
1228,2
1229,2
1230,2
1231,2
1232,2
1233,2
1234,2
1235,2
1236,2
1237,2
1238,2
1239,2
1240,2
1241,2
1242,20
1243,20
1244,20
1245,20
1246,2
1247,20
1248,20
1249,20
1250,20
1251,20
1252,2
1253,2
1254,2
1255,2
1256,2
1257,20
1258,20
1259,20
1260,20
1261,20
1262,20
1263,2
1264,2
1265,20
1266,2
1267,2
1268,2
1269,2
1270,2
1271,2
1272,2
1273,2
1274,2
1275,38
1276,2
1277,2
1278,2
1279,2
1280,2
1281,2
1282,2
1283,2
1284,2
1285,2
1286,2
1287,2
1288,2
1289,2
1290,2
1291,2
1292,2
1293,2
1294,2
1295,2
1296,2
1297,2
1298,2
1299,2
1300,20
1301,20
1302,2
1303,2
1304,2
1305,2
1306,20
1307,20
1308,20
1309,20
1310,20
1311,20
1312,20
1313,20
1314,2
1315,2
1316,2
1317,2
1318,20
1319,2
1320,2
1321,2
1322,20
1323,20
1324,20
1325,20
1326,2
1327,2
1328,20
1329,20
1330,2
1331,2
1332,38
1333,38
1334,2
1335,2
1336,2
1337,2
1338,2
1339,2
1340,2
1341,2
1342,2
1343,2
1344,2
1345,2
1346,2
1347,2
1348,2
1349,2
1350,2
1351,2
1352,2
1353,2
1354,2
1355,2
1356,2
1357,2
1358,2
1359,2
1360,2
1361,2
1362,20
1363,20
1364,20
1365,20
1366,20
1367,2
1368,20
1369,2
1370,2
1371,2
1372,2
1373,20
1374,20
1375,20
1376,20
1377,20
1378,20
1379,20
1380,20
1381,20
1382,20
1383,20
1384,20
1385,18
1386,2
1387,2
1388,2
1389,2
1390,2
1391,20
1392,2
1393,2
1394,2
1395,2
1396,2
1397,2
1398,20
1399,38
1400,2
1401,2
1402,2
1403,2
1404,2
1405,2
1406,2
1407,2
1408,2
1409,2
1410,20
1411,20
1412,2
1413,2
1414,7
1415,20
1416,20
1417,20
1418,2
1419,2
1420,20
1421,20
1422,2
1423,2
1424,2
1425,2
1426,2
1427,2
1428,2
1429,2
1430,2
1431,2
1432,2
1433,2
1434,2
1435,2
1436,2
1437,2
1438,2
1439,2
1440,2
1441,38
1442,38
1443,38
1444,38
1445,2
1446,2
1447,2
1448,2
1449,2
1450,2
1451,2
1452,20
1453,38
1454,38
1455,38
1456,38
1457,46
1458,38
1459,46
1460,2
1461,2
1462,2
1463,2
1464,2
1465,2
1466,2
1467,2
1468,20
1469,48
1470,48
1471,48
1472,24
1473,38
1474,38
1475,38
1476,38
1477,38
1478,20
1479,38
1480,2
1481,2
1482,2
1483,2
1484,2
1485,2
1486,2
1487,38
1488,38
1489,38
1490,38
1491,38
1492,2
1493,2
1494,2
1495,2
1496,2
1497,2
1498,2
1499,2
1500,2
1501,2
1502,2
1503,2
1504,2
1505,2
1506,38
1507,2
1508,2
1509,2
1510,2
1511,2
1512,38
1513,38
1514,38
1515,22
1516,2
1517,2
1518,2
1519,2
1520,14
1521,38
1522,2
1523,2
1524,11
1525,2
1526,20
1527,20
1528,20
1529,20
1530,2
1531,38
1532,2
1533,38
1534,38
1535,38
1536,38
1537,38
1538,26
1539,26
1540,14
1541,38
1542,38
1543,38
1544,38
1545,2
1546,46
1547,46
1548,46
1549,46
1550,22
1551,22
1552,22
1553,22
1554,38
1555,38
1556,2
1557,38
1558,38
1559,38
1560,38
1561,2
1562,2
1563,2
1564,48
1565,2
1566,2
1567,48
1568,38
1569,38
1570,38
1571,2
1572,2
1573,2
1574,2
1575,2
1576,2
1577,38
1578,38
1579,38
1580,38
1581,38
1582,46
1583,46
1584,46
1585,46
1586,38
1587,38
1588,38
1589,2
1590,2
1591,2
1592,2
1593,38
1594,38
1595,2
1596,2
1597,2
1598,2
1599,38
1600,2
1601,2
1602,14
1603,48
1604,48
1605,48
1606,22
1607,38
1608,38
1609,2
1610,22
1611,38
1612,38
1613,38
1614,20
1615,2
1616,38
1617,38
1618,38
1619,38
1620,38
1621,38
1622,20
1623,38
1624,38
1625,46
1626,46
1627,22
1628,46
1629,46
1630,46
1631,46
1632,46
1633,46
1634,46
1635,46
1636,38
1637,38
1638,38
1639,38
1640,38
1641,38
1642,38
1643,38
1644,20
1645,46
1646,46
1647,38
1648,38
1649,38
1650,38
1651,38
1652,22
1653,22
1654,22
1655,22
1656,22
1657,22
1658,38
1659,38
1660,38
1661,22
1662,38
1663,38
1664,38
1665,38
1666,38
1667,38
1668,38
1669,2
1670,2
1671,2
1672,2
1673,2
1674,2
1675,2
1676,46
1677,46
1678,38
1679,22
1680,36
1681,38
1682,38
1683,38
1684,38
1685,2
1686,30
1687,22
1688,38
1689,46
1690,46
1691,38
1692,22
1693,14
1694,38
1695,46
1696,46
1697,46
1698,46
1699,38
1700,38
1701,38
1702,38
1703,38
1704,38
1705,38
1706,38
1707,38
1708,38
1709,14
1710,14
1711,14
1712,14
1713,14
1714,38
1715,38
1716,38
1717,38
1718,38
1719,38
1720,22
1721,38
1722,38
1723,2
1724,2
1725,2
1726,2
1727,2
1728,38
1729,38
1730,38
1731,2
1732,38
1733,38
1734,38
1735,38
1736,38
1737,44
1738,38
1739,38
1740,38
1741,38
1742,38
1743,38
1744,38
1745,38
1746,46
1747,46
1748,38
1749,38
1750,38
1751,38
1752,38
1753,32
1754,38
1755,22
1756,22
1757,22
1758,2
1759,2
1760,38
1761,38
1762,2
1763,38
1764,38
1765,38
1766,46
1767,46
1768,46
1769,38
1770,46
1771,2
1772,2
1773,38
1774,38
1775,22
1776,27
1777,22
1778,22
1779,22
1780,32
1781,32
1782,38
1783,38
1784,38
1785,38
1786,1
1787,38
1788,38
1789,38
1790,38
1791,38
1792,38
1793,38
1794,38
1795,38
1796,48
1797,38
1798,38
1799,38
1800,2
1801,2
1802,38
1803,38
1804,2
1805,38
1806,2
1807,2
1808,38
1809,38
1810,38
1811,38
1812,38
1813,38
1814,26
1815,26
1816,48
1817,48
1818,48
1819,38
1820,32
1821,38
1822,32
1823,38
1824,32
1825,38
1826,38
1827,38
1828,38
1829,38
1830,36
1831,38
1832,38
1833,38
1834,38
1835,48
1836,48
1837,38
1838,38
1839,38
1840,2
1841,2
1842,38
1843,2
1844,2
1845,20
1846,20
1847,27
1848,38
1849,38
1850,47
1851,38
1852,40
1853,33
1854,47
1855,38
1856,38
1857,38
1858,38
1859,38
1860,38
1861,38
1862,38
1863,20
1864,38
1865,38
1866,38
1867,38
1868,38
1869,38
1870,38
1871,38
1872,38
1873,38
1874,38
1875,5
1876,33
1877,33
1878,33
1879,33
1880,33
1881,38
1882,38
1883,33
1884,33
1885,2
1886,2
1887,2
1888,38
1889,38
1890,2
1891,2
1892,38
1893,2
1894,2
1895,2
1896,38
1897,38
1898,32
1899,13
1900,13
1901,13
1902,13
1903,13
1904,13
1905,13
1906,13
1907,13
1908,13
1909,38
1910,20
1911,20
1912,20
1913,20
1914,20
1915,20
1916,38
1917,38
1918,38
1919,38
1920,38
1921,38
1922,33
1923,38
1924,20
1925,20
1926,26
1927,47
1928,2
1929,2
1930,2
1931,2
1932,2
1933,20
1934,20
1935,38
1936,11
1937,38
1938,13
1939,13
1940,13
1941,38
1942,13
1943,38
1944,12
1945,12
1946,12
1947,2
1948,38
1949,38
1950,38
1951,38
1952,33
1953,2
1954,2
1955,2
1956,2
1957,20
1958,38
1959,38
1960,38
1961,38
1962,2
1963,38
1964,2
1965,2
1966,38
1967,47
1968,47
1969,38
1970,20
1971,38
1972,20
1973,20
1974,20
1975,20
1976,20
1977,20
1978,38
1979,38
1980,38
1981,38
1982,38
1983,38
1984,38
1985,38
1986,38
1987,36
1988,36
1989,38
1990,38
1991,49
1992,20
1993,38
1994,38
1995,38
1996,38
1997,38
1998,48
1999,38
2000,38
2001,38
2002,2
2003,2
2004,38
2005,2
2006,38
2007,48
2008,38
2009,2
2010,2
2011,38
2012,2
2013,13
2014,13
2015,13
2016,2
2017,2
2018,2
2019,20
2020,38
2021,38
2022,38
2023,38
2024,38
2025,38
2026,38
2027,38
2028,38
2029,38
2030,38
2031,38
2032,20
2033,20
2034,2
2035,2
2036,2
2037,38
2038,38
2039,38
2040,38
2041,2
2042,2
2043,38
2044,38
2045,38
2046,38
2047,38
2048,38
2049,38
2050,38
2051,38
2052,38
2053,38
2054,38
2055,38
2056,38
2057,33
2058,38
2059,33
2060,38
2061,38
2062,38
2063,38
2064,38
2065,38
2066,38
2067,38
2068,38
2069,1
2070,1
2071,38
2072,38
2073,38
2074,38
2075,48
2076,49
2077,20
2078,20
2079,38
2080,41
2081,38
2082,20
2083,38
2084,38
2085,38
2086,38
2087,38
2088,38
2089,38
2090,38
2091,38
2092,38
2093,38
2094,38
2095,38
2096,38
2097,38
2098,38
2099,38
2100,38
2101,38
2102,38
2103,38
2104,38
2105,38
2106,38
2107,38
2108,38
2109,38
2110,38
2111,38
2112,38
2113,38
2114,38
2115,38
2116,38
2117,38
2118,44
2119,44
2120,38
2121,38
2122,38
2123,38
2124,5
2125,38
2126,2
2127,38
2128,38
2129,38
2130,38
2131,38
2132,38
2133,38
2134,20
2135,20
2136,38
2137,38
2138,38
2139,38
2140,38
2141,38
2142,38
2143,38
2144,38
2145,38
2146,38
2147,38
2148,38
2149,38
2150,38
2151,38
2152,38
2153,38
2154,38
2155,38
2156,38
2157,38
2158,38
2159,38
2160,38
2161,38
2162,38
2163,38
2164,38
2165,38
2166,38
2167,38
2168,38
2169,38
2170,36
2171,38
2172,38
2173,26
2174,26
2175,26
2176,38
2177,38
2178,38
2179,38
2180,38
2181,38
2182,38
2183,38
2184,38
2185,38
2186,38
2187,38
2188,38
2189,38
2190,38
2191,38
2192,38
2193,38
2194,38
2195,38
2196,38
2197,38
2198,38
2199,38
2200,38
2201,38
2202,38
2203,38
2204,38
2205,38
2206,38
2207,38
2208,38
2209,38
2210,38
2211,38
2212,38
2213,38
2214,21
2215,21
2216,38
2217,38
2218,38
2219,38
2220,42
2221,38
2222,26
2223,26
2224,38
2225,36
2226,38
2227,37
2228,38
2229,38
2230,37
2231,37
2232,37
2233,38
2234,38
2235,38
2236,38
2237,38
2238,38
2239,38
2240,38
2241,38
2242,22
2243,22
2244,22
2245,22
2246,22
2247,22
2248,38
2249,38
2250,38
2251,38
2252,38
2253,38
2254,38
2255,38
2256,20
2257,20
2258,20
2259,38
2260,38
2261,38
2262,38
2263,38
2264,38
2265,38
2266,38
2267,12
2268,38
2269,38
2270,38
2271,38
2272,38
2273,38
2274,38
2275,22
2276,22
2277,22
2278,22
2279,22
2280,38
2281,2
2282,2
2283,2
2284,2
2285,38
2286,26
2287,22
2288,22
2289,22
2290,22
2291,38
2292,38
2293,38
2294,38
2295,38
2296,38
2297,38
2298,38
2299,38
2300,38
2301,38
2302,38
2303,38
2304,38
2305,37
2306,37
2307,37
2308,37
2309,37
2310,37
2311,38
2312,38
2313,38
2314,38
2315,38
2316,38
2317,38
2318,16
2319,38
2320,38
2321,37
2322,22
2323,22
2324,22
2325,22
2326,22
2327,38
2328,38
2329,47
2330,38
2331,38
2332,38
2333,38
2334,38
2335,38
2336,38
2337,38
2338,38
2339,38
2340,38
2341,44
2342,44
2343,44
2344,37
2345,37
2346,38
2347,38
2348,38
2349,22
2350,48
2351,22
2352,22
2353,22
2354,22
2355,38
2356,38
2357,38
2358,38
2359,38
2360,38
2361,38
2362,38
2363,38
2364,38
2365,1
2366,38
2367,38
2368,38
2369,38
2370,38
2371,38
2372,38
2373,38
2374,37
2375,38
2376,38
2377,38
2378,38
2379,38
2380,38
2381,38
2382,38
2383,38
2384,38
2385,38
2386,38
2387,38
2388,38
2389,38
2390,38
2391,38
2392,38
2393,38
2394,38
2395,38
2396,38
2397,38
2398,38
2399,38
2400,38
2401,33
2402,38
2403,38
2404,38
2405,22
2406,22
2407,22
2408,38
2409,38
2410,38
2411,38
2412,38
2413,24
2414,24
2415,24
2416,38
2417,24
2418,38
2419,38
2420,38
2421,2
2422,2
2423,2
2424,2
2425,38
2426,38
2427,38
2428,20
2429,20
2430,20
2431,2
2432,2
2433,38
2434,38
2435,46
2436,46
2437,46
2438,10
2439,2
2440,38
2441,38
2442,38
2443,38
2444,38
2445,38
2446,38
2447,1
2448,20
2449,20
2450,20
2451,38
2452,38
2453,2
2454,38
2455,38
2456,38
2457,38
2458,37
2459,37
2460,37
2461,37
2462,37
2463,38
2464,38
2465,38
2466,38
2467,38
2468,37
2469,37
2470,37
2471,37
2472,38
2473,26
2474,38
2475,37
2476,37
2477,38
2478,38
2479,38
2480,17
2481,37
2482,37
2483,37
2484,37
2485,47
2486,47
2487,47
2488,38
2489,38
2490,38
2491,38
2492,47
2493,2
2494,38
2495,38
2496,38
2497,41
2498,41
2499,41
2500,41
2501,38
2502,41
2503,38
2504,38
2505,38
2506,38
2507,38
2508,38
2509,38
2510,38
2511,38
2512,38
2513,38
2514,38
2515,38
2516,38
2517,38
2518,38
2519,38
2520,38
2521,38
2522,2
2523,26
2524,2
2525,2
2526,38
2527,38
2528,38
2529,12
2530,20
2531,20
2532,20
2533,2
2534,2
2535,2
2536,2
2537,20
2538,20
2539,20
2540,20
2541,20
2542,17
2543,17
2544,38
2545,38
2546,38
2547,38
2548,22
2549,38
2550,38
2551,38
2552,38
2553,38
2554,38
2555,38
2556,38
2557,38
2558,38
2559,38
2560,38
2561,38
2562,38
2563,38
2564,38
2565,38
2566,37
2567,38
2568,37
2569,37
2570,11
2571,11
2572,37
2573,38
2574,13
2575,13
2576,13
2577,13
2578,13
2579,13
2580,13
2581,47
2582,13
2583,13
2584,13
2585,33
2586,38
2587,38
2588,38
2589,20
2590,20
2591,47
2592,38
2593,38
2594,38
2595,30
2596,38
2597,38
2598,38
2599,13
2600,41
2601,38
2602,41
2603,38
2604,38
2605,38
2606,41
2607,38
2608,38
2609,38
2610,41
2611,33
2612,33
2613,38
2614,33
2615,38
2616,38
2617,38
2618,38
2619,33
2620,33
2621,38
2622,38
2623,26
2624,26
2625,46
2626,46
2627,38
2628,38
2629,38
2630,38
2631,38
2632,38
2633,38
2634,38
2635,13
2636,38
2637,38
2638,13
2639,13
2640,11
2641,13
2642,11
2643,38
2644,26
2645,26
2646,11
2647,11
2648,11
2649,11
2650,38
2651,17
2652,17
2653,38
2654,38
2655,38
2656,38
2657,38
2658,38
2659,38
2660,38
2661,21
2662,38
2663,38
2664,38
2665,37
2666,37
2667,38
2668,38
2669,38
2670,49
2671,20
2672,2
2673,38
2674,13
2675,13
2676,13
2677,49
2678,38
2679,33
2680,33
2681,38
2682,41
2683,38
2684,38
2685,41
2686,41
2687,20
2688,38
2689,38
2690,38
2691,38
2692,38
2693,38
2694,38
2695,38
2696,38
2697,38
2698,38
2699,38
2700,38
2701,46
2702,46
2703,38
2704,38
2705,44
2706,33
2707,38
2708,38
2709,38
2710,30
2711,30
2712,38
2713,38
2714,38
2715,38
2716,38
2717,38
2718,38
2719,38
2720,13
2721,46
2722,46
2723,46
2724,46
2725,46
2726,46
2727,46
2728,13
2729,13
2730,13
2731,38
2732,38
2733,38
2734,22
2735,22
2736,33
2737,33
2738,36
2739,22
2740,22
2741,22
2742,33
2743,15
2744,33
2745,33
2746,33
2747,38
2748,38
2749,38
2750,38
2751,38
2752,38
2753,38
2754,38
2755,38
2756,38
2757,38
2758,38
2759,38
2760,38
2761,37
2762,38
2763,49
2764,2
2765,2
2766,2
2767,2
2768,2
2769,38
2770,38
2771,38
2772,38
2773,38
2774,38
2775,38
2776,33
2777,38
2778,38
2779,38
2780,38
2781,2
2782,2
2783,29
2784,41
2785,41
2786,41
2787,2
2788,2
2789,20
2790,38
2791,38
2792,38
2793,38
2794,26
2795,38
2796,44
2797,44
2798,44
2799,44
2800,44
2801,44
2802,44
2803,46
2804,46
2805,46
2806,46
2807,46
2808,46
2809,46
2810,46
2811,40
2812,40
2813,38
2814,38
2815,5
2816,5
2817,5
2818,2
2819,2
2820,5
2821,5
2822,5
2823,38
2824,38
2825,38
2826,22
2827,22
2828,38
2829,38
2830,38
2831,33
2832,38
2833,38
2834,41
2835,41
2836,38
2837,38
2838,38
2839,38
2840,38
2841,38
2842,38
2843,38
2844,38
2845,38
2846,38
2847,38
2848,38
2849,16
2850,38
2851,41
2852,30
2853,38
2854,38
2855,38
2856,38
2857,38
2858,38
2859,38
2860,38
2861,38
2862,38
2863,38
2864,41
2865,2
2866,20
2867,2
2868,22
2869,22
2870,22
2871,22
2872,22
2873,38
2874,38
2875,38
2876,38
2877,38
2878,48
2879,38
2880,14
2881,38
2882,48
2883,38
2884,46
2885,46
2886,46
2887,38
2888,38
2889,38
2890,5
2891,5
2892,38
2893,5
2894,5
2895,38
2896,38
2897,38
2898,38
2899,38
2900,39
2901,38
2902,38
2903,48
2904,48
2905,48
2906,48
2907,22
2908,22
2909,48
2910,48
2911,38
2912,38
2913,48
2914,48
2915,20
2916,20
2917,38
2918,38
2919,38
2920,38
2921,38
2922,38
2923,38
2924,38
2925,38
2926,44
2927,44
2928,44
2929,20
2930,41
2931,41
2932,41
2933,38
2934,38
2935,38
2936,38
2937,38
2938,38
2939,38
2940,2
2941,2
2942,2
2943,38
2944,2
2945,20
2946,20
2947,20
2948,22
2949,22
2950,22
2951,22
2952,22
2953,22
2954,2
2955,2
2956,38
2957,38
2958,38
2959,20
2960,20
2961,20
2962,20
2963,48
2964,48
2965,48
2966,48
2967,38
2968,38
2969,38
2970,38
2971,38
2972,2
2973,38
2974,36
2975,38
2976,38
2977,31
2978,20
2979,20
2980,20
2981,20
2982,12
2983,12
2984,38
2985,12
2986,12
2987,38
2988,12
2989,35
2990,35
2991,38
2992,35
2993,38
2994,38
2995,38
2996,38
2997,47
2998,38
2999,48
3000,48
3001,48
3002,48
3003,48
3004,31
3005,2
3006,2
3007,2
3008,20
3009,20
3010,11
3011,20
3012,20
3013,20
3014,20
3015,20
3016,20
3017,20
3018,20
3019,20
3020,20
3021,20
3022,20
3023,2
3024,2
3025,2
3026,2
3027,2
3028,38
3029,38
3030,20
3031,20
3032,20
3033,36
3034,38
3035,36
3036,38
3037,38
3038,38
3039,36
3040,38
3041,38
3042,20
3043,20
3044,20
3045,20
3046,20
3047,38
3048,11
3049,11
3050,20
3051,20
3052,20
3053,20
3054,20
3055,12
3056,12
3057,20
3058,20
3059,38
3060,20
3061,38
3062,38
3063,38
3064,38
3065,2
3066,2
3067,20
3068,20
3069,20
3070,20
3071,2
3072,2
3073,38
3074,38
3075,38
3076,38
3077,38
3078,2
3079,2
3080,2
3081,31
3082,47
3083,38
3084,47
3085,38
3086,38
3087,38
3088,38
3089,38
3090,38
3091,20
3092,20
3093,48
3094,38
3095,38
3096,38
3097,38
3098,38
3099,38
3100,38
3101,2
3102,38
3103,20
3104,38
3105,2
3106,2
3107,2
3108,2
3109,47
3110,16
3111,2
3112,47
3113,38
3114,38
3115,38
3116,33
3117,33
3118,38
3119,38
3120,26
3121,2
3122,2
3123,38
3124,2
3125,2
3126,11
3127,38
3128,13
3129,38
3130,38
3131,20
3132,48
3133,38
3134,20
3135,42
3136,16
3137,48
3138,2
3139,32
3140,20
3141,20
3142,20
3143,20
3144,20
3145,20
3146,20
3147,2
3148,38
3149,10
3150,38
3151,38
3152,38
3153,16
3154,13
3155,13
3156,13
3157,13
3158,2
3159,38
3160,38
3161,20
3162,20
3163,20
3164,20
3165,20
3166,11
3167,38
3168,20
3169,2
3170,2
3171,2
3172,2
3173,2
3174,2
3175,38
3176,38
3177,38
3178,38
3179,38
3180,38
3181,2
3182,2
3183,2
3184,38
3185,38
3186,38
3187,38
3188,38
3189,38
3190,38
3191,2
3192,2
3193,33
3194,38
3195,2
3196,33
3197,38
3198,38
3199,38
3200,33
3201,38
3202,33
3203,38
3204,38
3205,38
3206,42
3207,27
3208,38
3209,38
3210,38
3211,48
3212,48
3213,48
3214,48
3215,13
3216,48
3217,41
3218,13
3219,41
3220,41
3221,16
3222,16
3223,20
3224,20
3225,20
3226,20
3227,20
3228,20
3229,38
3230,20
3231,20
3232,20
3233,38
3234,38
3235,38
3236,38
3237,2
3238,2
3239,2
3240,2
3241,2
3242,2
3243,38
3244,23
3245,23
3246,23
3247,23
3248,23
3249,23
3250,38
3251,38
3252,26
3253,33
3254,38
3255,38
3256,2
3257,2
3258,2
3259,33
3260,33
3261,33
3262,33
3263,33
3264,20
3265,20
3266,38
3267,38
3268,33
3269,33
3270,33
3271,38
3272,38
3273,38
3274,38
3275,38
3276,38
3277,17
3278,17
3279,17
3280,17
3281,17
3282,38
3283,38
3284,38
3285,38
3286,38
3287,38
3288,48
3289,44
3290,38
3291,38
3292,38
3293,48
3294,48
3295,38
3296,33
3297,38
3298,48
3299,38
3300,36
3301,36
3302,36
3303,38
3304,13
3305,28
3306,11
3307,11
3308,23
3309,23
3310,23
3311,26
3312,38
3313,33
3314,19
3315,19
3316,38
3317,19
3318,20
3319,38
3320,20
3321,2
3322,38
3323,38
3324,33
3325,33
3326,38
3327,33
3328,2
3329,2
3330,33
3331,37
3332,37
3333,1
3334,20
3335,20
3336,38
3337,38
3338,48
3339,38
3340,38
3341,38
3342,38
3343,38
3344,38
3345,38
3346,38
3347,38
3348,38
3349,31
3350,30
3351,1
3352,38
3353,33
3354,33
3355,33
3356,33
3357,33
3358,33
3359,33
3360,38
3361,38
3362,38
3363,38
3364,38
3365,38
3366,38
3367,38
3368,38
3369,38
3370,38
3371,28
3372,28
3373,28
3374,28
3375,8
3376,38
3377,41
3378,38
3379,11
3380,11
3381,23
3382,23
3383,23
3384,23
3385,5
3386,5
3387,5
3388,19
3389,36
3390,19
3391,17
3392,17
3393,33
3394,33
3395,37
3396,37
3397,37
3398,37
3399,37
3400,37
3401,1
3402,1
3403,23
3404,23
3405,38
3406,23
3407,23
3408,33
3409,33
3410,33
3411,33
3412,33
3413,33
3414,33
3415,33
3416,38
3417,38
3418,38
3419,33
3420,37
3421,37
3422,37
3423,44
3424,33
3425,38
3426,33
3427,33
3428,33
3429,38
3430,33
3431,33
3432,33
3433,33
3434,16
3435,16
3436,16
3437,16
3438,11
3439,11
3440,11
3441,16
3442,16
3443,37
3444,38
3445,38
3446,38
3447,38
3448,36
3449,22
3450,14
3451,14
3452,14
3453,38
3454,38
3455,38
3456,30
3457,30
3458,30
3459,30
3460,30
3461,31
3462,31
3463,31
3464,31
3465,21
3466,21
3467,38
3468,38
3469,38
3470,38
3471,38
3472,38
3473,38
3474,12
3475,16
3476,16
3477,16
3478,27
3479,27
3480,27
3481,26
3482,26
3483,23
3484,26
3485,26
3486,28
3487,28
3488,28
3489,28
3490,28
3491,28
3492,11
3493,11
3494,11
3495,11
3496,26
3497,26
3498,23
3499,23
3500,5
3501,5
3502,5
3503,5
3504,5
3505,5
3506,5
3507,5
3508,5
3509,5
3510,5
3511,38
3512,38
3513,38
3514,20
3515,38
3516,33
3517,35
3518,35
3519,33
3520,33
3521,37
3522,36
3523,37
3524,23
3525,23
3526,1
3527,44
3528,49
3529,17
3530,17
3531,17
3532,17
3533,17
3534,17
3535,17
3536,22
3537,22
3538,33
3539,33
3540,22
3541,35
3542,35
3543,37
3544,36
3545,37
3546,37
3547,37
3548,37
3549,37
3550,37
3551,37
3552,33
3553,33
3554,44
3555,33
3556,44
3557,33
3558,23
3559,23
3560,16
3562,16
3563,21
3564,16
3565,11
3566,37
3567,37
3568,37
3569,37
3570,38
3571,38
3572,14
3573,14
3574,14
3575,37
3576,22
3577,38
3578,38
3579,16
3580,26
3581,49
3582,48
3583,48
3584,47
3585,49
3586,24
3587,24
3588,24
3589,24
3590,31
3591,49
3592,49
3593,16
3594,41
3595,41
3596,33
3597,37
3598,13
3599,13
3600,13
3601,13
3602,41
3603,13
3604,49
3605,13
3606,13
3607,26
3608,26
3609,47
3610,47
3611,47
3612,47
3613,26
3614,37
3615,23
3616,26
3617,36
3618,26
3619,26
3620,38
3621,17
3622,17
3623,17
3624,28
3625,17
3626,16
3627,36
3628,38
3629,33
3630,38
3631,38
3632,3
3633,3
3634,41
3635,3
3636,3
3637,3
3638,3
3639,3
3640,3
3641,16
3642,16
3643,16
3644,16
3645,35
3646,35
3647,33
3648,38
3649,38
3650,38
3651,23
3652,23
3653,23
3654,23
3655,21
3656,36
3657,36
3658,17
3659,17
3660,41
3661,41
3662,41
3663,22
3664,41
3665,41
3666,33
3667,22
3668,22
3669,35
3670,35
3671,35
3672,35
3673,35
3674,35
3675,37
3676,37
3677,37
3678,37
3679,37
3680,37
3681,37
3682,41
3683,37
3684,37
3685,37
3686,37
3687,37
3688,26
3689,16
3690,38
3691,38
3692,38
3693,1
3694,21
3695,21
3696,21
3697,21
3698,21
3699,21
3700,23
3701,23
3702,36
3703,36
3704,38
3705,48
3706,21
3707,21
3708,21
3709,26
3710,26
3711,26
3712,26
3713,26
3714,41
3715,41
3716,41
3717,41
3718,41
3719,38
3720,37
3721,37
3722,26
3723,41
3724,41
3725,14
3726,14
3727,40
3728,40
3729,40
3730,40
3731,47
3732,47
3733,38
3734,48
3735,48
3737,48
3738,16
3739,48
3740,48
3741,48
3742,48
3743,48
3744,48
3745,16
3746,16
3747,30
3748,30
3749,30
3750,49
3751,49
3752,37
3753,32
3754,38
3755,38
3756,36
3757,36
3758,36
3761,37
3762,37
3763,37
3764,37
3765,37
3766,47
3767,49
3768,38
3769,38
3770,37
3771,37
3772,5
3773,37
3774,36
3775,17
3776,17
3777,17
3778,17
3779,33
3780,33
3782,28
3783,3
3784,3
3785,3
3786,3
3787,3
3788,3
3789,32
3790,32
3791,32
3792,32
3793,32
3794,16
3795,38
3796,47
3797,47
3798,16
3799,47
3800,38
3801,41
3802,38
3803,38
3804,38
3805,37
3806,36
3807,37
3808,49
3809,16
3810,38
3811,21
3812,21
3813,21
3814,36
3815,36
3816,10
3817,36
3818,36
3819,10
3820,41
3821,41
3822,24
3823,49
3824,30
3825,38
3826,30
3827,33
3828,26
3829,16
3830,16
3831,16
3832,16
3833,16
3834,14
3835,14
3836,36
3837,42
3838,49
3839,26
3840,26
3841,26
3842,38
3843,33
3844,33
3845,38
3846,38
3847,38
3848,38
3849,40
3850,21
3851,16
3852,21
3853,16
3854,21
3855,36
3856,36
3857,36
3858,13
3859,13
3861,26
3862,38
3863,26
3864,26
3865,26
3866,26
3867,26
3868,26
3869,26
3870,41
3871,41
3872,37
3873,37
3874,41
3875,41
3876,41
3877,1
3878,49
3879,1
3880,1
3881,37
3882,37
3883,47
3884,19
3885,19
3886,22
3887,22
3888,22
3889,22
3890,16
3891,16
3892,41
3893,41
3894,13
3895,13
3896,16
3897,30
3898,26
3899,30
3900,30
3901,30
3902,30
3903,41
3904,41
3905,41
3906,41
3907,41
3908,37
3909,37
3910,38
3911,38
3912,38
3913,36
3914,36
3915,36
3916,36
3917,36
3918,42
3919,38
3920,38
3921,47
3922,38
3923,37
3924,47
3925,38
3926,38
3927,49
3928,37
3929,37
3930,37
3931,37
3932,37
3933,37
3934,37
3935,37
3936,23
3937,23
3938,23
3939,28
3940,28
3941,28
3942,38
3943,32
3944,32
3945,32
3946,38
3947,47
3948,47
3949,41
3950,41
3951,41
3952,31
3953,31
3954,31
3955,31
3956,40
3957,40
3958,40
3959,37
3960,37
3961,37
3962,37
3963,26
3964,30
3965,30
3966,30
3967,30
3968,30
3969,17
3970,36
3971,36
3972,36
3973,42
3974,1
3975,33
3976,22
3977,37
3978,37
3979,37
3980,37
3981,26
3982,26
3983,26
3984,12
3985,12
3986,12
3987,28
3988,28
3989,28
3990,28
3991,28
3992,28
3993,28
3994,28
3995,28
3996,21
3997,21
3998,36
3999,11
4000,13
4001,13
4002,13
4003,13
4004,13
4005,38
4006,13
4007,13
4008,13
4009,26
4010,26
4011,1
4012,33
4013,33
4014,38
4015,38
4016,38
4017,16
4018,38
4019,36
4020,36
4021,36
4022,16
4023,1
4024,1
4025,37
4026,37
4027,46
4028,32
4029,46
4030,22
4031,36
4032,36
4034,40
4035,36
4036,40
4037,40
4038,41
4039,13
4040,13
4041,13
4042,13
4043,13
4044,13
4045,13
4046,36
4048,15
4049,38
4050,27
4051,4
4052,37
4053,5
4054,5
4055,16
4056,16
4057,16
4058,16
4059,16
4060,37
4061,37
4062,37
4063,37
4064,37
4065,37
4066,37
4067,37
4068,37
4069,37
4070,33
4071,37
4072,37
4073,37
4074,23
4075,23
4076,23
4077,23
4078,44
4079,44
4080,44
4081,24
4082,24
4083,24
4084,24
4085,24
4086,24
4087,33
4088,41
4089,36
4090,41
4091,41
4092,41
4093,41
4094,41
4095,41
4096,42
4097,42
4098,42
4099,42
4100,42
4101,31
4102,31
4103,31
4104,31
4105,31
4106,40
4107,44
4108,40
4109,40
4110,11
4111,30
4112,11
4113,30
4114,30
4115,4
4116,4
4117,4
4118,49
4119,26
4120,26
4121,26
4122,26
4123,22
4124,22
4125,22
4126,22
4127,22
4128,16
4129,16
4130,16
4131,16
4132,16
4133,16
4134,16
4135,47
4136,47
4137,47
4138,47
4139,47
4140,37
4141,37
4142,36
4143,36
4144,4
4145,4
4146,4
4147,4
4148,4
4149,4
4150,12
4151,38
4152,12
4153,12
4154,26
4155,26
4156,19
4157,19
4158,19
4159,19
4160,33
4161,33
4162,33
4163,36
4164,33
4165,36
4166,11
4167,11
4168,11
4169,11
4170,42
4171,33
4172,33
4173,33
4174,1
4175,5
4176,1
4177,26
4178,41
4179,37
4180,37
4181,37
4182,37
4183,38
4184,16
4185,38
4186,16
4187,38
4188,16
4189,38
4190,33
4191,33
4192,33
4193,36
4194,36
4195,36
4196,36
4197,36
4198,16
4199,16
4200,16
4201,16
4202,36
4203,46
4204,46
4205,46
4206,22
4207,37
4208,40
4209,40
4210,26
4211,26
4212,36
4213,36
4214,26
4215,36
4216,26
4217,44
4218,5
4219,44
4220,44
4221,44
4222,44
4223,25
4224,25
4225,17
4226,17
4227,17
4228,33
4229,33
4230,33
4231,33
4232,47
4233,37
4234,37
4235,36
4236,36
4237,36
4238,33
4239,38
4240,38
4241,38
4242,38
4243,38
4244,42
4245,44
4246,22
4247,22
4248,42
4249,22
4250,22
4251,24
4252,41
4253,24
4254,33
4255,33
4256,33
4257,33
4258,33
4259,33
4260,33
4261,38
4262,38
4263,41
4264,22
4265,22
4266,22
4267,22
4268,1
4269,22
4270,13
4271,13
4272,13
4273,13
4274,13
4275,13
4276,13
4277,13
4278,38
4279,16
4280,16
4281,30
4282,30
4283,30
4284,30
4285,30
4286,21
4287,21
4288,21
4289,21
4290,37
4291,19
4292,28
4293,19
4294,19
4295,29
4296,41
4297,41
4298,41
4299,22
4300,22
4301,10
4302,16
4303,16
4304,47
4305,47
4306,47
4307,47
4308,47
4309,47
4310,47
4311,36
4312,47
4313,33
4314,33
4315,48
4316,36
4317,36
4318,46
4319,4
4320,4
4321,4
4322,4
4323,12
4324,12
4325,38
4326,26
4327,26
4328,26
4329,26
4330,19
4331,19
4332,42
4333,19
4334,19
4335,19
4336,19
4337,19
4338,37
4339,37
4340,17
4341,36
4342,36
4343,26
4344,26
4345,26
4346,23
4347,5
4348,5
4349,37
4350,5
4351,5
4352,37
4353,37
4354,37
4355,37
4356,37
4357,38
4358,38
4359,38
4360,33
4361,33
4362,33
4363,33
4364,33
4365,33
4366,48
4367,48
4368,48
4369,38
4370,22
4371,22
4372,37
4373,37
4374,21
4375,36
4376,38
4377,38
4378,37
4379,16
4380,37
4381,25
4382,25
4383,25
4384,25
4385,25
4386,25
4387,25
4388,25
4389,25
4390,25
4391,25
4392,25
4393,25
4394,25
4395,47
4396,47
4397,47
4398,47
4399,47
4400,33
4401,33
4402,33
4403,33
4404,38
4405,38
4406,38
4407,46
4408,46
4409,46
4410,38
4411,38
4412,46
4413,22
4414,22
4415,22
4416,22
4417,22
4418,22
4419,22
4420,41
4421,16
4422,16
4423,41
4424,21
4425,21
4426,21
4427,22
4428,22
4429,22
4430,22
4431,19
4432,19
4433,13
4434,13
4435,13
4436,15
4437,21
4438,21
4439,21
4440,21
4441,21
4442,21
4443,21
4444,21
4445,33
4446,33
4447,33
4448,37
4449,33
4450,49
4451,33
4452,29
4453,21
4454,29
4455,29
4456,41
4457,48
4458,33
4459,33
4460,31
4461,31
4462,31
4463,31
4464,18
4465,36
4466,1
4467,36
4468,36
4469,36
4470,36
4471,23
4472,23
4473,23
4474,23
4475,23
4476,23
4477,33
4478,48
4479,48
4480,46
4481,46
4482,46
4483,33
4484,46
4485,46
4486,37
4487,37
4488,37
4489,37
4490,37
4491,37
4492,37
4493,37
4494,37
4495,37
4496,16
4497,16
4498,16
4499,37
4500,37
4501,37
4502,37
4503,37
4504,37
4505,48
4506,42
4507,38
4508,37
4509,37
4510,37
4511,37
4512,21
4513,21
4514,21
4515,33
4516,33
4517,33
4518,38
4519,33
4520,41
4521,41
4522,41
4523,41
4524,41
4525,41
4526,41
4527,21
4528,21
4529,15
4530,15
4531,15
4532,24
4533,24
4534,24
4535,24
4536,25
4537,47
4538,33
4539,33
4540,33
4541,33
4542,33
4543,33
4544,33
4545,17
4546,22
4547,22
4548,22
4549,22
4550,22
4551,22
4552,23
4553,23
4554,23
4555,11
4556,16
4557,21
4558,21
4559,11
4562,11
4563,11
4564,19
4565,11
4566,11
4567,19
4568,19
4569,19
4570,1
4571,1
4572,1
4573,1
4574,1
4575,1
4576,15
4577,15
4578,15
4579,26
4580,15
4581,26
4582,26
4583,37
4585,37
4586,33
4587,33
4588,33
4589,33
4590,13
4591,37
4592,37
4593,37
4594,26
4595,26
4596,38
4597,38
4598,44
4599,48
4600,48
4601,48
4602,41
4603,41
4604,41
4605,41
4606,18
4607,18
4608,18
4609,38
4610,18
4611,18
4612,1
4613,1
4614,1
4615,1
4616,1
4617,33
4618,36
4619,36
4620,36
4621,36
4622,36
4623,26
4624,23
4625,38
4626,41
4627,41
4628,17
4629,29
4630,40
4631,40
4632,40
4633,40
4634,17
4635,17
4636,17
4637,8
4638,16
4639,8
4640,8
4641,8
4642,16
4643,1
4644,1
4645,1
4646,1
4647,16
4648,48
4649,48
4650,29
4651,29
4652,29
4653,12
4654,12
4655,12
4656,12
4657,12
4658,12
4659,12
4660,16
4661,16
4662,16
4663,16
4664,16
4665,16
4666,33
4667,10
4668,38
4669,33
4670,38
4671,38
4672,24
4673,24
4674,31
4675,41
4676,33
4677,33
4678,33
4679,22
4680,23
4681,23
4682,23
4683,23
4684,11
4685,36
4686,36
4687,26
4688,26
4689,26
4690,26
4691,26
4692,26
4693,37
4694,37
4695,37
4696,37
4697,37
4698,38
4699,33
4700,38
4701,38
4702,48
4703,37
4704,37
4705,37
4706,37
4707,37
4708,41
4709,38
4710,24
4711,41
4712,24
4713,48
4714,48
4715,48
4716,48
4717,36
4718,36
4719,36
4720,36
4721,26
4722,26
4723,26
4724,26
4725,26
4726,26
4727,34
4728,34
4729,34
4730,49
4731,1
4732,1
4733,14
4734,1
4735,35
4736,35
4737,26
4738,26
4739,26
4740,26
4741,21
4742,21
4743,21
4744,21
4745,21
4746,21
4747,38
4748,38
4749,37
4750,37
4751,41
4752,41
4753,41
4754,29
4755,30
4756,29
4757,29
4758,40
4759,40
4760,40
4761,40
4762,40
4763,17
4764,3
4766,17
4767,27
4768,8
4769,8
4770,37
4771,37
4772,37
4773,26
4774,36
4775,37
4776,26
4777,26
4778,26
4779,26
4780,26
4781,26
4782,29
4783,29
4784,29
4785,29
4786,29
4787,29
4788,29
4789,12
4790,12
4791,12
4792,12
4793,16
4794,16
4795,16
4796,16
4797,16
4798,16
4799,1
4800,1
4801,33
4802,48
4803,48
4804,36
4805,33
4806,44
4807,44
4808,44
4809,44
4810,26
4811,26
4812,36
4813,36
4814,36
4815,38
4816,26
4817,38
4818,38
4819,38
4820,38
4821,1
4822,1
4823,39
4824,37
4825,37
4826,37
4827,4
4828,41
4829,41
4830,23
4831,17
4832,48
4833,48
4834,36
4835,36
4836,36
4837,26
4838,26
4839,26
4840,38
4841,26
4842,26
4843,38
4844,38
4845,26
4846,26
4847,26
4848,26
4849,26
4850,26
4851,26
4852,26
4853,26
4854,26
4855,26
4856,26
4857,26
4858,26
4859,26
4860,26
4861,26
4862,22
4863,37
4864,14
4865,14
4866,14
4867,14
4868,10
4869,10
4870,10
4871,10
4872,10
4873,10
4874,10
4875,35
4876,35
4877,15
4878,35
4879,3
4880,33
4881,33
4882,33
4883,21
4884,21
4885,21
4886,21
4887,21
4888,17
4889,17
4890,37
4891,38
4892,11
4893,11
4894,37
4895,10
4896,30
4897,30
4898,44
4899,30
4900,44
4901,30
4902,26
4903,30
4904,30
4905,30
4906,36
4907,36
4908,36
4909,36
4910,49
4911,33
4912,33
4913,18
4914,37
4915,37
4916,37
4917,26
4918,26
4919,26
4920,26
4921,49
4922,49
4923,49
4924,49
4925,49
4926,49
4927,41
4928,16
4929,16
4930,16
4931,38
4932,38
4933,33
4934,9
4935,16
4936,48
4937,48
4938,48
4939,26
4940,26
4942,33
4943,38
4945,33
4946,26
4947,26
4948,26
4949,26
4950,44
4951,44
4952,44
4953,26
4954,26
4955,26
4956,26
4957,26
4958,26
4959,26
4960,26
4961,26
4962,26
4963,38
4964,33
4965,14
4966,37
4967,37
4968,9
4969,31
4970,21
4971,21
4972,21
4973,21
4974,1
4975,1
4976,37
4977,37
4978,38
4979,23
4980,4
4981,23
4982,32
4983,23
4984,23
4985,23
4986,23
4987,23
4988,38
4989,48
4990,38
4991,24
4992,24
4993,36
4994,47
4995,11
4996,42
4997,11
4998,11
4999,11
5000,48
5001,48
5002,48
5003,26
5004,26
5005,26
5006,26
5007,37
5008,37
5009,35
5010,35
5011,35
5012,14
5013,14
5014,14
5015,14
5016,14
5017,14
5018,41
5019,41
5020,23
5021,22
5022,22
5023,14
5024,14
5025,14
5026,33
5027,10
5028,33
5029,33
5030,15
5031,15
5032,15
5033,15
5034,16
5035,36
5036,33
5037,33
5038,38
5039,42
5041,38
5042,13
5043,13
5044,13
5045,13
5046,21
5047,17
5048,49
5049,33
5050,11
5051,23
5052,23
5053,11
5054,11
5055,11
5056,11
5057,11
5058,11
5059,33
5060,11
5061,11
5062,16
5063,18
5064,38
5065,16
5066,44
5067,44
5068,26
5069,26
5070,26
5071,26
5072,38
5073,49
5074,30
5075,30
5076,30
5077,15
5078,15
5079,15
5080,15
5081,33
5082,16
5083,15
5084,16
5085,16
5086,16
5087,1
5088,1
5089,1
5090,1
5091,26
5092,26
5093,26
5094,49
5095,49
5096,49
5097,26
5098,33
5099,33
5100,49
5101,49
5102,49
5103,49
5104,49
5105,1
5106,26
5107,26
5108,26
5109,26
5110,26
5111,41
5112,9
5113,9
5114,26
5115,38
5116,31
5117,38
5118,34
5119,37
5120,9
5121,41
5122,41
5123,41
5124,41
5125,41
5126,24
5127,24
5128,24
5129,33
5130,33
5131,26
5132,45
5133,45
5134,45
5135,26
5136,26
5137,26
5138,26
5139,26
5140,26
5141,26
5142,26
5143,26
5144,26
5145,44
5146,44
5147,44
5148,26
5151,1
5152,1
5153,44
5154,26
5155,26
5157,26
5158,26
5159,41
5160,41
5161,26
5162,26
5163,26
5164,26
5165,26
5166,5
5167,33
5168,33
5169,33
5170,33
5171,33
5172,37
5173,37
5174,37
5175,37
5176,31
5177,31
5178,31
5179,31
5180,11
5181,11
5182,11
5183,36
5184,36
5185,36
5186,36
5187,36
5188,36
5189,23
5190,32
5191,5
5192,32
5193,32
5194,48
5195,48
5196,38
5197,48
5198,38
5199,38
5200,38
5201,47
5202,47
5203,47
5204,47
5205,47
5206,11
5207,11
5208,11
5209,11
5210,11
5211,48
5212,48
5213,48
5214,48
5215,48
5216,48
5217,38
5218,26
5219,41
5220,41
5221,41
5222,38
5223,37
5224,37
5225,37
5226,41
5227,35
5228,35
5229,36
5230,35
5231,14
5232,14
5233,23
5234,14
5235,41
5236,33
5237,41
5238,41
5239,28
5240,28
5241,38
5242,28
5243,12
5244,38
5245,12
5246,38
5247,12
5248,12
5249,38
5250,38
5251,38
5252,38
5253,38
5254,38
5255,38
5256,38
5257,38
5258,38
5259,5
5260,12
5261,13
5262,40
5263,40
5264,49
5265,40
5266,40
5267,23
5268,23
5269,40
5270,23
5271,33
5272,33
5273,48
5274,33
5275,33
5276,33
5277,26
5278,26
5279,26
5280,26
5281,26
5282,26
5283,26
5284,38
5285,38
5286,28
5287,30
5288,27
5289,27
5290,27
5291,27
5292,26
5293,26
5294,16
5295,16
5296,36
5297,36
5298,1
5299,1
5300,46
5301,46
5302,1
5303,38
5304,1
5305,13
5306,23
5307,23
5308,23
5309,23
5310,26
5311,23
5312,26
5313,26
5314,16
5315,26
5316,38
5317,26
5318,39
5319,41
5320,41
5321,9
5322,41
5323,38
5324,21
5325,38
5326,38
5327,21
5328,21
5329,37
5330,11
5331,37
5332,37
5333,42
5334,11
5336,41
5337,24
5338,26
5339,24
5340,24
5341,44
5342,24
5343,37
5344,37
5345,37
5346,37
5347,37
5348,33
5349,33
5350,45
5351,45
5352,45
5353,45
5354,26
5355,18
5356,26
5357,26
5358,26
5359,38
5360,38
5361,42
5362,26
5363,26
5364,41
5365,38
5366,41
5367,38
5368,33
5369,41
5370,33
5371,28
5372,33
5373,1
5374,16
5375,1
5376,16
5377,21
5378,21
5379,1
5380,1
5381,1
5382,44
5383,47
5384,47
5385,47
5386,47
5387,47
5388,47
5389,47
5390,33
5391,37
5392,37
5393,37
5394,37
5395,33
5396,15
5397,33
5398,33
5399,26
5400,26
5401,17
5402,17
5403,17
5404,17
5405,47
5406,12
5407,49
5408,33
5409,33
5410,33
5411,32
5412,33
5413,33
5414,33
5415,33
5416,33
5417,33
5418,37
5419,37
5420,37
5421,11
5422,47
5423,33
5424,11
5425,11
5426,32
5427,11
5428,42
5429,42
5430,5
5431,5
5432,5
5433,5
5434,5
5435,36
5436,36
5437,2
5438,36
5439,2
5440,17
5441,17
5442,36
5443,36
5444,36
5445,41
5446,41
5447,41
5448,41
5449,38
5450,38
5451,41
5452,26
5453,41
5454,26
5455,33
5456,33
5457,33
5458,33
5459,47
5460,22
5461,22
5462,8
5463,8
5464,22
5465,16
5466,16
5467,31
5468,31
5469,31
5470,31
5471,23
5472,23
5473,23
5474,23
5475,28
5476,28
5477,28
5478,28
5479,28
5480,21
5481,21
5482,21
5483,21
5484,21
5485,36
5486,36
5487,36
5488,36
5489,21
5491,21
5492,19
5493,19
5494,19
5495,12
5497,12
5498,12
5499,12
5500,12
5501,12
5502,37
5503,22
5504,22
5505,22
5506,36
5507,36
5508,36
5509,36
5510,40
5511,14
5512,40
5513,40
5514,33
5515,33
5516,19
5517,19
5518,33
5519,48
5520,48
5521,48
5522,48
5523,48
5524,48
5525,48
5526,41
5527,41
5528,42
5529,26
5530,26
5531,41
5532,37
5533,37
5534,37
5535,37
5536,37
5537,37
5538,37
5539,17
5540,17
5541,17
5542,17
5543,11
5544,11
5545,11
5546,11
5547,26
5548,26
5549,26
5550,26
5551,26
5552,26
5553,38
5554,37
5555,33
5556,33
5557,33
5558,33
5559,32
5560,32
5561,32
5562,32
5563,46
5564,16
5565,16
5566,16
5567,47
5568,47
5569,26
5570,26
5571,26
5572,31
5573,23
5574,23
5575,31
5576,31
5577,41
5578,16
5579,26
5580,15
5581,15
5582,21
5583,21
5584,21
5585,21
5586,21
5587,44
5588,44
5589,44
5590,44
5591,44
5592,1
5593,1
5594,1
5595,1
5596,1
5597,1
5598,49
5599,49
5600,49
5601,49
5602,26
5603,33
5604,39
5605,49
5606,49
5607,33
5608,33
5609,38
5610,38
5611,26
5612,26
5613,30
5614,30
5615,30
5616,30
5617,41
5618,41
5619,27
5620,27
5621,33
5622,16
5623,31
5624,31
5625,31
5626,31
5627,31
5628,37
5629,37
5630,37
5631,47
5632,37
5633,37
5634,37
5635,3
5636,3
5637,49
5638,49
5639,49
5640,49
5641,41
5642,41
5643,41
5644,41
5645,9
5646,11
5647,36
5648,17
5649,17
5650,17
5651,27
5652,27
5653,36
5654,38
5655,15
5656,38
5657,41
5658,41
5659,16
5660,44
5661,16
5662,16
5663,16
5664,16
5665,16
5666,16
5667,16
5668,16
5669,16
5670,33
5671,26
5672,33
5673,26
5674,26
5675,33
5676,38
5677,1
5678,1
5679,1
5680,1
5681,10
5682,23
5683,10
5684,5
5685,10
5686,10
5687,10
5688,10
5689,10
5690,17
5691,44
5692,44
5693,44
5694,48
5695,48
5696,41
5697,47
5698,47
5699,47
5700,10
5701,47
5702,47
5703,38
5704,26
5705,23
5706,23
5707,38
5708,16
5709,16
5710,44
5711,44
5712,44
5713,44
5714,16
5715,16
5716,16
5717,16
5718,16
5719,16
5720,16
5721,48
5722,38
5723,31
5724,31
5726,44
5727,42
5728,23
5729,41
5730,28
5731,47
5732,28
5733,10
5734,37
5735,37
5736,37
5737,37
5738,37
5739,27
5740,21
5741,26
5742,26
5743,26
5744,26
5745,26
5746,47
5747,21
5748,21
5749,21
5750,21
5751,21
5752,21
5753,19
5754,19
5755,19
5756,19
5757,15
5758,15
5759,37
5760,22
5761,22
5762,42
5763,49
5764,49
5765,42
5766,49
5767,36
5768,1
5769,1
5770,36
5771,33
5772,33
5773,33
5774,26
5775,45
5776,45
5777,48
5778,42
5779,23
5780,23
5781,31
5782,33
5783,33
5784,33
5785,33
5786,33
5787,33
5788,33
5789,33
5790,33
5791,26
5792,26
5793,33
5794,26
5795,26
5796,33
5797,27
5798,27
5799,26
5800,26
5801,33
5802,33
5803,4
5804,13
5805,13
5806,13
5807,13
5808,13
5809,13
5810,13
5811,13
5812,13
5813,17
5814,13
5815,17
5816,46
5817,46
5818,41
5819,41
5820,41
5821,26
5822,26
5823,41
5824,41
5825,32
5826,32
5827,32
5828,44
5829,16
5830,16
5831,16
5832,47
5833,34
5834,34
5835,34
5836,34
5837,34
5839,34
5840,34
5841,34
5842,32
5843,31
5844,41
5845,41
5846,42
5847,41
5848,31
5849,31
5850,31
5851,31
5852,30
5853,30
5854,30
5855,21
5856,48
5857,21
5858,21
5859,21
5860,42
5861,42
5862,42
5863,38
5864,1
5865,1
5866,10
5867,1
5868,1
5869,48
5870,49
5871,49
5872,49
5873,49
5874,49
5875,49
5876,26
5877,26
5878,26
5879,26
5880,26
5881,11
5882,11
5883,25
5884,49
5885,30
5886,49
5887,49
5888,41
5889,41
5890,31
5891,31
5892,41
5893,41
5894,41
5895,37
5896,37
5897,37
5898,37
5899,37
5900,3
5901,3
5902,3
5903,9
5904,5
5905,5
5906,5
5907,5
5908,5
5909,38
5910,36
5911,36
5912,36
5913,36
5914,36
5915,36
5918,36
5919,36
5920,36
5921,48
5922,41
5923,41
5924,41
5925,42
5926,16
5927,16
5928,16
5929,43
5930,16
5931,32
5932,32
5933,32
5935,15
5936,15
5937,15
5938,15
5939,15
5940,15
5941,36
5942,36
5943,26
5944,26
5945,26
5946,26
5947,14
5948,27
5949,10
5950,10
5951,10
5952,44
5953,44
5954,44
5955,26
5956,26
5957,26
5958,20
5959,20
5960,20
5961,20
5962,48
5963,48
5964,48
5965,23
5966,23
5967,23
5968,23
5969,23
5970,31
5972,44
5973,42
5974,42
5976,16
5977,23
5979,16
5980,44
5981,15
5982,44
5983,44
5984,15
5985,12
5986,12
5987,12
5988,48
5989,12
5990,42
5991,42
5992,10
5993,10
5994,10
5995,10
5996,10
5997,37
5998,37
5999,37
6000,37
6001,37
6002,26
6003,15
6004,8
6005,40
6006,40
6007,46
6008,14
6009,14
6010,14
6011,47
6012,27
6013,26
6014,47
6015,35
6016,47
6017,15
6018,15
6019,36
6020,9
6021,9
6022,9
6023,49
6024,33
6025,33
6026,33
6027,33
6028,33
6029,33
6030,33
6031,33
6032,39
6033,39
6034,36
6035,39
6036,45
6037,45
6038,45
6039,45
6040,45
6041,45
6042,45
6043,33
6044,33
6045,33
6046,33
6047,33
6048,33
6049,33
6050,33
6051,33
6052,33
6053,33
6054,33
6055,15
6057,33
6058,33
6059,42
6062,38
6063,27
6064,27
6065,10
6066,42
6067,4
6069,42
6070,29
6071,33
6072,33
6073,33
6074,33
6075,44
6076,44
6077,44
6078,44
6079,13
6080,13
6081,13
6082,13
6083,13
6084,46
6085,46
6086,41
6087,37
6088,37
6089,37
6090,37
6091,42
6092,42
6093,41
6094,41
6095,41
6096,41
6097,2
6098,2
6099,2
6100,20
6101,20
6102,20
6103,26
6104,26
6105,48
6106,41
6107,23
6108,23
6109,23
6110,34
6111,34
6112,38
6113,41
6114,41
6115,41
6116,41
6117,48
6118,17
6119,17
6120,17
6121,17
6122,17
6123,42
6124,41
6125,5
6126,42
6127,30
6128,30
6129,30
6130,30
6131,21
6132,21
6133,21
6134,21
6135,21
6136,21
6137,21
6138,21
6139,42
6140,42
6141,42
6142,42
6143,42
6144,47
6145,27
6146,47
6147,27
6148,23
6149,23
6150,47
6151,47
6152,47
6153,47
6154,47
6155,38
6156,38
6157,37
6158,42
6159,42
6160,19
6161,42
6162,19
6163,42
6164,30
6165,30
6166,11
6167,11
6168,11
6169,25
6170,25
6171,25
6172,25
6173,25
6174,25
6175,25
6176,25
6177,25
6178,25
6179,38
6180,33
6181,33
6182,33
6183,42
6184,33
6185,33
6186,33
6187,49
6188,26
6189,41
6190,41
6191,41
6192,26
6193,41
6194,5
6195,5
6196,42
6197,42
6198,42
6199,45
6200,45
6201,1
6202,22
6203,22
6204,22
6205,22
6206,47
6207,24
6208,47
6210,27
6211,27
6212,27
6213,27
6214,27
6215,16
6216,38
6217,38
6218,38
6219,43
6220,43
6221,33
6222,33
6223,33
6224,33
6225,33
6226,43
6227,43
6228,32
6229,32
6230,33
6231,33
6232,33
6233,33
6234,33
6235,33
6236,36
6237,36
6238,36
6239,36
6240,36
6241,36
6242,36
6243,26
6244,26
6245,26
6246,26
6247,26
6248,38
6250,23
6251,9
6252,11
6253,11
6254,11
6255,11
6256,2
6257,11
6260,28
6261,48
6262,1
6263,28
6264,36
6265,35
6266,33
6267,33
6268,33
6269,33
6270,24
6271,31
6272,24
6273,36
6274,36
6275,36
6276,28
6277,23
6278,23
6279,23
6280,44
6281,44
6282,12
6283,12
6284,12
6285,1
6286,12
6287,12
6288,42
6289,42
6290,42
6291,15
6292,42
6293,42
6294,14
6295,14
6296,14
6297,38
6298,38
6299,38
6300,38
6301,36
6302,36
6303,36
6304,15
6305,44
6306,44
6307,44
6308,15
6309,32
6310,32
6311,32
6312,33
6313,40
6314,46
6315,46
6316,46
6317,46
6318,46
6319,21
6320,21
6321,21
6322,14
6323,14
6324,14
6325,14
6326,35
6327,14
6328,36
6329,36
6330,37
6331,37
6332,37
6333,26
6334,33
6335,33
6336,33
6337,33
6338,33
6339,39
6340,39
6341,39
6342,39
6343,39
6344,39
6345,39
6346,39
6347,39
6348,39
6349,1
6351,49
6352,33
6353,33
6354,33
6355,15
6356,49
6357,49
6358,49
6359,38
6360,38
6361,38
6362,38
6363,36
6364,33
6365,38
6366,33
6367,33
6368,12
6369,12
6370,42
6371,16
6372,29
6373,29
6374,44
6375,44
6376,44
6377,44
6378,44
6379,44
6380,30
6381,1
6382,37
6383,1
6384,37
6385,37
6386,21
6387,21
6388,33
6389,33
6390,33
6391,33
6392,13
6393,13
6394,13
6395,13
6396,13
6397,13
6398,13
6399,47
6400,11
6401,11
6402,11
6403,49
6404,48
6405,38
6406,38
6407,38
6408,38
6410,44
6411,48
6413,44
6414,47
6415,23
6416,23
6417,41
6418,38
6419,41
6420,41
6421,41
6422,41
6423,41
6424,44
6425,44
6426,44
6427,44
6428,44
6429,26
6430,26
6431,17
6432,17
6433,30
6434,17
6435,17
6436,17
6437,41
6438,36
6439,36
6440,36
6441,13
6442,13
6443,13
6444,39
6445,13
6446,13
6447,13
6448,13
6449,13
6450,12
6451,12
6452,12
6453,12
6454,41
6455,41
6456,41
6457,23
6458,23
6459,23
6460,23
6461,21
6462,47
6463,47
6464,38
6465,49
6466,49
6467,38
6468,37
6469,41
6470,41
6471,40
6472,41
6473,37
6474,37
6475,37
6476,37
6477,41
6478,41
6479,41
6480,19
6481,19
6482,19
6483,19
6484,33
6485,33
6486,35
6487,33
6488,33
6489,17
6490,33
6491,33
6492,42
6493,1
6494,45
6495,45
6496,45
6497,45
6498,37
6499,37
6500,37
6501,37
6502,37
6503,37
6504,37
6505,48
6506,48
6507,48
6508,16
6509,16
6510,16
6511,22
6512,22
6513,47
6514,47
6515,47
6516,47
6517,47
6518,47
6519,27
6520,27
6521,27
6523,12
6524,37
6525,41
6526,41
6527,41
6528,13
6529,13
6530,13
6531,13
6532,13
6533,13
6534,47
6535,41
6536,41
6537,15
6538,15
6539,26
6540,26
6541,26
6542,13
6543,13
6544,33
6545,33
6546,33
6547,33
6548,10
6549,33
6550,38
6551,38
6552,38
6553,38
6554,38
6555,37
6556,37
6557,37
6558,22
6559,22
6560,22
6561,22
6562,11
6563,48
6564,48
6565,1
6566,36
6567,36
6568,36
6569,33
6570,33
6571,1
6572,32
6573,40
6574,24
6575,38
6576,38
6577,40
6578,44
6579,44
6580,16
6581,21
6582,21
6583,44
6584,11
6585,11
6586,11
6587,41
6588,41
6589,41
6590,14
6591,14
6592,14
6593,38
6594,38
6595,38
6596,44
6597,44
6598,44
6599,44
6600,44
6601,44
6602,44
6603,44
6604,44
6605,38
6606,32
6607,32
6608,32
6609,36
6610,32
6611,32
6612,32
6613,32
6614,32
6615,32
6616,32
6617,32
6618,32
6619,26
6620,26
6621,26
6622,26
6623,26
6624,21
6625,21
6626,45
6627,45
6628,45
6629,45
6630,45
6631,14
6632,45
6633,45
6634,45
6635,45
6636,45
6637,45
6638,45
6639,45
6640,45
6641,45
6642,45
6643,45
6644,45
6645,45
6646,45
6647,45
6648,45
6649,45
6650,45
6651,45
6652,45
6653,45
6654,45
6655,45
6656,45
6657,45
6658,45
6659,14
6660,14
6661,14
6662,14
6663,14
6664,37
6665,41
6666,41
6667,41
6668,41
6669,41
6670,41
6671,41
6672,41
6673,41
6674,41
6675,41
6676,35
6677,35
6678,35
6679,35
6680,5
6681,5
6682,5
6683,5
6684,23
6685,23
6686,23
6687,13
6688,13
6689,13
6690,13
6691,13
6692,11
6693,1
6694,1
6695,36
6696,36
6697,38
6698,38
6699,38
6700,39
6701,38
6702,38
6703,38
6704,38
6705,26
6706,26
6707,26
6708,37
6709,37
6710,37
6711,37
6712,37
6713,37
6714,37
6715,47
6716,18
6717,18
6718,47
6719,47
6720,47
6721,47
6722,47
6723,47
6724,41
6725,41
6726,38
6727,38
6728,41
6729,2
6730,44
6731,44
6732,44
6733,44
6734,26
6735,44
6736,44
6737,44
6738,26
6739,26
6740,26
6741,26
6742,26
6743,36
6744,38
6745,38
6746,10
6747,10
6748,10
6749,10
6750,10
6751,42
6752,42
6753,13
6755,13
6756,13
6757,13
6759,12
6760,12
6761,33
6762,12
6763,12
6764,33
6765,41
6766,41
6767,41
6768,22
6769,22
6770,22
6771,22
6772,26
6773,22
6774,22
6775,22
6776,21
6777,21
6778,21
6779,21
6780,21
6781,21
6782,21
6783,40
6784,40
6785,40
6786,38
6787,20
6788,20
6789,26
6790,26
6791,28
6792,28
6793,28
6794,28
6795,2
6796,37
6797,37
6798,37
6799,37
6800,37
6801,26
6802,26
6803,35
6804,41
6805,41
6806,41
6807,42
6808,41
6809,38
6810,38
6811,37
6812,37
6813,37
6814,37
6815,37
6816,37
6817,48
6818,48
6819,48
6820,48
6821,48
6822,48
6823,23
6824,23
6825,23
6826,23
6827,23
6828,23
6831,22
6832,22
6833,21
6834,21
6835,42
6836,47
6837,27
6838,47
6839,47
6840,47
6841,47
6842,47
6843,47
6844,42
6845,11
6846,11
6847,9
6848,11
6849,9
6850,13
6851,13
6852,13
6853,13
6854,13
6855,13
6856,13
6857,41
6858,41
6859,41
6860,41
6861,26
6862,26
6863,26
6864,26
6865,26
6866,33
6867,33
6868,33
6869,33
6870,33
6871,5
6872,5
6873,37
6874,37
6875,37
6876,37
6877,37
6878,22
6879,16
6880,16
6881,22
6882,48
6883,48
6884,48
6885,33
6886,33
6888,32
6889,32
6890,32
6891,32
6892,42
6893,42
6894,42
6895,44
6896,44
6897,44
6898,44
6899,44
6900,37
6901,36
6902,36
6903,36
6904,21
6905,21
6906,41
6907,41
6908,41
6909,41
6910,21
6911,44
6912,44
6913,44
6914,44
6915,11
6916,38
6917,11
6918,41
6919,41
6920,41
6921,41
6922,41
6923,38
6924,21
6925,21
6926,37
6927,37
6928,37
6929,37
6930,41
6931,41
6932,30
6933,30
6934,30
6935,12
6936,32
6937,32
6938,32
6939,32
6940,32
6941,32
6942,32
6943,21
6944,38
6945,24
6946,21
6947,21
6948,21
6949,45
6950,45
6951,45
6952,45
6953,14
6954,14
6955,38
6956,33
6957,38
6958,37
6959,37
6960,37
6961,41
6962,41
6963,37
6964,41
6965,41
6966,41
6967,49
6969,35
6970,35
6971,35
6972,35
6973,35
6974,16
6975,16
6976,41
6977,41
6978,33
6979,41
6980,41
6981,26
6982,26
6983,49
6984,26
6985,1
6986,1
6987,1
6988,1
6989,38
6990,38
6991,38
6992,38
6993,38
6994,41
6995,41
6996,41
6997,26
6998,41
6999,42
7000,42
7001,42
7002,37
7003,37
7004,37
7005,18
7007,18
7008,18
7009,18
7010,18
7011,11
7012,27
7013,38
7014,38
7015,38
7016,2
7017,2
7018,2
7019,36
7020,36
7021,36
7022,23
7023,23
7024,23
7025,16
7026,16
7027,42
7028,42
7029,42
7030,42
7031,42
7032,32
7033,32
7034,32
7035,32
7036,32
7037,26
7038,26
7039,10
7040,39
7041,10
7042,10
7043,39
7044,39
7045,39
7046,39
7047,39
7048,39
7049,32
7050,32
7051,39
7052,39
7053,26
7054,26
7055,26
7056,26
7057,26
7058,26
7059,26
7060,27
7061,36
7062,4
7063,4
7064,4
7065,4
7066,33
7067,4
7068,4
7069,4
7070,16
7071,16
7072,36
7073,36
7074,36
7075,35
7076,35
7077,35
7078,35
7079,47
7080,35
7081,19
7082,15
7083,15
7084,15
7085,16
7086,16
7087,40
7089,40
7091,31
7092,31
7093,38
7094,37
7095,28
7096,28
7097,48
7098,48
7099,48
7100,48
7101,48
7102,28
7103,41
7104,41
7105,41
7106,9
7107,41
7108,9
7109,9
7110,33
7111,26
7112,41
7113,41
7114,33
7115,41
7116,38
7117,38
7118,38
7119,31
7120,10
7121,10
7122,10
7123,30
7124,32
7125,30
7126,30
7127,41
7128,36
7129,10
7130,42
7131,15
7132,10
7133,10
7134,28
7135,28
7136,28
7137,33
7138,33
7139,33
7140,33
7141,37
7142,37
7143,37
7144,47
7145,40
7146,40
7147,40
7148,40
7149,40
7150,40
7151,40
7152,40
7153,38
7154,38
7155,38
7156,11
7157,36
7158,36
7159,36
7160,36
7161,27
7162,36
7163,26
7164,26
7165,26
7166,26
7167,26
7168,26
7169,22
7170,22
7171,22
7172,5
7173,42
7174,5
7175,42
7176,42
7177,42
7178,33
7179,33
7180,33
7181,33
7182,33
7183,35
7184,14
7185,33
7186,33
7187,33
7188,26
7189,15
7190,15
7191,15
7192,15
7193,15
7194,15
7195,42
7196,42
7197,42
7198,42
7199,42
7200,42
7201,37
7202,37
7203,36
7204,36
7205,36
7206,36
7207,36
7208,36
7209,36
7210,41
7211,37
7212,37
7213,41
7214,41
7215,32
7216,32
7217,32
7218,32
7219,32
7220,32
7221,32
7222,21
7223,21
7224,21
7225,21
7226,21
7227,21
7228,21
7230,37
7231,37
7232,37
7233,37
7234,37
7235,37
7236,37
7237,37
7238,37
7239,37
7240,37
7241,37
7242,37
7243,37
7244,38
7245,37
7246,38
7247,37
7248,37
7249,38
7250,24
7251,38
7252,12
7253,12
7254,12
7255,42
7256,42
7257,42
7258,42
7259,42
7260,42
7261,42
7262,21
7263,36
7264,21
7265,21
7266,21
7267,21
7268,21
7269,1
7270,21
7271,21
7272,38
7273,11
7274,11
7275,31
7276,37
7277,46
7278,33
7279,33
7280,33
7281,33
7282,33
7283,38
7284,37
7285,24
7287,37
7288,37
7289,37
7290,37
7291,37
7292,37
7293,37
7294,18
7295,18
7296,18
7297,18
7298,16
7299,11
7300,41
7301,41
7302,41
7303,41
7304,33
7305,37
7306,37
7307,37
7308,37
7309,12
7310,26
7311,28
7312,33
7313,37
7314,33
7315,41
7316,30
7317,36
7318,12
7319,12
7320,12
7321,12
7322,12
7323,12
7324,12
7325,12
7326,12
7327,12
7328,12
7329,12
7330,12
7331,12
7332,12
7334,33
7335,33
7336,2
7337,2
7338,20
7339,13
7340,2
7341,36
7342,36
7343,36
7344,36
7345,36
7346,32
7347,32
7348,33
7349,16
7350,42
7351,42
7352,42
7356,32
7357,32
7358,32
7359,32
7360,32
7361,47
7362,26
7363,33
7364,47
7365,47
7366,47
7367,48
7368,39
7369,39
7370,39
7371,39
7372,47
7373,47
7374,14
7375,14
7376,14
7377,14
7378,14
7379,14
7380,27
7381,26
7382,4
7383,4
7384,4
7385,4
7386,4
7387,4
7388,16
7389,33
7390,33
7391,35
7392,35
7393,35
7394,35
7395,35
7396,35
7397,34
7398,34
7399,15
7400,15
7401,15
7402,15
7403,15
7404,15
7405,21
7406,21
7407,17
7408,17
7409,17
7410,37
7411,48
7412,48
7413,48
7414,48
7416,1
7417,38
7418,38
7421,41
7422,47
7423,9
7424,1
7425,9
7426,9
7427,33
7428,33
7429,33
7430,33
7431,33
7432,33
7433,33
7434,16
7435,15
7436,15
7437,15
7438,16
7439,10
7440,10
7441,10
7442,10
7443,12
7444,42
7445,42
7446,42
7447,42
7448,13
7449,30
7450,13
7451,13
7452,13
7453,36
7454,36
7455,33
7456,36
7457,33
7458,33
7459,33
7460,33
7461,41
7462,28
7463,28
7464,28
7465,28
7466,49
7467,28
7468,28
7470,28
7471,40
7472,28
7473,40
7474,40
7475,40
7476,37
7477,40
7478,40
7479,40
7480,38
7481,36
7482,36
7483,38
7484,36
7485,36
7486,33
7487,33
7488,48
7489,10
7490,26
7491,26
7492,26
7493,15
7495,22
7497,29
7498,29
7499,42
7501,38
7502,26
7503,16
7504,16
7505,16
7506,16
7507,42
7508,41
7509,36
7510,36
7511,36
7512,36
7513,42
7514,42
7515,42
7516,42
7517,42
7518,42
7519,37
7520,37
7521,37
7522,15
7523,32
7524,24
7525,32
7526,32
7527,32
7528,49
7529,32
7530,33
7531,33
7532,24
7533,24
7534,33
7537,31
7538,41
7539,48
7540,41
7541,41
7542,41
7543,18
7544,18
7545,18
7546,18
7547,18
7548,18
7549,16
7550,16
7551,16
7552,41
7553,15
7554,15
7555,15
7556,15
7557,15
7558,26
7559,36
7560,36
7561,36
7562,33
7563,32
7564,32
7565,32
7566,32
7567,32
7568,32
7569,26
7570,23
7571,10
7572,7
7573,7
7574,7
7575,37
7576,7
7577,7
7578,7
7579,7
7580,7
7581,7
7582,7
7583,7
7584,7
7585,7
7586,7
7587,7
7588,7
7589,7
7590,7
7591,7
7592,7
7593,7
7594,37
7595,37
7596,37
7597,37
7598,40
7599,40
7600,37
7601,26
7602,26
7603,12
7604,12
7605,18
7606,18
7607,33
7608,41
7609,18
7610,26
7611,26
7612,26
7613,11
7614,49
7615,49
7616,11
7617,11
7618,33
7619,33
7620,33
7621,33
7622,33
7623,41
7624,41
7625,41
7626,41
7627,41
7628,41
7629,30
7630,30
7631,30
7632,30
7633,30
7634,33
7635,12
7636,12
7637,12
7638,12
7639,12
7640,46
7641,46
7642,24
7643,24
7644,24
7645,24
7646,24
7647,24
7648,24
7649,38
7650,12
7651,12
7652,9
7653,32
7654,32
7655,32
7656,32
7658,33
7659,33
7660,33
7661,33
7662,33
7663,33
7664,33
7665,33
7666,16
7667,11
7668,11
7669,11
7670,11
7671,48
7672,48
7673,48
7674,48
7675,38
7676,38
7677,33
7678,33
7679,16
7680,49
7681,41
7682,34
7683,48
7684,48
7685,26
7686,26
7687,48
7688,26
7689,26
7690,14
7691,26
7692,14
7693,15
7694,14
7695,48
7696,48
7697,27
7698,48
7699,33
7700,33
7701,33
7702,33
7703,33
7704,28
7705,28
7707,28
7708,34
7709,15
7710,15
7711,15
7712,15
7713,15
7714,21
7715,21
7716,44
7717,21
7718,21
7719,14
7720,17
7721,14
7722,17
7723,17
7724,26
7725,26
7726,1
7727,16
7728,16
7729,16
7730,16
7731,31
7732,31
7733,31
7734,31
7735,46
7736,46
7737,46
7738,46
7739,46
7740,33
7741,33
7742,33
7743,31
7744,33
7745,33
7746,41
7747,31
7748,16
7749,16
7750,44
7751,44
7752,44
7753,44
7754,44
7755,44
7756,36
7757,36
7758,36
7759,36
7760,36
7761,36
7762,36
7763,26
7764,26
7765,13
7766,13
7767,46
7768,46
7769,46
7770,46
7771,23
7772,23
7773,33
7774,33
7775,47
7776,36
7777,47
7778,47
7779,41
7780,41
7781,41
7782,41
7783,11
7784,11
7785,11
7786,11
7787,9
7788,9
7789,40
7790,40
7791,9
7792,40
7793,26
7794,26
7795,26
7796,26
7797,5
7798,33
7799,24
7800,5
7801,24
7802,5
7803,15
7804,15
7805,15
7806,15
7807,1
7808,17
7809,17
7810,16
7811,27
7812,31
7813,31
7814,31
7815,31
7816,31
7817,48
7818,48
7819,48
7820,10
7821,36
7822,36
7823,41
7824,41
7825,41
7826,41
7827,36
7828,36
7829,36
7830,29
7831,29
7832,29
7833,29
7834,33
7835,33
7836,33
7837,33
7838,16
7839,16
7840,16
7841,36
7842,41
7843,26
7844,26
7845,16
7846,26
7847,48
7848,48
7849,24
7850,24
7851,24
7852,24
7853,24
7854,24
7855,37
7856,9
7857,44
7858,44
7859,44
7860,44
7861,49
7862,49
7863,30
7864,30
7865,41
7866,41
7867,41
7868,30
7869,41
7870,41
7871,41
7872,41
7873,41
7874,41
7875,41
7876,42
7877,41
7878,18
7879,18
7880,16
7881,16
7882,10
7883,37
7884,37
7885,4
7886,4
7887,4
7888,4
7889,15
7890,42
7891,42
7892,42
7893,42
7894,42
7895,42
7896,15
7897,42
7898,42
7899,42
7900,42
7901,22
7902,22
7903,22
7904,22
7905,22
7906,32
7907,32
7908,32
7909,32
7910,26
7911,26
7912,26
7913,26
7914,26
7915,26
7916,7
7917,7
7918,7
7919,7
7920,7
7921,1
7922,7
7923,7
7924,26
7925,26
7926,26
7927,26
7928,26
7929,21
7930,40
7931,40
7932,32
7933,36
7934,26
7935,38
7936,38
7937,26
7938,40
7939,40
7940,31
7941,1
7942,31
7943,1
7944,31
7945,12
7946,12
7947,12
7948,12
7949,12
7950,12
7951,9
7952,37
7953,37
7954,33
7955,33
7956,42
7957,38
7958,38
7959,38
7960,38
7961,49
7962,38
7964,14
7965,14
7966,14
7967,33
7968,33
7969,33
7970,47
7971,15
7972,49
7973,49
7974,41
7975,41
7976,41
7977,41
7978,30
7979,30
7980,30
7981,30
7982,37
7983,36
7984,1
7985,36
7986,36
7987,36
7988,24
7989,24
7990,24
7991,24
7992,24
7993,24
7994,24
7995,24
7996,24
7997,24
7998,12
7999,12
8000,12
8001,12
8002,12
8003,12
8004,12
8005,12
8006,12
8007,12
8008,12
8009,12
8010,12
8011,12
8012,12
8013,33
8014,48
8015,33
8016,33
8017,38
8018,41
8019,41
8020,41
8021,37
8022,41
8023,11
8024,11
8025,48
8026,48
8027,48
8028,48
8029,48
8030,48
8031,48
8032,48
8033,48
8034,49
8035,49
8036,33
8037,33
8038,23
8039,23
8040,23
8041,23
8042,23
8043,26
8044,26
8045,26
8046,26
8047,26
8048,15
8049,48
8050,48
8051,18
8052,18
8053,48
8055,42
8056,42
8057,42
8058,42
8059,42
8060,42
8061,15
8062,15
8064,27
8065,36
8066,36
8067,14
8068,14
8069,14
8070,9
8071,31
8072,31
8073,31
8074,9
8075,46
8076,46
8077,33
8078,33
8079,33
8080,36
8081,36
8082,36
8083,27
8084,23
8085,44
8086,44
8087,44
8088,44
8089,26
8090,26
8091,26
8092,26
8093,9
8094,40
8095,46
8096,46
8097,46
8098,46
8099,46
8100,21
8101,21
8102,37
8103,37
8104,26
8105,33
8106,33
8107,47
8108,47
8109,1
8110,26
8111,1
8112,1
8113,1
8114,1
8115,1
8116,1
8117,1
8118,40
8119,40
8120,40
8121,26
8122,26
8123,26
8124,26
8125,9
8126,20
8127,20
8128,19
8129,24
8130,41
8131,41
8132,41
8133,23
8134,23
8135,1
8136,27
8137,27
8138,27
8139,48
8140,48
8141,48
8142,48
8143,36
8144,36
8145,36
8146,36
8147,38
8148,36
8149,41
8150,41
8151,41
8152,37
8153,36
8154,36
8155,36
8156,36
8157,35
8158,49
8159,49
8160,37
8161,35
8162,35
8163,33
8164,23
8165,23
8166,23
8167,36
8168,23
8169,16
8170,16
8171,16
8172,26
8174,38
8175,41
8176,24
8177,24
8178,48
8179,48
8180,48
8181,48
8182,44
8183,44
8184,44
8185,30
8186,30
8187,30
8188,36
8189,36
8190,49
8191,42
8192,42
8194,42
8195,37
8196,42
8197,37
8198,37
8199,37
8200,37
8201,36
8202,36
8203,37
8204,10
8205,10
8206,4
8207,4
8208,4
8209,23
8210,23
8211,42
8212,22
8213,22
8214,23
8215,23
8216,11
8217,11
8218,16
8219,5
8220,24
8221,5
8222,5
8223,5
8224,1
8225,1
8226,1
8227,1
8228,21
8229,21
8230,16
8231,27
8232,16
8233,27
8234,42
8235,42
8236,42
8237,42
8238,42
8239,26
8240,36
8241,36
8242,26
8243,36
8244,46
8245,17
8246,17
8247,40
8248,40
8249,31
8250,21
8251,31
8252,22
8253,22
8254,22
8255,22
8256,22
8257,22
8258,22
8259,37
8260,37
8261,37
8262,19
8263,19
8264,19
8265,42
8266,49
8267,49
8268,49
8269,14
8270,14
8271,14
8272,14
8273,42
8274,38
8275,15
8276,44
8277,44
8278,15
8279,27
8280,27
8281,41
8282,41
8283,41
8284,41
8285,37
8286,37
8287,37
8288,37
8289,41
8290,1
8291,1
8292,44
8293,1
8294,44
8295,44
8296,44
8297,44
8298,44
8299,49
8300,49
8301,49
8302,49
8303,49
8304,1
8305,46
8306,1
8308,49
8309,49
8310,49
8311,49
8312,37
8313,37
8314,22
8315,48
8316,48
8317,16
8318,1
8319,1
8320,1
8321,1
8322,33
8323,33
8324,36
8325,37
8326,36
8327,22
8328,33
8329,14
8330,14
8331,14
8332,41
8333,41
8334,41
8335,41
8336,41
8337,41
8338,41
8339,41
8340,41
8341,41
8342,41
8343,41
8344,36
8345,36
8346,26
8347,36
8348,47
8349,28
8350,47
8351,47
8352,47
8353,47
8354,36
8355,33
8356,36
8357,47
8358,36
8359,49
8361,47
8362,35
8363,1
8364,1
8365,47
8366,1
8367,1
8368,23
8369,23
8370,36
8371,36
8372,36
8373,18
8374,18
8375,18
8376,18
8377,18
8378,8
8379,8
8380,8
8381,8
8382,8
8383,8
8384,8
8386,18
8388,18
8390,42
8391,42
8392,31
8393,42
8394,42
8395,42
8396,42
8397,42
8398,42
8399,42
8400,42
8401,1
8402,1
8403,27
8404,24
8405,42
8406,42
8407,42
8408,36
8409,16
8410,16
8411,9
8412,9
8413,36
8414,36
8415,36
8416,36
8417,36
8418,49
8419,36
8420,27
8421,27
8422,49
8423,26
8424,49
8425,26
8426,17
8427,17
8428,17
8429,17
8430,37
8431,37
8432,49
8433,10
8434,10
8435,26
8436,26
8437,26
8438,37
8439,36
8440,37
8441,36
8442,36
8443,36
8444,1
8445,40
8446,41
8447,1
8448,1
8449,24
8450,24
8451,17
8452,17
8453,17
8454,1
8455,1
8456,15
8457,15
8458,15
8459,15
8460,15
8461,17
8462,45
8463,45
8464,45
8465,19
8466,19
8467,45
8468,19
8469,19
8470,45
8471,45
8472,23
8473,23
8474,23
8475,23
8476,10
8477,10
8478,10
8479,10
8480,28
8481,28
8482,26
8483,28
8484,28
8485,28
8486,26
8487,26
8488,26
8489,38
8490,38
8491,2
8492,38
8493,38
8494,37
8495,36
8496,9
8497,33
8498,9
8499,9
8500,9
8501,36
8502,48
8503,48
8504,48
8505,23
8506,23
8507,37
8508,37
8509,26
8510,2
8511,2
8512,41
8513,41
8514,41
8515,41
8516,41
8517,37
8518,24
8519,24
8520,24
8521,5
8522,5
8523,5
8524,5
8525,5
8526,49
8527,49
8528,49
8529,9
8530,9
8531,9
8532,42
8533,42
8534,42
8535,42
8536,37
8537,37
8538,37
8539,37
8540,40
8541,44
8542,44
8543,44
8544,44
8545,44
8546,44
8547,5
8548,5
8549,5
8550,5
8551,5
8552,5
8553,41
8554,41
8555,41
8556,27
8557,47
8558,47
8559,27
8560,21
8561,21
8562,21
8563,15
8564,42
8565,36
8566,42
8567,10
8568,10
8569,10
8570,10
8571,32
8572,32
8573,32
8574,44
8575,44
8576,44
8577,44
8578,33
8579,33
8580,30
8581,30
8582,33
8583,16
8584,16
8585,16
8586,22
8587,22
8588,22
8589,5
8590,5
8591,5
8592,19
8593,13
8594,19
8595,1
8596,4
8597,4
8598,4
8599,4
8600,38
8601,38
8602,38
8603,38
8604,33
8605,33
8606,33
8607,33
8608,33
8609,13
8610,33
8611,33
8612,41
8613,41
8614,41
8615,37
8616,8
8617,1
8618,1
8619,1
8620,1
8621,1
8622,1
8623,16
8624,1
8625,44
8626,44
8627,44
8628,49
8629,49
8630,49
8631,49
8632,49
8633,41
8634,1
8635,1
8636,1
8637,1
8638,44
8639,44
8640,44
8641,44
8642,49
8643,49
8644,36
8645,42
8646,42
8647,42
8648,39
8649,27
8650,36
8651,47
8652,47
8653,16
8654,35
8655,35
8656,35
8657,35
8658,35
8659,35
8660,35
8661,1
8662,1
8663,1
8664,36
8665,41
8666,41
8667,36
8668,36
8669,42
8670,42
8671,22
8672,22
8673,14
8674,14
8675,14
8676,14
8677,14
8678,16
8679,16
8680,42
8681,42
8682,42
8683,42
8684,35
8685,35
8686,35
8687,35
8688,35
8689,35
8690,35
8691,42
8692,42
8693,36
8694,36
8695,47
8696,47
8697,47
8698,47
8699,47
8700,47
8701,36
8702,36
8703,36
8704,49
8705,36
8706,36
8707,36
8708,37
8709,23
8710,35
8711,35
8712,35
8713,35
8714,11
8715,1
8716,42
8717,16
8718,18
8719,18
8720,8
8721,8
8722,8
8723,8
8724,8
8725,16
8726,16
8727,37
8728,37
8729,31
8730,31
8731,31
8732,31
8733,42
8734,42
8735,42
8736,16
8737,16
8738,16
8739,1
8740,1
8741,1
8742,1
8743,1
8744,1
8745,1
8746,1
8747,1
8748,42
8749,42
8750,42
8751,42
8752,42
8753,42
8754,42
8755,42
8756,13
8757,13
8758,42
8759,36
8760,1
8761,36
8762,36
8763,30
8764,30
8765,30
8766,30
8767,33
8768,33
8769,33
8770,41
8771,41
8772,41
8773,41
8774,41
8775,49
8776,49
8777,49
8778,49
8779,26
8780,17
8781,17
8782,47
8783,17
8784,37
8785,37
8786,37
8787,37
8788,27
8789,26
8790,26
8791,26
8792,41
8793,36
8794,36
8795,36
8796,36
8797,36
8798,36
8799,12
8800,36
8801,36
8802,40
8803,40
8804,40
8805,24
8806,24
8807,24
8808,24
8809,24
8810,26
8811,26
8812,42
8813,37
8814,38
8815,1
8816,1
8817,1
8818,1
8819,1
8820,1
8821,1
8822,1
8823,1
8824,1
8825,1
8826,46
8827,46
8828,46
8829,24
8830,45
8831,45
8832,45
8833,45
8834,45
8835,45
8837,36
8838,36
8839,36
8840,41
8841,11
8842,11
8843,33
8844,33
8845,28
8846,28
8847,28
8848,24
8849,24
8850,48
8851,24
8852,48
8853,17
8854,17
8855,17
8856,17
8857,16
8858,16
8859,16
8860,35
8861,35
8862,35
8863,48
8864,35
8865,35
8866,48
8867,26
8868,26
8869,37
8870,41
8871,1
8872,41
8873,41
8874,41
8875,41
8876,41
8878,5
8879,5
8880,5
8881,5
8882,5
8883,5
8884,5
8885,33
8886,33
8887,9
8888,37
8889,37
8890,9
8891,6
8892,6
8893,15
8894,6
8895,36
8896,44
8897,44
8898,41
8899,38
8900,10
8901,44
8902,17
8903,17
8904,17
8905,41
8906,27
8907,41
8910,47
8911,47
8912,49
8913,37
8914,37
8915,21
8916,21
8917,35
8918,21
8919,21
8920,21
8921,21
8922,15
8923,15
8924,15
8925,15
8926,36
8927,38
8928,38
8929,36
8930,38
8931,31
8932,31
8933,31
8934,10
8935,10
8936,10
8937,10
8938,10
8939,29
8940,29
8941,29
8942,29
8943,29
8944,29
8945,16
8946,39
8947,39
8948,36
8949,36
8950,27
8951,27
8952,36
8953,36
8954,16
8955,17
8956,15
8957,17
8958,16
8959,16
8960,16
8961,17
8962,23
8963,23
8964,33
8965,1
8966,1
8967,1
8968,1
8969,1
8970,1
8971,1
8972,16
8973,16
8974,23
8976,16
8977,41
8978,41
8979,33
8980,33
8981,33
8982,22
8983,22
8984,22
8985,22
8986,18
8987,13
8988,13
8989,33
8990,36
8991,36
8992,36
8993,36
8994,8
8995,8
8996,8
8997,16
8998,26
8999,16
9000,26
9001,26
9002,41
9003,5
9004,41
9005,41
9006,41
9007,41
9008,41
9009,41
9010,46
9011,46
9012,44
9013,44
9014,36
9015,44
9016,44
9017,17
9018,36
9019,36
9020,36
9021,36
9022,36
9023,17
9024,36
9025,36
9026,36
9027,34
9028,42
9029,42
9030,36
9031,36
9032,36
9033,26
9034,26
9035,26
9037,47
9038,47
9039,23
9040,47
9041,47
9042,37
9043,37
9044,37
9045,37
9046,37
9047,37
9048,35
9049,17
9050,17
9051,17
9052,30
9053,15
9055,15
9056,15
9057,33
9058,33
9059,33
9060,42
9061,33
9062,33
9063,33
9064,33
9065,33
9066,42
9067,33
9068,9
9069,9
9070,42
9071,42
9072,42
9073,42
9074,42
9075,42
9076,47
9077,47
9078,47
9079,47
9080,47
9081,27
9082,36
9083,48
9084,48
9085,36
9086,36
9087,36
9089,23
9090,23
9091,33
9092,23
9093,23
9094,23
9095,23
9096,23
9097,23
9098,23
9099,37
9100,49
9101,49
9102,42
9103,42
9104,42
9105,42
9106,42
9107,42
9108,33
9109,33
9110,33
9111,33
9112,33
9113,33
9114,31
9115,31
9116,31
9117,31
9119,11
9121,11
9122,11
9123,11
9124,41
9125,41
9126,41
9127,31
9128,31
9129,36
9130,36
9131,27
9132,33
9133,33
9134,33
9135,33
9136,33
9137,42
9138,23
9139,13
9140,13
9141,13
9142,40
9143,33
9144,33
9145,33
9146,37
9147,37
9148,37
9149,30
9150,27
9151,27
9152,30
9153,27
9154,27
9155,41
9156,41
9157,44
9158,33
9159,33
9160,33
9161,49
9162,27
9163,27
9164,27
9165,27
9166,41
9167,41
9168,41
9169,36
9170,36
9171,38
9172,38
9173,38
9174,10
9175,38
9176,38
9177,41
9178,42
9181,1
9182,44
9183,41
9184,37
9185,41
9186,36
9187,41
9188,41
9189,41
9190,41
9191,38
9192,41
9193,36
9194,38
9195,36
9196,36
9197,37
9198,37
9199,15
9200,46
9201,46
9202,46
9203,46
9204,46
9205,37
9206,24
9207,33
9208,37
9209,37
9210,24
9211,33
9212,33
9213,33
9214,33
9215,33
9216,33
9217,11
9218,11
9219,33
9220,33
9221,5
9222,24
9223,5
9224,5
9225,5
9226,5
9227,5
9228,5
9229,5
9230,16
9231,10
9232,10
9233,10
9234,10
9235,16
9236,16
9237,16
9238,35
9239,35
9240,35
9241,21
9242,21
9243,21
9244,21
9245,11
9246,11
9247,11
9248,17
9249,17
9250,17
9251,17
9252,17
9253,1
9254,1
9255,1
9256,1
9258,6
9259,6
9260,6
9261,6
9262,36
9263,36
9264,41
9265,41
9266,27
9267,41
9268,41
9269,41
9270,38
9271,5
9272,44
9274,44
9275,44
9276,44
9277,26
9278,26
9279,26
9280,26
9281,27
9282,37
9283,37
9284,37
9285,37
9286,37
9287,37
9288,37
9289,46
9290,42
9291,42
9292,42
9293,42
9294,35
9295,35
9296,35
9297,33
9298,33
9299,36
9300,47
9301,47
9302,19
9303,19
9304,42
9305,42
9306,42
9307,42
9308,42
9309,31
9310,31
9311,31
9312,36
9313,36
9314,31
9315,31
9316,31
9317,48
9318,17
9319,17
9320,26
9321,26
9322,29
9323,39
9324,39
9325,48
9326,39
9327,14
9328,48
9329,48
9330,14
9331,17
9332,17
9333,17
9334,24
9335,42
9336,42
9337,42
9338,37
9339,42
9340,37
9341,47
9342,47
9343,47
9344,29
9345,47
9346,33
9347,33
9348,30
9349,30
9350,30
9351,27
9352,27
9353,23
9354,16
9355,36
9356,22
9357,22
9358,16
9359,16
9360,16
9361,16
9362,16
9363,36
9364,36
9365,36
9366,48
9367,48
9368,48
9369,48
9370,48
9371,26
9372,26
9373,26
9374,26
9375,26
9376,41
9377,41
9378,41
9379,41
9380,46
9381,46
9382,46
9383,46
9384,42
9385,36
9386,36
9387,36
9388,36
9389,40
9390,36
9391,41
9392,17
9393,37
9394,12
9395,12
9396,12
9397,12
9398,41
9399,41
9401,26
9402,26
9403,26
9404,36
9405,26
9406,36
9407,36
9408,36
9409,36
9410,36
9411,36
9412,23
9413,21
9414,16
9415,16
9416,11
9417,37
9418,37
9419,37
9420,37
9421,37
9422,33
9423,33
9424,33
9425,33
9426,33
9427,15
9428,15
9429,15
9430,15
9431,15
9432,15
9433,15
9434,25
9435,15
9436,33
9437,33
9438,33
9439,33
9441,33
9442,33
9443,33
9444,49
9445,49
9446,49
9447,49
9450,37
9451,13
9452,13
9453,13
9454,13
9455,1
9456,36
9457,36
9458,38
9459,48
9460,27
9461,17
9462,16
9463,16
9464,16
9465,36
9466,10
9467,10
9468,38
9469,37
9470,20
9471,20
9472,48
9473,48
9474,48
9475,48
9476,48
9477,48
9478,41
9479,41
9480,33
9481,33
9482,33
9483,33
9484,37
9485,37
9486,37
9487,11
9488,11
9489,31
9490,31
9491,11
9492,11
9493,44
9494,41
9495,41
9496,41
9497,31
9498,31
9499,31
9500,31
9501,36
9502,31
9503,33
9504,33
9505,33
9506,23
9507,23
9508,23
9509,23
9510,47
9511,33
9512,27
9513,27
9514,49
9515,49
9516,33
9517,33
9518,27
9519,27
9520,33
9521,33
9522,33
9523,33
9524,33
9525,33
9526,33
9527,33
9528,33
9529,27
9530,43
9531,43
9532,43
9533,43
9534,43
9535,43
9536,43
9537,43
9538,43
9539,43
9540,43
9541,43
9542,43
9543,43
9544,41
9545,41
9546,41
9547,26
9548,26
9549,48
9550,26
9551,48
9552,33
9553,17
9554,48
9555,33
9556,48
9557,1
9558,38
9559,38
9560,1
9561,1
9562,38
9563,15
9564,15
9565,15
9566,44
9567,44
9568,10
9569,33
9570,5
9571,5
9572,10
9573,10
9574,10
9575,16
9576,16
9577,26
9578,48
9579,48
9580,21
9581,21
9582,21
9583,11
9584,11
9585,11
9586,11
9587,17
9588,17
9589,17
9590,17
9591,17
9592,17
9593,41
9594,42
9595,16
9596,16
9598,27
9599,49
9600,5
9601,5
9602,5
9603,5
9604,5
9605,5
9606,31
9607,31
9608,38
9609,38
9610,34
9611,34
9612,34
9613,41
9614,27
9615,27
9616,37
9617,15
9618,15
9619,37
9620,15
9621,15
9622,15
9623,10
9624,49
9625,49
9626,49
9627,46
9628,46
9629,46
9630,46
9631,46
9632,46
9633,46
9634,46
9635,46
9636,46
9637,33
9638,42
9639,33
9640,27
9641,47
9642,18
9643,18
9644,19
9645,19
9646,19
9647,19
9648,19
9649,26
9650,26
9651,26
9652,26
9653,33
9654,33
9655,33
9656,31
9657,31
9658,28
9659,16
9660,31
9661,17
9662,17
9663,17
9664,26
9665,26
9666,26
9667,33
9668,31
9669,31
9670,31
9671,42
9672,31
9673,5
9674,5
9675,5
9676,30
9677,5
9678,5
9679,30
9680,30
9681,30
9682,30
9683,30
9684,33
9685,26
9686,26
9687,36
9688,36
9689,36
9690,36
9691,36
9692,36
9693,16
9694,16
9695,16
9696,16
9697,16
9698,48
9699,48
9700,48
9701,48
9702,48
9703,48
9705,36
9706,49
9707,49
9708,35
9709,35
9710,35
9711,35
9712,36
9713,42
9714,42
9715,44
9716,36
9717,36
9718,36
9719,36
9720,36
9721,41
9722,38
9723,17
9724,17
9725,17
9726,17
9727,42
9728,42
9729,12
9730,12
9731,12
9733,12
9734,41
9735,26
9736,26
9737,26
9738,36
9740,36
9741,27
9742,27
9743,11
9744,11
9745,33
9746,42
9747,25
9748,25
9749,25
9750,25
9751,41
9752,36
9753,21
9754,21
9755,41
9756,49
9757,49
9758,49
9759,49
9760,13
9761,13
9762,13
9765,22
9766,22
9767,13
9769,36
9770,2
9771,36
9772,36
9773,48
9774,36
9775,48
9776,48
9777,36
9778,36
9779,36
9780,36
9781,36
9782,11
9783,11
9785,28
9786,28
9787,28
9788,28
9789,28
9790,21
9791,38
9792,38
9793,38
9794,38
9795,2
9796,38
9797,38
9798,1
9799,49
9800,49
9801,48
9802,48
9803,48
9804,22
9805,48
9806,48
9807,48
9808,48
9809,48
9810,16
9811,33
9812,33
9813,41
9814,45
9815,47
9816,37
9817,37
9818,37
9819,29
9820,29
9821,29
9822,29
9823,29
9824,29
9825,2
9826,38
9827,37
9828,37
9829,47
9830,47
9831,47
9832,47
9833,47
9834,47
9835,47
9836,47
9837,47
9838,47
9839,15
9840,15
9841,33
9842,33
9843,27
9844,33
9845,17
9846,33
9847,33
9848,33
9849,33
9850,43
9851,43
9852,43
9853,43
9854,43
9855,43
9856,43
9857,43
9858,43
9859,41
9860,41
9861,41
9862,41
9863,41
9864,41
9865,26
9866,37
9867,37
9868,38
9869,37
9870,37
9871,10
9872,44
9873,44
9874,23
9875,23
9876,23
9877,23
9878,16
9879,27
9880,27
9881,4
9882,26
9883,4
9884,41
9885,41
9886,16
9887,33
9888,33
9889,33
9890,16
9891,23
9892,21
9893,21
9894,21
9895,23
9896,21
9897,21
9898,21
9899,8
9900,8
9901,8
9902,8
9903,8
9904,8
9905,8
9906,8
9907,29
9908,49
9910,5
9911,5
9912,5
9913,8
9914,8
9915,8
9916,8
9917,8
9918,8
9919,8
9920,26
9921,8
9922,8
9923,8
9924,8
9925,36
9926,36
9927,36
9928,15
9929,15
9930,15
9932,17
9933,17
9934,17
9935,17
9936,17
9937,16
9939,16
9940,16
9941,16
9942,34
9943,34
9944,34
9946,27
9947,27
9948,49
9949,27
9950,11
9951,11
9952,11
9953,11
9954,11
9955,11
9956,33
9957,33
9958,18
9959,18
9960,18
9961,18
9962,18
9963,18
9964,16
9965,18
9966,26
9968,26
9969,42
9970,42
9971,42
9972,42
9973,36
9974,36
9975,28
9976,36
9977,28
9978,28
9979,16
9980,16
9981,16
9982,16
9983,16
9984,1
9985,1
9986,1
9987,31
9988,12
9989,31
9990,36
9991,31
9992,5
9993,5
9994,9
9995,41
9996,41
9997,41
9998,42
9999,42
10000,42
10001,42
10002,26
10003,26
10004,26
10005,15
10006,15
10007,15
10008,15
10009,15
10010,5
10011,5
10012,5
10013,5
10014,5
10015,5
10016,15
10017,15
10018,15
10019,10
10020,35
10021,35
10022,35
10023,49
10026,49
10027,49
10028,14
10029,14
10030,36
10031,36
10032,36
10033,22
10034,22
10035,17
10036,17
10037,17
10038,17
10039,17
10040,17
10041,16
10042,16
10043,16
10044,26
10045,26
10046,47
10047,47
10048,47
10049,23
10050,44
10051,17
10052,17
10053,17
10054,17
10055,17
10056,35
10057,35
10058,35
10059,35
10060,35
10061,36
10063,36
10064,36
10065,21
10066,4
10067,39
10068,39
10069,39
10070,39
10071,39
10072,39
10073,39
10074,48
10075,48
10076,48
10077,36
10078,36
10079,36
10080,36
10081,15
10082,15
10083,15
10084,15
10085,36
10086,42
10087,22
10088,22
10089,22
10090,42
10091,42
10092,49
10093,42
10094,17
10095,17
10096,48
10098,36
10099,36
10100,36
10101,17
10102,17
10103,11
10104,11
10105,11
10106,11
10107,10
10108,11
10109,28
10110,28
10111,28
10112,28
10113,28
10114,28
10115,21
10116,17
10117,17
10118,17
10119,17
10120,17
10121,17
10122,17
10123,17
10124,17
10125,17
10126,27
10127,16
10128,16
10129,16
10130,27
10131,27
10132,27
10133,27
10135,29
10137,29
10138,29
10139,38
10140,30
10141,38
10142,23
10143,23
10144,23
10145,2
10146,23
10147,37
10148,37
10149,37
10150,37
10151,37
10152,47
10153,47
10154,26
10155,47
10157,34
10158,34
10159,34
10160,34
10161,15
10162,33
10163,33
10164,33
10166,15
10167,12
10168,17
10169,17
10170,15
10171,15
10172,15
10173,15
10174,45
10175,41
10176,33
10177,33
10178,33
10179,33
10180,33
10181,33
10182,33
10183,37
10184,37
10185,37
10186,37
10187,37
10188,37
10189,10
10190,10
10191,10
10192,10
10193,10
10194,10
10195,10
10196,10
10197,28
10198,10
10199,10
10200,23
10201,23
10202,23
10203,23
10204,23
10205,27
10206,26
10207,26
10208,33
10209,23
10210,23
10211,41
10212,41
10213,41
10214,41
10215,26
10216,26
10217,1
10218,1
10219,1
10220,1
10221,41
10222,41
10223,41
10224,33
10225,21
10226,21
10227,8
10228,8
10229,36
10230,1
10231,1
10232,1
10233,1
10234,1
10235,33
10236,36
10237,36
10238,15
10239,36
10240,17
10241,17
10242,17
10243,17
10244,17
10245,17
10246,12
10247,12
10248,24
10249,24
10250,24
10251,1
10252,34
10253,34
10254,34
10255,34
10256,47
10257,47
10258,21
10259,21
10260,21
10261,27
10262,27
10263,27
10264,27
10265,27
10266,34
10267,18
10268,18
10269,18
10270,34
10271,38
10272,38
10273,38
10274,42
10275,42
10277,34
10278,34
10279,33
10280,36
10281,36
10283,36
10285,33
10286,42
10287,42
10288,42
10289,42
10290,27
10291,27
10292,16
10293,12
10294,12
10295,12
10296,16
10297,12
10298,16
10299,16
10300,32
10301,32
10302,32
10303,32
10304,46
10305,46
10306,46
10307,46
10308,41
10309,15
10310,30
10311,30
10312,30
10313,15
10314,15
10315,15
10317,15
10318,15
10319,15
10320,49
10321,32
10322,32
10323,32
10324,32
10325,14
10326,27
10327,36
10328,36
10329,36
10330,14
10331,14
10332,14
10333,14
10334,46
10335,46
10336,46
10337,46
10338,49
10339,42
10340,17
10341,17
10342,36
10343,36
10344,36
10345,17
10346,17
10347,16
10348,16
10349,16
10350,47
10351,47
10352,47
10353,47
10354,47
10355,23
10356,23
10357,23
10358,41
10359,23
10360,23
10361,17
10362,17
10363,17
10364,35
10365,35
10366,35
10367,35
10368,35
10369,35
10370,35
10371,35
10372,36
10373,27
10374,22
10375,22
10376,22
10377,39
10378,39
10379,39
10380,39
10381,21
10383,21
10384,21
10385,31
10386,31
10387,36
10388,36
10389,36
10390,15
10393,41
10394,41
10395,36
10396,42
10397,36
10398,42
10399,42
10400,42
10401,42
10402,42
10403,42
10404,17
10405,17
10406,17
10407,17
10408,17
10409,17
10410,17
10411,17
10412,33
10413,33
10414,33
10415,33
10416,33
10417,33
10418,33
10419,17
10420,17
10421,17
10422,17
10423,17
10424,16
10425,16
10427,27
10428,16
10429,27
10430,27
10431,27
10432,27
10433,17
10434,17
10435,17
10436,30
10437,30
10438,30
10439,23
10440,23
10441,23
10442,27
10443,27
10444,48
10445,41
10446,41
10447,16
10448,42
10449,42
10450,27
10451,42
10452,16
10453,16
10454,16
10455,26
10456,40
10457,40
10458,40
10459,40
10460,40
10461,40
10462,26
10463,40
10464,34
10465,40
10466,40
10467,40
10468,40
10469,42
10470,40
10471,40
10472,42
10473,42
10474,40
10475,40
10476,15
10477,15
10478,15
10479,15
10480,15
10481,15
10482,45
10483,45
10485,28
10486,28
10487,28
10488,28
10489,28
10490,28
10491,28
10492,28
10493,26
10494,26
10495,26
10496,26
10497,26
10498,38
10499,38
10500,17
10501,17
10502,17
10503,17
10504,17
10505,17
10506,17
10507,17
10508,17
10509,17
10510,27
10511,27
10512,36
10513,36
10514,36
10515,36
10516,36
10517,12
10518,30
10519,12
10520,30
10521,12
10522,30
10523,36
10524,28
10525,28
10526,28
10527,36
10528,33
10529,36
10530,36
10531,36
10532,24
10533,36
10534,36
10535,36
10536,24
10537,5
10538,5
10539,5
10540,5
10541,5
10542,49
10543,49
10544,49
10545,1
10546,1
10547,1
10548,1
10549,1
10550,1
10551,1
10552,1
10553,1
10554,26
10555,33
10556,33
10557,33
10558,36
10559,33
10560,36
10561,36
10562,16
10563,16
10564,16
10565,16
10566,16
10567,16
10568,12
10569,31
10570,31
10571,31
10572,24
10573,24
10574,24
10575,31
10576,31
10577,26
10578,26
10579,30
10580,18
10581,30
10582,30
10583,21
10584,8
10585,8
10586,16
10587,16
10588,34
10589,34
10590,34
10591,34
10592,34
10593,2
10594,1
10595,49
10596,49
10597,49
10598,33
10599,33
10600,33
10601,33
10602,24
10603,36
10604,36
10605,36
10606,36
10607,36
10608,42
10609,36
10610,36
10611,36
10612,36
10613,36
10614,36
10615,32
10616,32
10617,32
10618,32
10619,8
10620,30
10621,30
10622,11
10623,11
10624,30
10625,30
10626,30
10627,30
10628,30
10629,48
10630,48
10631,48
10632,48
10633,48
10634,48
10635,22
10636,22
10637,41
10638,41
10639,41
10640,41
10641,41
10642,10
10643,27
10644,34
10645,34
10646,34
10647,34
10648,34
10649,32
10650,32
10651,32
10652,32
10653,15
10654,15
10655,15
10656,15
10657,36
10658,36
10659,14
10660,36
10661,46
10662,46
10663,46
10664,46
10665,46
10666,49
10667,33
10668,23
10669,27
10670,27
10671,27
10672,36
10673,48
10674,36
10675,36
10676,36
10677,36
10678,48
10679,41
10680,48
10681,41
10682,41
10683,41
10684,41
10685,26
10686,26
10687,41
10688,41
10689,41
10690,41
10691,26
10692,26
10693,26
10694,41
10695,26
10696,49
10697,49
10698,41
10699,41
10700,49
10701,42
10702,35
10703,35
10704,17
10705,22
10706,22
10707,22
10708,22
10709,36
10710,36
10711,36
10712,27
10713,27
10714,21
10715,21
10716,21
10717,28
10718,28
10719,28
10720,11
10721,11
10722,11
10723,31
10724,8
10725,41
10726,41
10727,44
10728,44
10729,42
10730,42
10731,44
10732,35
10733,35
10734,35
10735,31
10736,31
10737,31
10738,31
10739,31
10740,31
10741,33
10743,33
10745,33
10746,16
10747,16
10748,22
10749,16
10750,22
10751,16
10752,8
10753,8
10754,8
10755,8
10756,8
10757,8
10758,8
10759,8
10760,8
10761,8
10762,8
10763,8
10764,35
10765,35
10766,35
10767,35
10768,35
10769,41
10771,42
10772,42
10773,42
10774,42
10775,42
10776,42
10777,33
10778,33
10779,40
10780,40
10781,40
10782,40
10783,40
10784,40
10785,40
10786,42
10787,42
10788,8
10789,8
10790,49
10791,8
10792,37
10793,37
10794,37
10795,37
10796,37
10797,37
10798,28
10799,28
10800,10
10802,10
10803,12
10804,12
10805,12
10806,26
10807,26
10808,26
10809,33
10810,33
10811,39
10812,39
10813,17
10814,17
10815,17
10816,17
10817,9
10818,26
10819,12
10820,26
10821,38
10822,38
10823,26
10824,12
10825,12
10826,12
10827,12
10828,12
10829,12
10830,12
10831,12
10832,12
10833,36
10834,36
10835,36
10836,36
10837,36
10838,36
10839,36
10840,36
10841,36
10842,5
10843,5
10844,5
10845,5
10846,17
10847,33
10848,33
10849,33
10850,33
10851,33
10852,48
10853,48
10854,48
10855,48
10856,48
10857,48
10858,48
10859,48
10860,48
10861,48
10862,36
10863,36
10864,36
10865,16
10866,33
10867,33
10868,16
10869,16
10870,27
10871,16
10872,16
10873,16
10874,31
10875,31
10876,31
10877,1
10878,31
10879,31
10880,1
10881,31
10882,31
10883,36
10884,4
10885,36
10886,30
10887,30
10888,12
10889,40
10890,38
10891,38
10892,38
10893,8
10894,38
10895,38
10896,48
10898,8
10899,5
10900,9
10901,31
10902,1
10903,1
10904,31
10905,1
10906,31
10907,42
10908,42
10909,46
10910,18
10911,23
10914,36
10915,36
10916,18
10917,15
10918,11
10919,11
10920,15
10921,26
10922,26
10923,26
10924,26
10925,48
10926,48
10927,48
10928,48
10929,48
10930,22
10931,22
10932,22
10933,26
10934,26
10935,27
10936,15
10937,15
10938,15
10939,1
10940,1
10941,1
10942,27
10943,15
10944,15
10945,15
10946,15
10947,40
10948,36
10949,36
10950,36
10951,36
10952,36
10953,36
10954,12
10955,36
10956,19
10957,14
10958,14
10959,14
10960,14
10961,27
10962,42
10963,42
10964,42
10965,48
10966,36
10967,48
10968,48
10969,41
10970,1
10971,26
10972,1
10973,37
10974,40
10975,40
10976,40
10977,40
10978,40
10979,40
10980,40
10981,38
10982,41
10983,42
10984,36
10985,36
10986,36
10987,42
10988,42
10989,15
10990,17
10991,17
10992,17
10993,26
10994,26
10995,26
10996,30
10997,26
10998,30
10999,30
11000,30
11001,30
11002,30
11003,28
11004,30
11005,30
11006,30
11007,28
11008,28
11009,36
11010,8
11011,26
11012,8
11013,8
11014,16
11015,16
11016,44
11017,44
11018,1
11019,1
11020,1
11021,1
11022,1
11023,1
11024,35
11025,35
11026,35
11027,35
11028,31
11029,40
11030,40
11031,40
11032,40
11033,33
11034,33
11035,33
11036,33
11037,34
11038,34
11039,34
11040,41
11041,41
11042,41
11043,41
11044,22
11045,48
11046,48
11047,22
11048,22
11049,8
11050,8
11051,8
11052,8
11053,8
11054,8
11055,14
11056,14
11057,35
11059,36
11060,14
11061,14
11062,14
11063,33
11064,14
11065,33
11066,33
11067,14
11068,38
11069,38
11070,26
11071,26
11072,26
11073,26
11074,26
11075,8
11076,1
11077,47
11078,47
11079,47
11080,47
11081,47
11082,47
11083,47
11084,47
11085,26
11086,37
11087,37
11088,37
11089,37
11090,17
11091,26
11092,26
11093,5
11094,26
11095,26
11096,26
11097,40
11098,10
11099,40
11100,10
11101,10
11102,10
11103,12
11104,12
11105,12
11106,12
11107,12
11108,33
11109,33
11110,33
11111,33
11112,33
11113,39
11114,39
11115,33
11116,33
11117,33
11118,32
11119,32
11120,32
11121,32
11122,32
11123,32
11124,12
11125,13
11126,26
11127,23
11128,23
11129,16
11130,16
11131,4
11132,4
11133,4
11134,23
11135,35
11136,35
11137,35
11138,35
11139,35
11140,12
11141,35
11142,35
11144,30
11145,42
11146,42
11147,42
11148,42
11149,42
11150,42
11151,4
11152,4
11153,4
11154,4
11155,4
11156,48
11157,48
11158,36
11159,36
11160,36
11161,36
11162,27
11163,35
11164,42
11165,42
11166,42
11167,42
11168,42
11169,22
11170,22
11171,22
11172,22
11173,22
11174,22
11176,1
11177,27
11178,27
11179,1
11180,24
11181,24
11182,36
11183,36
11184,5
11185,5
11186,8
11187,8
11188,8
11189,26
11190,36
11191,16
11192,16
11193,16
11194,16
11195,16
11196,10
11197,10
11198,10
11199,10
11200,10
11201,10
11202,10
11203,10
11204,26
11205,37
11206,37
11207,26
11208,26
11209,26
11210,26
11211,26
11212,26
11213,1
11214,1
11215,1
11216,26
11217,26
11218,26
11219,26
11220,26
11221,15
11222,15
11223,10
11224,10
11225,10
11226,10
11227,10
11228,40
11229,36
11230,36
11231,36
11232,36
11233,13
11234,13
11235,13
11236,13
11238,12
11239,12
11240,12
11241,14
11242,14
11243,14
11244,14
11245,42
11246,42
11247,42
11248,42
11249,42
11250,42
11251,48
11252,42
11253,42
11254,48
11255,48
11256,1
11257,1
11258,1
11259,47
11260,47
11261,47
11262,47
11263,47
11264,26
11265,26
11266,26
11267,41
11268,41
11269,41
11270,41
11271,42
11272,36
11273,15
11274,15
11275,26
11276,26
11277,26
11278,14
11279,30
11280,29
11281,29
11282,29
11283,29
11284,30
11285,30
11286,30
11287,30
11288,30
11289,30
11290,30
11291,27
11292,27
11293,27
11294,36
11295,8
11296,8
11297,8
11298,44
11299,44
11300,44
11301,10
11302,8
11303,10
11304,16
11305,16
11306,16
11307,16
11308,1
11309,1
11310,15
11311,1
11312,35
11313,35
11314,35
11315,40
11316,23
11317,12
11318,23
11319,9
11320,12
11321,24
11322,24
11323,34
11324,34
11325,34
11326,34
11327,34
11328,34
11329,34
11330,34
11331,34
11332,34
11333,34
11334,34
11335,34
11336,34
11337,34
11338,33
11339,33
11340,33
11341,31
11342,33
11343,48
11344,48
11345,16
11346,48
11347,13
11348,13
11349,13
11350,49
11351,14
11352,14
11353,14
11354,14
11355,14
11356,14
11357,26
11358,26
11359,36
11360,26
11361,36
11362,14
11363,36
11364,14
11365,36
11366,14
11367,14
11368,42
11369,42
11370,42
11371,40
11372,40
11373,40
11374,40
11375,15
11376,15
11377,15
11378,15
11379,16
11380,1
11381,16
11382,27
11383,27
11384,48
11385,16
11386,16
11387,16
11388,5
11389,16
11390,16
11391,16
11392,17
11393,28
11394,26
11395,26
11396,40
11397,18
11398,18
11399,18
11400,17
11401,17
11402,23
11403,16
11404,16
11405,16
11406,33
11407,33
11408,33
11409,33
11410,33
11411,33
11412,32
11413,32
11414,32
11415,23
11416,23
11417,23
11418,23
11419,23
11420,23
11421,23
11422,35
11423,35
11424,35
11425,16
11426,42
11427,42
11428,42
11430,42
11431,4
11432,4
11433,4
11434,4
11435,4
11436,36
11437,36
11438,35
11439,36
11440,36
11441,36
11442,42
11443,42
11444,42
11445,42
11447,22
11448,22
11449,22
11450,42
11451,42
11452,27
11453,12
11454,12
11455,12
11456,12
11457,1
11458,1
11459,1
11460,5
11461,5
11462,19
11464,36
11465,36
11466,16
11467,16
11468,16
11469,22
11470,22
11471,17
11472,17
11473,10
11474,10
11475,10
11476,10
11478,42
11479,10
11480,10
11481,10
11482,10
11483,10
11484,10
11485,10
11486,10
11487,10
11488,10
11489,26
11490,26
11492,40
11493,40
11494,40
11495,40
11496,41
11497,15
11498,15
11499,15
11500,10
11501,10
11502,10
11503,10
11504,10
11505,33
11506,33
11507,10
11508,36
11509,36
11510,44
11511,13
11512,36
11513,36
11514,13
11515,36
11516,13
11517,13
11518,17
11519,17
11521,17
11522,15
11523,15
11524,42
11525,33
11526,26
11527,33
11528,33
11529,42
11530,42
11531,42
11532,42
11533,33
11534,1
11535,1
11536,1
11537,47
11538,47
11539,36
11540,36
11541,36
11542,36
11543,36
11544,42
11545,42
11546,36
11547,42
11548,28
11549,28
11550,28
11551,28
11553,28
11554,28
11555,28
11556,28
11557,28
11558,28
11559,28
11560,28
11561,28
11562,28
11563,28
11564,28
11565,28
11566,16
11567,8
11568,8
11569,8
11570,8
11571,8
11572,8
11573,8
11574,8
11575,8
11576,8
11577,8
11578,44
11579,44
11580,31
11581,44
11582,44
11583,44
11584,31
11585,31
11586,31
11587,31
11588,42
11589,42
11590,36
11591,36
11592,36
11593,36
11594,15
11595,15
11596,31
11597,31
11598,31
11599,35
11600,35
11601,35
11602,35
11603,23
11604,23
11605,35
11606,41
11607,24
11608,41
11609,41
11610,24
11611,24
11612,24
11614,10
11615,10
11616,10
11617,10
11618,17
11619,1
11620,17
11621,10
11622,17
11623,17
11624,17
11625,43
11626,43
11627,43
11628,43
11629,43
11630,43
11631,43
11632,43
11633,43
11634,46
11635,46
11636,16
11637,15
11638,16
11639,15
11640,15
11641,13
11642,13
11643,13
11644,13
11645,13
11646,15
11647,15
11648,15
11649,15
11650,15
11651,15
11652,36
11653,36
11654,36
11655,36
11656,42
11657,42
11658,1
11659,42
11660,42
11661,1
11664,1
11665,1
11666,17
11667,36
11668,4
11669,4
11670,15
11671,4
11672,15
11673,15
11674,15
11675,15
11676,16
11677,16
11678,16
11679,16
11680,16
11682,37
11683,12
11684,12
11685,12
11686,27
11687,17
11688,17
11689,17
11690,17
11691,17
11692,16
11693,17
11694,33
11695,42
11696,42
11697,42
11698,27
11699,42
11700,23
11701,23
11702,23
11703,23
11704,23
11705,12
11706,12
11707,12
11708,12
11709,12
11710,12
11711,12
11712,12
11713,41
11714,27
11715,41
11716,41
11717,27
11718,27
11719,10
11720,16
11721,27
11722,27
11723,27
11724,27
11725,27
11726,27
11727,27
11728,27
11729,42
11730,42
11731,42
11732,42
11733,42
11734,10
11735,10
11736,10
11737,19
11738,28
11739,28
11740,28
11741,12
11743,12
11745,12
11746,27
11747,27
11748,5
11749,37
11750,19
11751,16
11752,19
11753,16
11754,22
11755,22
11756,17
11757,21
11758,17
11759,21
11760,21
11761,21
11762,41
11763,16
11764,24
11765,24
11766,42
11767,30
11768,30
11769,30
11770,14
11771,16
11772,16
11773,16
11774,16
11775,18
11776,18
11777,18
11778,18
11779,18
11780,18
11781,18
11782,18
11783,26
11784,44
11785,44
11786,26
11787,44
11788,26
11789,26
11790,17
11791,17
11792,36
11793,36
11794,36
11795,36
11796,35
11797,35
11798,36
11799,36
11800,36
11803,1
11805,21
11806,21
11807,21
11808,21
11809,21
11810,21
11811,21
11812,41
11813,41
11814,42
11815,42
11816,42
11817,42
11818,42
11819,19
11820,19
11821,19
11822,19
11823,19
11824,4
11827,4
11828,41
11829,41
11830,41
11831,36
11832,36
11833,36
11834,36
11835,36
11836,36
11837,36
11838,36
11839,36
11840,36
11841,36
11842,36
11843,36
11844,31
11845,31
11846,31
11847,31
11848,31
11849,35
11850,33
11851,35
11852,35
11853,24
11854,47
11855,24
11856,24
11858,24
11859,17
11860,4
11861,4
11862,4
11863,4
11864,42
11865,42
11866,42
11867,42
11868,42
11869,42
11870,42
11871,1
11872,1
11873,17
11874,17
11875,17
11876,17
11877,43
11878,43
11879,43
11880,46
11881,46
11882,48
11883,15
11884,15
11885,15
11886,15
11887,15
11888,48
11889,48
11890,48
11891,48
11892,48
11893,48
11894,40
11895,40
11896,16
11897,16
11898,16
11899,27
11900,27
11901,36
11902,36
11903,36
11904,42
11905,42
11906,1
11907,1
11908,36
11909,1
11910,1
11911,1
11912,1
11913,31
11914,31
11915,31
11916,31
11917,31
11918,4
11919,4
11920,36
11921,36
11922,36
11923,36
11924,36
11925,16
11926,16
11927,16
11928,36
11929,36
11930,12
11931,12
11932,12
11933,12
11934,12
11935,15
11936,17
11937,15
11938,36
11939,36
11940,42
11941,16
11942,12
11943,12
11944,12
11945,12
11946,12
11947,12
11948,12
11949,12
11950,12
11951,12
11952,12
11953,12
11954,12
11955,12
11956,12
11957,12
11958,26
11959,26
11960,10
11961,10
11962,10
11963,22
11964,22
11965,22
11966,22
11967,27
11968,27
11969,27
11970,27
11971,26
11972,20
11973,20
11974,20
11975,20
11976,20
11977,20
11978,41
11979,41
11980,15
11981,15
11982,15
11983,16
11984,16
11985,16
11986,16
11987,16
11988,16
11989,16
11990,16
11991,16
11992,41
11993,41
11994,41
11995,41
11996,9
11997,41
11998,19
11999,19
12000,19
12001,19
12002,19
12003,19
12004,19
12005,19
12006,21
12007,16
12008,16
12009,16
12010,37
12011,37
12012,16
12013,16
12014,1
12015,1
12016,1
12017,21
12018,21
12019,16
12020,17
12021,41
12022,17
12023,17
12024,24
12025,24
12026,24
12027,30
12028,30
12029,30
12030,30
12031,46
12032,46
12033,30
12034,46
12035,46
12036,46
12037,27
12038,27
12039,27
12040,14
12041,14
12042,31
12043,36
12044,31
12045,36
12046,36
12047,12
12048,12
12049,12
12050,12
12051,42
12053,34
12054,34
12055,18
12056,34
12057,18
12058,18
12059,18
12060,18
12061,18
12062,26
12063,33
12064,15
12065,15
12066,36
12067,36
12068,16
12069,31
12070,31
12071,49
12072,1
12073,21
12074,21
12075,21
12076,21
12077,40
12078,40
12079,40
12080,40
12081,40
12082,19
12083,19
12084,19
12085,40
12086,40
12087,1
12088,1
12089,1
12090,41
12091,9
12092,21
12093,21
12094,21
12095,18
12096,36
12097,36
12098,36
12099,10
12100,28
12101,10
12102,10
12103,29
12104,29
12105,29
12106,29
12107,29
12108,29
12109,31
12110,17
12111,17
12112,17
12113,17
12114,1
12115,32
12116,1
12117,32
12118,32
12119,37
12120,37
12121,37
12122,35
12123,35
12124,35
12125,35
12126,47
12127,47
12128,1
12129,47
12130,14
12131,14
12132,21
12133,46
12134,46
12135,46
12136,46
12137,48
12138,48
12139,48
12140,48
12141,47
12142,47
12143,47
12144,15
12145,47
12146,15
12147,15
12148,15
12149,15
12150,15
12151,36
12152,36
12153,36
12154,48
12155,48
12156,48
12157,48
12158,32
12159,48
12160,48
12161,40
12162,40
12163,40
12164,40
12165,40
12166,40
12167,40
12168,40
12169,40
12170,16
12171,16
12172,36
12173,36
12174,36
12175,36
12176,36
12177,36
12178,28
12179,28
12180,28
12181,28
12182,28
12183,31
12184,48
12185,48
12186,48
12187,36
12188,48
12189,41
12190,41
12191,41
12192,41
12193,41
12194,21
12195,21
12196,21
12197,21
12198,21
12199,36
12200,36
12201,36
12202,36
12203,36
12204,41
12205,41
12206,41
12207,41
12208,12
12209,12
12210,12
12211,12
12212,33
12213,15
12214,26
12215,26
12216,15
12217,26
12218,36
12219,33
12220,36
12221,1
12222,36
12223,36
12224,17
12225,36
12226,17
12227,17
12228,17
12229,17
12230,17
12231,28
12232,12
12233,12
12234,36
12235,36
12236,36
12237,36
12238,36
12239,36
12240,36
12241,15
12242,22
12243,22
12244,22
12245,22
12246,22
12247,14
12248,14
12249,14
12250,22
12251,14
12252,35
12253,35
12254,26
12255,26
12256,26
12257,20
12258,20
12259,48
12260,41
12261,41
12262,41
12263,15
12264,15
12265,41
12266,41
12267,41
12268,37
12269,37
12270,37
12271,16
12272,16
12273,16
12274,16
12275,16
12276,16
12277,26
12278,26
12279,41
12280,26
12281,16
12282,41
12283,41
12284,41
12285,16
12286,41
12287,41
12288,38
12289,38
12290,38
12291,38
12292,38
12293,38
12294,26
12295,26
12296,22
12297,41
12298,41
12299,41
12300,13
12301,13
12302,13
12303,13
12304,17
12305,17
12306,38
12307,30
12308,47
12309,47
12310,47
12311,11
12312,11
12313,11
12315,46
12316,46
12317,46
12318,46
12319,46
12320,46
12321,46
12322,37
12323,37
12324,33
12325,33
12326,33
12327,36
12328,36
12329,36
12330,28
12331,31
12332,12
12333,16
12334,16
12335,30
12336,42
12337,30
12339,30
12340,30
12341,34
12342,18
12343,18
12344,18
12345,18
12346,18
12347,18
12348,33
12349,33
12350,33
12351,33
12352,36
12353,36
12354,36
12355,33
12356,33
12357,33
12358,31
12359,31
12360,33
12361,31
12362,40
12363,37
12364,40
12365,37
12366,40
12367,40
12368,40
12369,40
12370,40
12371,1
12372,1
12373,16
12374,21
12375,21
12377,22
12378,22
12379,18
12380,16
12381,16
12382,49
12383,49
12384,10
12385,10
12386,10
12387,10
12388,29
12389,29
12390,29
12391,29
12392,17
12393,17
12394,21
12395,32
12396,21
12397,32
12398,32
12399,37
12400,37
12401,37
12402,48
12403,48
12404,48
12405,48
12406,48
12407,48
12408,35
12409,35
12410,35
12411,1
12412,1
12413,1
12414,1
12415,1
12416,14
12417,42
12418,14
12419,42
12420,42
12421,21
12422,21
12424,21
12425,19
12426,19
12427,19
12428,46
12429,46
12430,46
12431,46
12432,41
12433,41
12434,15
12435,15
12436,15
12437,47
12438,47
12439,47
12440,47
12441,47
12442,47
12443,47
12444,47
12445,42
12446,8
12447,8
12448,8
12449,48
12450,16
12451,16
12452,48
12453,49
12454,48
12455,26
12456,26
12457,26
12458,41
12459,41
12460,16
12461,16
12462,16
12463,16
12464,16
12466,48
12467,48
12468,36
12469,28
12470,28
12471,28
12473,48
12474,48
12475,42
12476,41
12477,49
12481,37
12482,37
12483,21
12484,21
12485,21
12486,21
12487,48
12488,48
12489,48
12490,48
12491,48
12492,48
12493,27
12494,16
12495,46
12496,46
12497,46
12498,46
12499,46
12500,10
12501,10
12502,10
12503,10
12504,10
12505,33
12506,15
12507,15
12508,15
12509,16
12510,1
12511,40
12512,1
12513,1
12514,1
12515,40
12516,17
12517,17
12518,17
12519,17
12520,17
12521,17
12522,23
12523,46
12524,46
12525,46
12526,46
12527,46
12528,46
12529,46
12530,19
12531,19
12532,19
12533,36
12534,36
12535,15
12536,15
12537,15
12538,12
12539,12
12541,14
12542,14
12543,14
12544,35
12545,35
12546,35
12547,35
12548,23
12549,26
12550,23
12551,26
12552,41
12553,41
12554,41
12555,41
12556,16
12557,37
12558,37
12559,37
12560,16
12561,16
12562,16
12563,16
12564,16
12565,16
12566,16
12567,16
12568,36
12569,36
12570,36
12571,16
12572,13
12573,5
12574,5
12575,30
12576,30
12577,41
12578,30
12579,41
12580,44
12581,44
12582,33
12583,33
12584,33
12585,44
12586,36
12587,36
12588,36
12590,36
12591,36
12592,36
12594,41
12595,4
12596,4
12597,41
12598,4
12599,23
12600,23
12601,13
12602,23
12603,26
12604,26
12605,47
12606,48
12607,48
12608,48
12609,26
12610,26
12611,26
12612,26
12613,26
12614,38
12615,38
12616,11
12617,26
12618,26
12619,26
12620,26
12621,11
12623,33
12624,33
12625,8
12627,8
12628,8
12629,8
12630,8
12631,28
12632,28
12633,28
12634,28
12635,28
12636,28
12637,28
12638,28
12639,16
12640,16
12641,16
12643,30
12644,30
12645,30
12646,30
12651,41
12652,41
12653,41
12654,41
12655,33
12656,33
12657,33
12658,28
12659,28
12661,28
12663,33
12664,33
12665,33
12669,1
12670,1
12671,1
12672,16
12673,16
12674,16
12675,16
12676,22
12677,22
12678,22
12679,22
12680,16
12683,16
12684,16
12685,16
12688,49
12689,49
12690,49
12691,49
12693,9
12694,9
12695,21
12697,21
12698,21
12699,45
12700,45
12701,45
12704,48
12705,48
12706,48
12708,48
12709,48
12712,1
12713,1
12715,42
12716,42
12717,42
12718,33
12719,33
12720,33
12721,33
12722,33
12723,19
12724,19
12725,19
12726,19
12727,41
12728,41
12729,41
12730,41
12731,15
12732,15
12733,47
12736,42
12737,42
12738,42
12739,42
12740,42
12741,42
12742,8
12743,8
12744,8
12745,8
12746,16
12747,16
12748,16
12749,16
12750,48
12751,49
12753,49
12754,23
12755,23
12756,27
12757,27
12758,27
12759,27
12760,27
12761,36
12762,16
12763,16
12764,16
12765,48
12768,48
12769,32
12773,32
12777,42
12778,42
12779,42
12780,42
12781,49
12782,49
12785,41
12786,41
12787,41
12788,37
12789,37
12790,37
12791,37
12793,16
12794,16
12795,16
12796,16
12798,48
12799,48
12800,48
12801,27
12802,27
12803,27
12804,27
12805,27
12806,27
12807,27
12808,27
12809,27
12810,27
12811,27
12812,46
12813,46
12814,46
12815,10
12816,10
12817,36
12818,36
12819,17
12820,17
12821,17
12822,17
12823,40
12825,40
12830,40
12831,8
12833,8
12834,8
12835,23
12836,23
12837,46
12838,46
12839,46
12840,46
12841,19
12842,19
12844,19
12845,19
12846,19
12847,36
12848,36
12849,36
12850,38
12851,36
12852,36
12853,40
12854,40
12855,40
12856,40
12857,40
12858,40
12859,40
12860,23
12861,23
12862,16
12863,16
12864,16
12865,16
12867,40
12868,40
12870,16
12872,16
12873,16
12875,16
12876,16
12877,16
12878,16
12879,16
12880,36
12884,13
12886,13
12888,30
12889,30
12890,30
12891,44
12892,44
12893,44
12894,33
12895,33
12896,33
12897,33
12898,33
12899,36
12900,36
12901,36
12902,33
12903,36
12904,36
12905,36
12906,4
12907,4
12908,4
12909,4
12910,4
12911,23
12912,23
12913,48
12915,48
12916,48
12917,48
12918,26
12919,26
12921,37
12922,1
12923,1
12924,1
12925,37
12926,27
12927,27
12928,27
12929,27
12930,27
12931,48
12935,48
12936,48
12940,8
12941,8
12942,8
12943,8
12944,8
12945,28
12946,28
12947,28
12948,28
12949,47
12950,47
12951,49
12952,49
12954,16
12957,16
12962,37
12964,40
12965,40
12967,17
12968,17
12969,17
12970,27
12971,27
12972,27
12973,46
12974,46
12975,46
12976,46
12978,9
12979,49
12980,49
12981,49
12982,49
12983,18
12985,15
12987,5
12989,5
12991,5
12992,5
12994,17
12995,17
12996,17
12997,17
12998,31
12999,31
13000,31
13001,31
13002,31
13003,31
13004,31
13005,34
13006,34
13007,34
13008,34
13010,15
13014,15
13016,41
13017,41
13018,41
13021,9
13023,23
13024,23
13025,23
13027,36
13028,36
13029,36
13030,36
13031,36
13032,30
13034,30
13035,17
13036,17
13037,17
13039,17
13040,17
13041,17
13042,17
13043,17
13044,17
13045,17
13046,17
13047,17
13048,17
13050,17
13051,17
13052,15
13053,27
13054,27
13055,27
13056,27
13057,27
13058,27
13059,27
13060,16
13061,16
13062,16
13064,16
13067,5
13068,5
13069,5
13070,5
13071,11
13072,11
13073,11
13074,11
13075,16
13076,16
13077,16
13078,23
13079,23
13080,30
13082,23
13083,21
13084,21
13085,21
13086,21
13087,21
13088,21
13092,49
13094,49
13095,49
13096,49
13097,49
13102,48
13103,48
13105,48
13106,48
13107,43
13108,43
13109,43
13110,43
13111,43
13112,43
13113,21
13114,21
13115,48
13116,48
13117,48
13118,48
13119,48
13126,32
13127,32
13128,32
13129,48
13130,48
13132,1
13133,1
13134,1
13135,1
13136,37
13137,37
13138,37
13139,37
13140,9
13141,9
13142,9
13143,48
13144,48
13145,9
13146,9
13147,9
13148,9
13149,9
13150,9
13151,49
13152,49
13153,1
13154,1
13155,1
13156,1
13159,27
13160,27
13162,32
13163,32
13164,32
13165,32
13168,32
13171,7
13172,7
13173,7
13174,7
13175,7
13176,27
13180,49
13181,49
13182,49
13183,49
13184,34
13185,34
13187,33
13188,33
13190,33
13191,33
13192,48
13193,48
13194,48
13196,36
13197,34
13198,34
13199,34
13200,34
13202,27
13203,27
13204,4
13205,44
13206,44
13207,30
13208,30
13213,46
13214,46
13215,46
13217,1
13218,1
13219,1
13220,40
13221,40
13222,40
13223,40
13224,8
13225,8
13226,8
13227,8
13228,8
13229,8
13230,16
13234,49
13235,49
13236,9
13237,9
13238,9
13239,9
13240,45
13242,45
13243,45
13244,45
13246,9
13247,9
13249,9
13250,9
13251,30
13252,30
13253,9
13256,9
13257,9
13258,49
13259,49
13260,49
13261,49
13262,49
13263,1
13264,1
13265,1
13269,12
13270,12
13271,12
13272,12
13273,12
13274,36
13275,36
13276,36
13277,36
13278,36
13279,36
13281,41
13282,41
13283,9
13284,9
13289,49
13290,49
13291,49
13292,40
13293,40
13294,40
13295,40
13296,33
13297,33
13298,1
13299,1
13300,1
13301,1
13302,1
13303,1
13304,21
13305,21
13306,21
13307,21
13308,21
13309,21
13310,21
13311,21
13312,17
13314,17
13315,17
13316,17
13317,41
13318,41
13319,41
13320,41
13321,41
13322,41
13323,41
13324,41
13325,41
13326,41
13327,41
13328,41
13329,41
13330,27
13332,8
13334,8
13335,8
13336,1
13337,1
13338,1
13339,30
13341,30
13342,18
13343,18
13344,18
13345,18
13346,18
13349,29
13350,29
13351,14
13352,14
13353,14
13354,14
13355,27
13356,27
13357,27
13358,27
13359,27
13360,27
13361,27
13362,27
13363,27
13364,27
13365,37
13366,37
13367,37
13368,37
13369,13
13370,13
13371,13
13372,13
13374,16
13375,16
13376,16
13377,16
13378,27
13379,27
13380,27
13381,27
13382,23
13383,23
13384,23
13385,23
13386,23
13387,26
13388,26
13389,26
13390,26
13391,26
13392,26
13394,9
13397,9
13399,9
13400,9
13401,49
13402,49
13403,49
13404,49
13405,49
13406,49
13407,49
13408,24
13410,9
13411,9
13412,9
13413,9
13414,9
13415,9
13416,9
13417,16
13418,16
13419,16
13420,16
13421,35
13422,35
13423,35
13425,22
13426,22
13427,22
13428,22
13429,22
13430,22
13431,4
13432,4
13433,4
13434,4
13435,4
13436,4
13437,4
13438,21
13441,36
13442,36
13446,33
13447,33
13449,16
13450,10
13451,16
13453,16
13454,9
13455,49
13456,9
13457,9
13458,9
13459,9
13460,9
13462,41
13463,41
13464,41
13465,22
13466,22
13467,22
13468,17
13469,17
13470,17
13471,9
13472,9
13473,9
13474,9
13475,9
13476,12
13477,12
13478,12
13480,12
13481,23
13482,23
13484,15
13485,15
13486,15
13487,15
13489,15
13490,15
13491,49
13492,49
13493,49
13494,1
13495,1
13496,1
13497,1
13498,30
13499,30
13500,30
13501,11
13502,15
13503,15
13504,15
13505,8
13506,8
13507,8
13508,8
13509,8
13510,8
13511,8
13512,8
13517,16
13518,11
13519,11
13520,41
13521,27
13522,27
13523,27
13524,30
13525,30
13526,30
13527,30
13528,30
13529,30
13530,30
13531,31
13532,31
13533,31
13536,49
13537,49
13538,49
13539,49
13541,49
13542,49
13545,35
13546,35
13548,9
13551,40
13552,40
13553,40
13554,40
13556,40
13559,40
13562,40
13563,40
13564,41
13565,41
13566,41
13567,41
13568,41
13569,12
13570,12
13571,12
13572,12
13575,41
13579,42
13581,42
13585,27
13586,27
13588,15
13590,27
13591,27
13592,27
13593,27
13594,27
13595,18
13596,18
13597,18
13598,18
13599,22
13600,22
13601,18
13602,18
13604,18
13605,23
13606,23
13607,23
13608,23
13609,23
13610,23
13611,28
13612,28
13613,28
13614,28
13615,28
13616,28
13617,28
13618,16
13619,16
13620,16
13621,16
13622,16
13623,4
13624,4
13625,4
13626,4
13627,4
13628,4
13629,4
13630,49
13631,49
13632,27
13633,27
13634,27
13635,27
13636,27
13637,49
13642,49
13643,16
13644,16
13645,16
13646,16
13647,16
13648,16
13649,16
13650,16
13651,41
13652,41
13653,41
13654,41
13655,41
13656,41
13657,41
13658,22
13659,22
13660,22
13661,15
13662,15
13663,15
13664,15
13665,23
13667,23
13668,23
13670,23
13672,48
13673,48
13674,48
13675,48
13676,48
13677,48
13678,27
13679,27
13681,27
13682,31
13683,31
13684,31
13685,31
13687,33
13689,33
13690,33
13691,33
13696,24
13697,24
13698,11
13700,24
13701,44
13702,44
13703,44
13704,44
13705,44
13706,23
13707,23
13708,23
13709,23
13710,23
13711,23
13712,23
13713,0
13714,0
13715,0
13716,0
13717,0
13718,0
13719,0
13720,0
13721,0
13722,0
13723,0
13724,0
13725,0
13726,0
13727,0
13728,0
13729,0
13730,0
13731,0
13732,0
13733,0
13734,0
13735,0
13737,23
13738,23
13739,23
13740,27
13741,27
13743,27
13746,27
13747,27
13748,27
13749,27
13750,27
13753,27
13754,21
13755,21
13756,21
13757,21
13758,21
13759,21
13760,10
13761,10
13762,10
13764,10
13766,10
13770,27
13771,27
13772,27
13773,27
13775,27
13776,46
13778,46
13779,46
13780,46
13781,46
13782,46
13783,46
13784,46
13785,1
13786,1
13787,9
13788,9
13789,9
13790,9
13791,9
13792,17
13793,17
13794,17
13795,13
13796,13
13798,27
13799,27
13800,37
13801,37
13802,9
13803,41
13804,37
13805,37
13806,23
13807,23
13808,23
13809,23
13810,23
13811,23
13812,23
13813,43
13814,43
13815,43
13816,30
13817,30
13818,26
13819,26
13820,26
13821,26
13823,27
13824,27
13825,27
13826,27
13827,27
13828,30
13831,19
13832,19
13833,4
13834,4
13835,4
13836,4
13837,4
13838,41
13839,41
13840,41
13841,37
13842,37
13843,36
13844,36
13845,9
13846,9
13847,9
13848,17
13849,17
13850,17
13851,17
13852,17
13854,17
13855,17
13857,17
13858,17
13859,17
13861,27
13862,27
13863,27
13864,21
13865,21
13866,21
13867,27
13869,27
13870,27
13871,27
13872,4
13873,4
13874,4
13875,4
13876,4
13877,4
13878,4
13879,49
13880,49
13881,49
13882,41
13883,41
13884,41
13885,41
13886,41
13887,41
13888,41
13889,41
13890,16
13891,16
13892,16
13893,16
13894,37
13895,37
13896,49
13898,49
13899,49
13901,49
13902,49
13905,48
13907,45
13908,45
13909,9
13910,9
13912,24
13913,24
13914,9
13915,9
13916,27
13917,27
13918,27
13919,27
13920,26
13921,26
13922,26
13923,26
13924,26
13925,47
13927,47
13928,47
13929,48
13935,9
13936,9
13937,9
13938,23
13939,23
13940,23
13941,48
13943,48
13945,15
13946,15
13947,15
13948,15
13949,15
13950,1
13951,1
13952,1
13953,1
13954,13
13955,13
13959,9
13960,9
13961,9
13965,17
13966,17
13967,17
13968,17
13969,17
13970,17
13971,24
13972,24
13974,24
13975,24
13976,24
13977,46
13981,46
13986,18
13987,18
13988,31
13989,31
13990,31
13991,31
13992,23
13993,23
13994,23
13995,23
13996,23
13997,23
13999,49
14000,49
14002,11
14003,11
14004,11
14005,11
14006,11
14007,27
14009,49
14010,49
14012,49
14013,27
14014,27
14015,27
14016,27
14017,41
14018,41
14019,41
14020,41
14021,30
14022,30
14023,1
14024,1
14025,1
14026,1
14027,1
14028,8
14029,8
14030,16
14031,16
14032,16
14033,16
14035,11
14036,11
14037,11
14038,11
14039,24
14040,24
14042,9
14043,9
14044,9
14045,15
14046,15
14047,15
14048,15
14049,15
14050,16
14051,16
14052,16
14055,27
14056,27
14058,4
14060,4
14063,4
14065,4
14066,4
14067,16
14068,16
14069,16
14070,41
14071,41
14072,41
14073,41
14074,41
14076,27
14077,27
14078,27
14079,30
14080,30
14083,30
14084,21
14085,21
14086,21
14087,21
14088,21
14089,27
14090,27
14091,27
14092,27
14093,30
14095,30
14096,8
14097,8
14098,8
14100,16
14101,16
14102,3
14103,3
14104,3
14105,3
14106,3
14107,3
14108,16
14109,16
14110,16
14112,21
14113,49
14114,49
14115,27
14116,27
14117,27
14118,27
14119,27
14120,27
14121,49
14122,49
14123,49
14124,33
14125,33
14126,33
14131,28
14132,28
14134,28
14135,28
14136,28
14137,28
14138,49
14139,49
14141,49
14142,49
14143,49
14144,49
14145,49
14146,26
14147,26
14148,26
14149,23
14150,23
14151,23
14152,23
14153,23
14154,16
14155,16
14156,16
14157,16
14161,13
14162,13
14163,49
14164,49
14165,49
14167,49
14168,11
14169,11
14170,11
14172,27
14173,27
14174,36
14175,36
14177,21
14178,21
14181,21
14182,49
14183,49
14184,49
14186,49
14187,49
14188,49
14189,37
14193,37
14194,37
14196,27
14197,27
14198,27
14199,27
14200,1
14201,1
14202,1
14204,48
14206,8
14207,8
14208,8
14209,8
14210,8
14211,8
14212,8
14213,17
14214,17
14215,17
14216,17
14219,1
14220,1
14221,1
14222,1
14223,1
14224,1
14225,1
14226,1
14227,1
14228,1
14229,1
14230,1
14231,1
14232,1
14233,1
14234,1
14235,1
14236,1
14237,1
14238,1
14240,49
14242,49
14243,49
14244,35
14245,35
14247,48
14248,48
14249,48
14250,48
14251,48
14253,42
14254,42
14255,42
14256,42
14257,42
14258,42
14259,42
14261,17
14262,17
14263,17
14264,8
14265,8
14266,21
14267,21
14268,21
14269,40
14270,40
14271,14
14272,14
14273,14
14274,14
14275,22
14276,22
14278,22
14279,22
14280,22
14281,22
14282,22
14283,22
14284,22
14285,22
14286,36
14287,36
14288,36
14289,36
14290,36
14291,36
14292,9
14293,9
14294,2
14295,2
14296,2
14297,26
14298,26
14299,26
14300,17
14301,17
14302,17
14303,17
14304,17
14305,17
14306,27
14307,27
14308,27
14309,27
14310,18
14311,18
14312,18
14313,18
14314,18
14315,18
14316,18
14317,18
14318,18
14319,18
14320,18
14321,18
14322,15
14324,15
14325,27
14326,27
14327,9
14328,9
14329,9
14330,9
14331,40
14332,40
14333,40
14335,40
14336,40
14337,48
14338,48
14339,48
14340,48
14341,48
14342,27
14343,27
14345,42
14347,42
14348,42
14349,42
14350,42
14351,31
14352,8
14353,31
14354,31
14355,15
14356,15
14357,15
14359,1
14360,1
14361,1
14362,1
14363,16
14364,16
14365,16
14366,16
14367,16
14368,16
14369,16
14370,17
14371,17
14372,17
14373,17
14374,17
14375,17
14376,17
14377,42
14378,42
14379,42
14380,15
14381,15
14382,16
14383,16
14384,16
14387,16
14388,16
14389,16
14390,16
14393,16
14394,26
14395,26
14396,26
14397,26
14398,26
14399,21
14400,21
14401,21
14402,21
14403,21
14404,21
14407,21
14411,49
14412,49
14413,49
14414,49
14415,16
14416,16
14417,16
14418,16
14419,16
14420,9
14421,9
14422,9
14423,9
14424,9
14425,9
14426,48
14428,9
14430,9
14432,22
14433,22
14434,22
14435,22
14436,22
14438,40
14439,15
14440,15
14441,15
14442,15
14443,9
14445,49
14446,49
14447,49
14450,49
14451,49
14452,49
14453,16
14454,16
14455,16
14456,16
14457,16
14458,16
14459,16
14460,26
14462,26
14463,26
14464,27
14465,27
14466,27
14467,27
14468,44
14469,44
14471,48
14472,48
14474,48
14479,49
14481,49
14482,49
14483,49
14484,1
14485,1
14486,1
14487,1
14488,1
14489,28
14490,28
14491,28
14492,28
14493,28
14494,28
14495,28
14496,28
14497,28
14498,9
14499,9
14500,9
14501,9
14502,9
14503,27
14504,27
14505,27
14507,9
14508,9
14510,9
14511,9
14512,9
14513,26
14514,26
14516,43
14517,43
14518,43
14519,43
14520,43
14521,43
14522,43
14523,43
14524,43
14525,43
14526,43
14527,43
14528,43
14529,43
14530,43
14531,43
14532,43
14533,43
14534,14
14535,14
14536,14
14537,14
14538,14
14539,14
14540,18
14541,18
14542,18
14543,18
14544,31
14545,31
14546,31
14547,31
14548,31
14549,31
14550,41
14554,41
14556,35
14557,35
14558,35
14559,35
14560,35
14561,35
14562,35
14563,35
14564,9
14565,9
14566,9
14568,27
14569,27
14570,27
14571,41
14572,41
14573,41
14580,9
14581,9
14582,9
14583,10
14585,10
14586,24
14588,48
14589,48
14590,48
14591,23
14592,23
14593,23
14594,23
14595,23
14596,42
14597,42
14598,42
14599,42
14600,21
14601,21
14602,21
14603,17
14604,17
14605,17
14606,41
14607,41
14608,41
14609,41
14610,47
14611,47
14612,47
14613,9
14615,9
14616,9
14620,49
14621,19
14622,19
14623,16
14624,9
14626,1
14628,1
14629,1
14630,1
14633,47
14634,47
14635,47
14636,47
14637,47
14639,47
14640,47
14642,30
14643,30
14644,30
14645,30
14646,30
14647,30
14648,30
14649,8
14650,8
14651,8
14652,8
14653,8
14654,8
14655,49
14656,49
14659,49
14662,21
14663,21
14664,21
14665,21
14666,26
14667,37
14668,37
14669,19
14670,19
14671,19
14672,19
14673,35
14674,35
14675,35
14676,35
14677,35
14678,35
14679,36
14680,36
14681,36
14682,36
14683,36
14684,36
14685,36
14686,24
14688,24
14691,24
14692,24
14694,35
14695,35
14696,35
14698,27
14699,21
14701,21
14702,21
14704,9
14705,9
14706,9
14708,9
14709,9
14710,9
14711,9
14712,9
14713,9
14714,9
14715,16
14716,16
14717,16
14718,16
14721,16
14722,16
14723,8
14725,8
14726,8
14727,8
14730,49
14731,49
14732,9
14733,9
14734,9
14735,9
14736,9
14737,9
14738,9
14739,9
14740,9
14741,9
14742,9
14743,9
14744,9
14746,9
14748,9
14750,9
14752,14
14753,14
14755,27
14756,27
14757,27
14758,40
14759,40
14760,40
14761,40
14762,40
14764,15
14765,15
14766,15
14767,1
14768,1
14769,1
14770,1
14771,1
14772,1
14773,10
14774,10
14775,10
14776,10
14777,10
14778,24
14779,24
14780,24
14781,24
14782,24
14783,24
14784,40
14786,36
14788,47
14789,47
14790,47
14791,47
14792,47
14793,47
14794,45
14795,45
14796,45
14797,48
14798,48
14799,48
14800,14
14801,14
14802,31
14803,31
14804,31
14805,31
14806,31
14807,18
14810,18
14812,18
14813,49
14814,49
14816,23
14817,35
14818,35
14819,35
14820,1
14821,1
14822,49
14823,49
14824,16
14825,12
14826,12
14827,12
14828,12
14829,36
14830,36
14831,36
14832,35
14833,35
14834,35
14835,35
14836,35
14837,35
14838,35
14839,17
14840,17
14841,17
14842,17
14845,17
14846,17
14848,44
14850,44
14851,44
14854,27
14855,27
14856,46
14857,46
14858,46
14859,36
14860,36
14861,26
14863,26
14864,26
14865,26
14866,40
14868,40
14869,40
14870,27
14871,27
14872,27
14873,40
14874,40
14875,40
14876,40
14877,40
14878,40
14879,40
14881,16
14882,16
14883,16
14884,31
14885,31
14886,31
14887,31
14888,31
14889,31
14890,31
14892,31
14894,31
14895,31
14896,31
14897,31
14898,31
14900,31
14901,31
14902,47
14903,47
14905,47
14906,35
14907,35
14908,35
14909,35
14913,15
14914,15
14915,27
14916,27
14917,1
14918,1
14919,1
14920,27
14921,27
14922,16
14923,16
14924,16
14925,16
14926,16
14927,16
14928,7
14929,7
14930,7
14931,7
14932,36
14933,27
14934,27
14935,27
14937,27
14938,17
14940,17
14943,21
14944,21
14945,21
14946,27
14947,27
14949,27
14950,42
14951,42
14952,42
14953,27
14954,27
14955,27
14956,27
14957,27
14959,17
14960,17
14961,17
14962,17
14963,17
14964,17
14965,15
14966,15
14967,15
14968,1
14969,1
14972,1
14973,1
14974,2
14975,2
14976,2
14977,2
14981,8
14982,24
14983,24
14986,32
14987,32
14988,32
14989,32
14990,32
14991,32
14993,9
15001,44
15002,44
15003,44
15005,41
15006,41
15007,41
15009,1
15010,31
15011,41
15012,41
15016,16
15017,16
15018,16
15019,16
15020,16
15021,16
15023,4
15026,49
15030,31
15031,31
15032,31
15033,31
15034,31
15035,31
15036,27
15037,27
15038,27
15039,27
15040,27
15041,10
15042,10
15043,42
15044,42
15046,10
15047,10
15048,10
15049,42
15050,42
15052,42
15054,27
15055,27
15056,27
15057,27
15058,27
15059,44
15060,44
15061,44
15062,44
15065,35
15066,35
15068,35
15069,35
15070,35
15071,35
15076,36
15077,36
15078,36
15079,36
15080,36
15081,36
15082,35
15083,35
15084,35
15085,34
15086,34
15087,34
15088,34
15089,34
15091,10
15092,10
15093,10
15094,10
15096,10
15097,27
15098,27
15099,27
15101,27
15103,27
15104,27
15105,27
15107,27
15108,27
15110,9
15111,9
15112,9
15113,9
15114,9
15115,49
15116,49
15117,49
15118,49
15119,42
15120,42
15121,42
15124,1
15125,1
15127,17
15128,17
15133,30
15136,30
15137,8
15138,8
15139,8
15140,8
15141,8
15142,8
15143,8
15144,9
15145,9
15146,9
15147,9
15148,49
15149,49
15151,49
15153,21
15154,21
15155,21
15156,21
15157,21
15158,35
15159,35
15160,35
15161,35
15162,35
15163,35
15168,41
15170,35
15171,35
15172,35
15173,35
15177,26
15178,26
15179,26
15180,26
15181,36
15182,36
15183,36
15184,36
15185,36
15186,36
15187,28
15188,31
15189,31
15190,31
15191,31
15192,31
15193,31
15194,49
15195,49
15196,49
15197,17
15198,17
15199,17
15200,15
15201,15
15202,15
15203,15
15204,15
15205,27
15206,27
15207,8
15208,8
15210,11
15211,11
15212,11
15213,31
15214,31
15217,42
15218,42
15219,42
15221,1
15222,1
15223,1
15224,1
15225,1
15231,30
15232,30
15234,9
15235,9
15236,27
15237,27
15238,27
15239,27
15240,27
15241,31
15242,31
15243,31
15244,27
15248,31
15249,31
15250,31
15251,31
15252,31
15255,9
15257,9
15258,24
15260,24
15263,11
15264,11
15265,11
15267,11
15268,11
15269,11
15270,27
15271,27
15272,27
15273,1
15274,1
15275,1
15276,1
15277,1
15281,27
15282,27
15283,27
15284,27
15285,27
15287,31
15288,31
15289,11
15290,11
15291,11
15293,11
15294,26
15296,26
15298,26
15299,30
15300,30
15301,30
15302,30
15304,27
15305,27
15307,27
15308,42
15309,42
15310,42
15312,42
15313,42
15314,28
15315,28
15316,47
15318,47
15319,47
15320,36
15323,24
15324,24
15325,24
15326,24
15327,8
15328,8
15330,31
15331,31
15332,31
15333,31
15334,16
15335,16
15337,31
15339,3
15340,3
15341,3
15342,21
15343,21
15344,21
15349,31
15350,31
15351,31
15352,36
15353,36
15354,49
15355,49
15358,49
15359,21
15360,21
15361,21
15362,21
15363,21
15364,21
15365,35
15366,35
15367,35
15368,9
15369,9
15370,9
15371,9
15372,9
15373,9
15374,9
15375,9
15376,9
15377,30
15379,30
15380,30
15381,49
15382,49
15383,49
15384,49
15385,27
15386,27
15387,9
15388,9
15389,31
15390,31
15393,31
15396,1
15401,17
15403,17
15404,17
15406,49
15407,49
15408,49
15409,49
15410,34
15411,34
15414,34
15415,47
15416,47
15417,47
15418,47
15419,47
15420,47
15421,22
15422,22
15423,22
15424,22
15425,22
15426,36
15427,36
15428,36
15429,36
15430,30
15432,30
15433,30
15434,11
15435,11
15440,49
15442,49
15444,49
15446,49
15447,49
15449,49
15450,49
15451,49
15452,49
15453,49
15454,27
15456,27
15457,27
15458,27
15459,27
15460,27
15461,27
15462,27
15463,27
15469,11
15470,11
15471,11
15473,11
15475,30
15476,30
15477,30
15478,30
15479,30
15481,14
15482,14
15483,24
15486,24
15487,24
15489,24
15490,24
15491,9
15492,9
15493,41
15494,41
15496,9
15497,9
15498,27
15499,27
15500,27
15501,27
15503,30
15504,30
15505,30
15506,30
15507,30
15508,9
15509,9
15510,9
15511,9
15512,9
15513,9
15514,9
15515,9
15516,9
15517,9
15518,9
15519,9
15520,9
15521,27
15522,27
15524,27
15525,27
15526,27
15527,35
15528,35
15529,35
15530,9
15531,9
15532,9
15533,9
15535,21
15536,21
15537,21
15538,13
15539,13
15541,13
15542,13
15543,13
15544,31
15545,31
15547,31
15548,11
15549,11
15550,11
15551,11
15552,11
15553,49
15554,49
15555,49
15556,49
15557,49
15559,49
15563,40
15566,40
15568,9
15569,9
15572,49
15574,49
15575,49
15576,49
15577,49
15578,49
15579,11
15580,11
15581,11
15582,21
15583,21
15584,21
15585,21
15586,21
15587,21
15588,2
15589,2
15593,49
15595,49
15597,35
15599,35
15600,27
15601,27
15602,27
15603,27
15604,27
15605,27
15606,27
15608,27
15609,30
15610,30
15611,30
15612,30
15613,30
15614,45
15615,45
15616,45
15617,45
15618,29
15619,29
15620,29
15621,29
15622,29
15624,9
15626,9
15629,9
15631,9
15632,9
15633,48
15634,48
15635,48
15636,48
15637,48
15638,10
15639,10
15640,10
15641,10
15642,10
15643,41
15644,41
15648,9
15649,9
15650,9
15651,9
15652,9
15653,9
15654,16
15655,16
15656,16
15657,1
15658,1
15659,30
15660,23
15661,23
15662,23
15665,8
15666,8
15669,19
15670,19
15672,19
15673,19
15674,19
15675,37
15676,37
15677,37
15679,37
15680,42
15681,42
15682,42
15683,42
15684,33
15685,33
15686,33
15687,10
15688,10
15690,18
15691,18
15694,48
15695,27
15700,16
15701,16
15702,16
15703,40
15704,40
15705,40
15706,40
15708,27
15709,27
15712,49
15713,49
15714,49
15715,49
15716,49
15718,31
15719,31
15720,31
15721,31
15722,23
15723,23
15724,23
15725,48
15726,48
15727,48
15728,48
15731,49
15732,49
15733,49
15735,40
15736,40
15738,40
15739,40
15740,9
15741,9
15742,21
15743,21
15744,21
15745,21
15746,42
15747,42
15748,42
15749,42
15750,27
15751,27
15754,33
15756,33
15757,33
15759,8
15761,8
15762,8
15764,44
15765,44
15766,44
15767,44
15772,11
15773,11
15774,44
15775,44
15776,1
15777,1
15778,1
15779,49
15780,49
15781,49
15782,49
15783,49
15785,28
15786,28
15787,28
15788,28
15789,28
15790,28
15792,28
15794,1
15795,1
15796,1
15797,1
15798,18
15799,18
15801,18
15802,18
15803,17
15804,17
15805,41
15806,41
15807,41
15808,22
15809,22
15810,22
15811,22
15812,22
15813,22
15814,22
15815,22
15816,22
15817,16
15818,16
15819,16
15820,24
15821,24
15824,24
15825,33
15826,33
15829,45
15830,45
15831,45
15832,45
15833,45
15834,45
15835,49
15836,49
15839,19
15840,19
15841,19
15842,19
15843,19
15844,19
15845,19
15846,19
15847,19
15848,19
15849,19
15850,11
15851,11
15852,11
15853,11
15854,11
15855,1
15856,1
15857,1
15858,1
15860,35
15862,35
15864,35
15865,35
15866,35
15868,27
15869,27
15870,27
15871,27
15872,27
15873,27
15874,27
15875,11
15878,11
15880,11
15882,11
15883,27
15884,27
15885,27
15886,27
15887,27
15888,27
15889,18
15890,18
15891,18
15892,18
15893,12
15894,12
15896,12
15897,12
15898,12
15899,12
15900,12
15901,12
15902,12
15903,12
15904,27
15905,27
15906,41
15907,41
15908,41
15909,1
15910,1
15911,1
15912,1
15913,1
15914,1
15915,1
15916,1
15917,1
15918,1
15919,1
15920,1
15922,1
15923,1
15928,27
15929,27
15930,27
15931,27
15932,9
15933,9
15934,9
15935,9
15936,33
15937,33
15941,31
15942,31
15943,31
15944,31
15945,31
15946,31
15947,31
15948,31
15950,1
15951,1
15953,1
15954,14
15955,14
15956,42
15957,42
15959,18
15960,18
15961,18
15962,18
15963,40
15964,40
15965,40
15966,40
15967,40
15969,8
15970,8
15972,8
15973,8
15978,16
15980,49
15981,49
15982,49
15983,49
15984,49
15985,9
15986,9
15987,9
15989,15
15990,15
15991,15
15992,15
15993,15
15994,15
15995,15
15996,27
15999,10
16000,10
16001,10
16002,10
16004,10
16005,10
16006,10
16007,27
16008,27
16009,27
16010,27
16011,27
16012,27
16014,27
16015,27
16016,27
16017,27
16018,27
16019,27
16020,27
16021,27
16022,27
16023,27
16024,27
16025,1
16026,1
16027,1
16028,35
16029,35
16030,35
16031,23
16032,23
16033,23
16034,36
16035,36
16036,36
16037,36
16038,36
16039,31
16041,31
16042,31
16044,31
16047,31
16048,33
16049,33
16050,33
16051,33
16052,33
16053,24
16054,24
16055,24
16057,24
16060,26
16065,10
16071,10
16072,10
16073,10
16074,10
16075,10
16076,10
16077,10
16078,10
16084,8
16091,9
16092,9
16093,9
16094,9
16096,41
16100,1
16101,1
16102,1
16118,8
16119,8
16120,8
16121,8
16122,8
16123,7
16125,7
16126,7
16127,7
16130,15
16133,16
16134,16
16135,16
16136,16
16137,16
16138,16
16142,16
16143,15
16144,15
16145,15
16149,15
16151,15
16152,15
16153,15
16154,15
16155,15
16156,49
16157,49
16158,49
16160,35
16161,35
16162,35
16163,49
16164,49
16165,49
16166,49
16167,8
16168,8
16170,24
16171,24
16174,17
16175,17
16176,9
16178,9
16179,9
16180,9
16181,9
16182,42
16184,42
16185,42
16186,35
16189,42
16191,42
16192,42
16196,27
16197,27
16199,16
16201,9
16202,9
16203,9
16204,31
16205,31
16206,31
16207,31
16208,36
16209,36
16210,36
16211,36
16212,36
16213,36
16215,18
16216,18
16217,49
16218,49
16219,49
16220,9
16222,9
16223,9
16225,9
16226,49
16227,49
16229,49
16230,49
16231,23
16232,23
16233,23
16234,23
16235,23
16237,17
16238,17
16239,17
16240,17
16241,17
16242,8
16244,42
16245,42
16246,10
16247,10
16248,10
16249,10
16250,11
16252,11
16253,28
16254,28
16255,28
16257,28
16259,28
16263,22
16264,23
16265,23
16266,23
16267,23
16268,23
16269,30
16270,30
16271,30
16272,30
16273,30
16275,9
16277,1
16278,1
16279,1
16280,1
16281,1
16282,1
16283,27
16284,27
16285,27
16286,15
16287,15
16288,27
16289,27
16291,4
16292,4
16293,4
16294,4
16295,4
16296,28
16297,28
16298,28
16299,9
16300,9
16304,13
16305,13
16306,9
16308,9
16311,9
16312,9
16314,1
16316,1
16317,1
16318,1
16319,27
16320,27
16321,27
16322,27
16323,27
16324,27
16325,27
16326,31
16327,31
16328,31
16329,31
16330,10
16331,10
16332,10
16333,10
16334,10
16337,42
16338,42
16339,15
16340,15
16341,15
16342,15
16343,27
16344,10
16345,10
16346,10
16347,10
16348,10
16349,10
16350,10
16351,10
16352,27
16353,27
16354,27
16356,41
16357,41
16358,41
16359,41
16361,27
16362,27
16363,27
16364,27
16365,27
16366,27
16367,15
16368,15
16369,15
16370,15
16371,22
16372,22
16373,22
16374,22
16375,16
16376,16
16377,23
16378,23
16379,23
16380,10
16381,10
16382,10
16383,10
16386,9
16387,9
16388,9
16389,9
16390,9
16391,9
16392,9
16393,9
16394,9
16395,9
16396,9
16397,9
