article_id,nb_auteurs,country
1,8.0,Italy
2,8.0,United Arab Emirates
3,9.0,USA
4,18.0,USA
5,15.0,USA
6,14.0,USA
7,20.0,USA
8,13.0,Greece
9,12.0,Malaysia
10,7.0,Spain
11,6.0,Indonesia
12,14.0,Indonesia
13,18.0,Spain
14,15.0,Malaysia
15,12.0,China
16,8.0,Japan
17,11.0,Germany
18,15.0,Japan
19,12.0,China
20,7.0,Germany
21,16.0,Japan
22,17.0,India
23,6.0,India
24,11.0,Iraq
25,5.0,USA
26,8.0,India
27,7.0,Germany
28,8.0,Germany
29,9.0,China
30,8.0,Italy
31,44.0,Italy
32,11.0,Italy
33,9.0,Italy
34,12.0,Italy
35,11.0,Italy
36,12.0,Italy
37,10.0,Italy
38,15.0,Italy
39,12.0,Italy
40,10.0,China
41,13.0,USA
42,11.0,Italy
43,13.0,Italy
44,14.0,Pakistan
45,13.0,Pakistan
46,8.0,Japan
47,10.0,USA
48,12.0,Malaysia
49,14.0,Malaysia
50,13.0,Malaysia
51,16.0,USA
52,17.0,The Netherlands
53,11.0,Germany
54,13.0,Pakistan
55,9.0,Inconnu
56,20.0,Japan
57,17.0,USA
58,18.0,China
59,10.0,Germany
60,10.0,The Netherlands
61,14.0,Germany
62,16.0,Japan
63,11.0,Japan
64,10.0,Japan
65,10.0,Saudi Arabia
66,8.0,China
67,12.0,China
68,14.0,USA
69,13.0,Pakistan
70,10.0,China
71,12.0,China
72,15.0,Pakistan
73,9.0,China
74,12.0,Saudi Arabia
75,15.0,Taiwan
76,10.0,Brazil
77,7.0,China
78,13.0,China
79,10.0,China
80,9.0,China
81,11.0,Germany
82,11.0,China
83,13.0,China
84,15.0,China
85,12.0,China
86,11.0,Germany
87,18.0,Malaysia
88,13.0,Germany
89,16.0,China
90,14.0,Germany
91,14.0,Germany
92,9.0,Malaysia
93,10.0,Canada
94,12.0,China
95,9.0,USA
96,13.0,China
97,12.0,Malaysia
98,14.0,China
99,20.0,China
100,10.0,China
101,10.0,China
102,11.0,China
103,20.0,China
104,13.0,China
105,9.0,China
106,10.0,China
107,12.0,China
108,12.0,China
109,12.0,China
110,19.0,China
111,8.0,China
112,7.0,China
113,13.0,China
114,13.0,China
115,10.0,China
116,16.0,China
117,13.0,China
118,8.0,Spain
119,9.0,USA
120,12.0,China
121,12.0,USA
122,13.0,USA
123,9.0,China
124,11.0,China
125,11.0,China
126,14.0,China
127,13.0,China
128,12.0,USA
129,11.0,USA
130,15.0,USA
131,16.0,China
132,9.0,China
133,15.0,China
134,15.0,China
135,13.0,China
136,23.0,USA
137,16.0,China
138,10.0,China
139,14.0,China
140,12.0,China
141,13.0,China
142,11.0,China
143,7.0,China
144,16.0,USA
145,12.0,China
146,11.0,USA
147,15.0,China
148,9.0,China
149,15.0,China
150,15.0,USA
151,14.0,USA
152,14.0,China
153,10.0,Morocco
154,15.0,China
155,14.0,USA
156,11.0,USA
157,12.0,Vietnam
158,15.0,China
159,12.0,China
160,13.0,China
161,16.0,China
162,18.0,China
163,15.0,China
164,13.0,USA
165,11.0,India
166,14.0,India
167,11.0,China
168,16.0,India
169,20.0,India
170,15.0,Egypt
171,17.0,China
172,22.0,India
173,8.0,India
174,18.0,USA
175,10.0,India
176,13.0,India
177,11.0,USA
178,10.0,Spain
179,17.0,USA
180,17.0,Indonesia
181,20.0,India
182,11.0,China
183,15.0,India
184,15.0,China
185,12.0,China
186,10.0,China
187,13.0,India
188,11.0,China
189,8.0,China
190,7.0,USA
191,10.0,USA
192,13.0,China
193,14.0,China
194,13.0,USA
195,15.0,Greece
196,12.0,China
197,14.0,China
198,7.0,India
199,10.0,Switzerland
200,10.0,Italy
201,12.0,Saudi Arabia
202,10.0,South Korea
203,13.0,China
204,13.0,China
205,10.0,Saudi Arabia
206,8.0,China
207,13.0,China
208,10.0,China
209,14.0,China
210,18.0,Argentina
211,18.0,China
212,13.0,China
213,7.0,Argentina
214,11.0,Germany
215,13.0,Switzerland
216,14.0,Italy
217,18.0,USA
218,18.0,China
219,11.0,China
220,17.0,Saudi Arabia
221,10.0,China
222,10.0,India
223,21.0,India
224,17.0,China
225,15.0,China
226,13.0,Saudi Arabia
227,10.0,China
228,9.0,China
229,11.0,China
230,15.0,China
231,8.0,USA
232,13.0,USA
233,12.0,USA
234,15.0,India
235,11.0,India
236,14.0,India
237,12.0,India
238,7.0,India
239,7.0,China
240,13.0,China
241,15.0,China
242,15.0,China
243,14.0,China
244,15.0,China
245,7.0,USA
246,13.0,China
247,5.0,USA
248,7.0,USA
249,11.0,China
250,13.0,USA
251,9.0,China
252,16.0,USA
253,16.0,Bangladesh
254,15.0,China
255,16.0,India
256,8.0,China
257,14.0,India
258,18.0,India
259,11.0,India
260,7.0,China
261,12.0,China
262,13.0,Brazil
263,16.0,China
264,11.0,USA
265,13.0,USA
266,21.0,Saudi Arabia
267,20.0,USA
268,9.0,USA
269,14.0,USA
270,9.0,India
271,13.0,China
272,13.0,Canada
273,9.0,India
274,11.0,India
275,16.0,China
276,16.0,USA
277,9.0,China
278,12.0,USA
279,11.0,USA
280,11.0,India
281,15.0,USA
282,10.0,India
283,11.0,India
284,8.0,China
285,10.0,Saudi Arabia
286,6.0,Saudi Arabia
287,12.0,Sweden
288,14.0,Germany
289,11.0,China
290,8.0,USA
291,14.0,Saudi Arabia
292,19.0,USA
293,12.0,USA
294,16.0,USA
295,13.0,Pakistan
296,14.0,USA
297,11.0,China
298,11.0,Thailand
299,12.0,China
300,9.0,India
301,21.0,China
302,13.0,Bangladesh
303,8.0,China
304,10.0,China
305,16.0,Taiwan
306,16.0,China
307,10.0,China
308,16.0,China
309,22.0,USA
310,13.0,China
311,13.0,China
312,15.0,Bangladesh
313,16.0,China
314,11.0,China
315,16.0,China
316,12.0,United Arab Emirates
317,12.0,China
318,15.0,China
319,12.0,China
320,13.0,China
321,17.0,China
322,19.0,China
323,19.0,Bangladesh
324,12.0,China
325,12.0,China
326,13.0,China
327,12.0,China
328,15.0,China
329,15.0,China
330,11.0,China
331,20.0,Bangladesh
332,19.0,China
333,15.0,China
334,13.0,China
335,9.0,China
336,10.0,Indonesia
337,10.0,China
338,12.0,China
339,13.0,China
340,15.0,China
341,14.0,China
342,13.0,China
343,13.0,China
344,12.0,China
345,18.0,China
346,16.0,China
347,17.0,China
348,12.0,China
349,6.0,China
350,11.0,China
351,12.0,China
352,15.0,China
353,11.0,China
354,16.0,China
355,14.0,China
356,11.0,China
357,12.0,China
358,21.0,China
359,12.0,China
360,17.0,China
361,13.0,China
362,12.0,Pakistan
363,18.0,China
364,17.0,China
365,20.0,China
366,12.0,Japan
367,14.0,China
368,6.0,China
369,20.0,Australia
370,14.0,China
371,9.0,China
372,13.0,China
373,20.0,India
374,12.0,South Korea
375,12.0,China
376,17.0,Saudi Arabia
377,12.0,China
378,12.0,Australia
379,12.0,China
380,14.0,China
381,10.0,China
382,9.0,China
383,11.0,China
384,16.0,China
385,15.0,China
386,13.0,China
387,10.0,China
388,11.0,China
389,25.0,China
390,10.0,China
391,10.0,USA
392,13.0,China
393,12.0,USA
394,17.0,China
395,12.0,Pakistan
396,15.0,Inconnu
397,15.0,China
398,13.0,China
399,14.0,Germany
400,19.0,China
401,14.0,India
402,12.0,China
403,13.0,China
404,17.0,China
405,13.0,China
406,16.0,China
407,12.0,China
408,13.0,China
409,16.0,China
410,13.0,China
411,17.0,China
412,11.0,USA
413,15.0,China
414,14.0,China
415,9.0,Pakistan
416,16.0,China
417,14.0,Finland
418,14.0,China
419,12.0,China
420,8.0,China
421,8.0,USA
422,11.0,China
423,13.0,China
424,6.0,Egypt
425,20.0,China
426,12.0,China
427,8.0,China
428,12.0,Inconnu
429,13.0,Saudi Arabia
430,14.0,China
431,6.0,Finland
432,11.0,China
433,17.0,Saudi Arabia
434,12.0,China
435,10.0,China
436,18.0,China
437,17.0,China
438,19.0,China
439,11.0,China
440,7.0,Saudi Arabia
441,11.0,China
442,12.0,China
443,21.0,Finland
444,15.0,China
445,18.0,China
446,11.0,China
447,15.0,China
448,12.0,China
449,16.0,China
450,14.0,China
451,11.0,Saudi Arabia
452,18.0,China
453,16.0,China
454,8.0,China
455,11.0,China
456,10.0,China
457,10.0,China
458,24.0,China
459,12.0,China
460,7.0,China
461,13.0,China
462,11.0,China
463,8.0,China
464,19.0,China
465,19.0,China
466,12.0,China
467,15.0,China
468,11.0,South Korea
469,16.0,China
470,17.0,China
471,15.0,China
472,9.0,China
473,21.0,China
474,13.0,China
475,14.0,China
476,12.0,China
477,16.0,China
478,12.0,China
479,17.0,China
480,12.0,Germany
481,14.0,China
482,11.0,China
483,10.0,China
484,18.0,China
485,13.0,China
486,13.0,China
487,7.0,South Korea
488,9.0,Saudi Arabia
489,8.0,China
490,13.0,China
491,6.0,China
492,16.0,India
493,11.0,China
494,14.0,China
495,11.0,China
496,15.0,China
497,20.0,China
498,13.0,China
499,16.0,China
500,9.0,China
501,20.0,China
502,11.0,Pakistan
503,13.0,China
504,12.0,China
505,18.0,China
506,14.0,China
507,7.0,South Korea
508,16.0,Germany
509,12.0,China
510,15.0,India
511,11.0,China
512,15.0,China
513,15.0,China
514,12.0,USA
515,11.0,Germany
516,16.0,China
517,11.0,Japan
518,9.0,China
519,17.0,China
520,20.0,China
521,11.0,China
522,9.0,China
523,17.0,Germany
524,15.0,China
525,15.0,China
526,16.0,China
527,11.0,China
528,17.0,Pakistan
529,12.0,China
530,14.0,Saudi Arabia
531,12.0,China
532,12.0,South Korea
533,14.0,China
534,12.0,China
535,8.0,China
536,7.0,China
537,11.0,China
538,12.0,Saudi Arabia
539,8.0,China
540,9.0,New Zealand
541,16.0,Australia
542,12.0,China
543,13.0,China
544,13.0,China
545,12.0,China
546,12.0,USA
547,14.0,China
548,10.0,USA
549,10.0,China
550,12.0,India
551,13.0,China
552,12.0,China
553,10.0,USA
554,10.0,Australia
555,14.0,China
556,11.0,Israel
557,8.0,Inconnu
558,9.0,China
559,8.0,India
560,17.0,China
561,10.0,China
562,14.0,China
563,10.0,Hungary
564,11.0,China
565,11.0,Hungary
566,9.0,China
567,17.0,USA
568,18.0,China
569,19.0,USA
570,19.0,USA
571,13.0,China
572,11.0,China
573,7.0,China
574,23.0,China
575,10.0,Italy
576,8.0,Saudi Arabia
577,12.0,Australia
578,13.0,China
579,14.0,China
580,12.0,India
581,10.0,China
582,17.0,Saudi Arabia
583,9.0,China
584,13.0,China
585,11.0,China
586,12.0,China
587,11.0,Morocco
588,12.0,China
589,12.0,China
590,14.0,China
591,13.0,China
592,11.0,China
593,21.0,China
594,12.0,Saudi Arabia
595,25.0,China
596,11.0,China
597,19.0,China
598,18.0,China
599,11.0,India
600,11.0,China
601,8.0,China
602,20.0,China
603,25.0,China
604,26.0,China
605,11.0,China
606,8.0,China
607,15.0,Saudi Arabia
608,17.0,China
609,13.0,China
610,14.0,China
611,9.0,China
612,9.0,China
613,12.0,USA
614,10.0,China
615,14.0,China
616,10.0,China
617,19.0,China
618,9.0,China
619,8.0,Saudi Arabia
620,9.0,China
621,9.0,China
622,10.0,China
623,12.0,China
624,11.0,Malaysia
625,15.0,Malaysia
626,7.0,Malaysia
627,10.0,China
628,12.0,China
629,5.0,China
630,11.0,China
631,13.0,China
632,19.0,Malaysia
633,15.0,China
634,11.0,USA
635,10.0,Japan
636,17.0,India
637,7.0,China
638,11.0,South Korea
639,7.0,China
640,15.0,China
641,10.0,China
642,14.0,China
643,12.0,China
644,10.0,India
645,17.0,USA
646,13.0,Australia
647,11.0,China
648,13.0,China
649,11.0,China
650,18.0,China
651,10.0,China
652,9.0,USA
653,12.0,China
654,12.0,China
655,11.0,China
656,37.0,China
657,11.0,China
658,12.0,China
659,13.0,USA
660,8.0,China
661,10.0,China
662,15.0,China
663,10.0,China
664,17.0,China
665,18.0,China
666,9.0,China
667,13.0,China
668,11.0,China
669,24.0,China
670,13.0,USA
671,20.0,China
672,11.0,China
673,8.0,China
674,13.0,China
675,13.0,Spain
676,14.0,China
677,10.0,USA
678,14.0,Germany
679,13.0,USA
680,15.0,China
681,11.0,China
682,12.0,China
683,15.0,India
684,9.0,China
685,9.0,China
686,29.0,China
687,13.0,China
688,17.0,China
689,15.0,USA
690,12.0,China
691,12.0,Pakistan
692,8.0,Saudi Arabia
693,15.0,China
694,18.0,China
695,12.0,China
696,17.0,China
697,12.0,China
698,10.0,Chile
699,10.0,Saudi Arabia
700,10.0,China
701,10.0,USA
702,8.0,China
703,11.0,Saudi Arabia
704,8.0,China
705,19.0,China
706,12.0,China
707,11.0,China
708,10.0,China
709,14.0,China
710,17.0,China
711,13.0,China
712,16.0,China
713,17.0,China
714,13.0,China
715,12.0,China
716,18.0,China
717,19.0,USA
718,14.0,USA
719,11.0,Australia
720,12.0,China
721,13.0,China
722,9.0,USA
723,12.0,China
724,22.0,India
725,12.0,Vietnam
726,12.0,USA
727,13.0,Pakistan
728,10.0,China
729,9.0,India
730,15.0,China
731,19.0,Finland
732,13.0,China
733,12.0,China
734,17.0,China
735,19.0,China
736,17.0,China
737,12.0,South Korea
738,10.0,Australia
739,13.0,United Arab Emirates
740,16.0,China
741,9.0,Republic of Korea
742,10.0,Saudi Arabia
743,12.0,China
744,9.0,Germany
745,15.0,Germany
746,23.0,China
747,9.0,China
748,8.0,China
749,13.0,Saudi Arabia
750,26.0,China
751,15.0,Canada
752,20.0,Ghana
753,12.0,China
754,14.0,China
755,15.0,China
756,19.0,China
757,10.0,India
758,11.0,China
759,9.0,Israel
760,20.0,China
761,14.0,China
762,15.0,Saudi Arabia
763,7.0,India
764,11.0,China
765,12.0,Malaysia
766,16.0,China
767,10.0,China
768,12.0,China
769,16.0,Germany
770,10.0,Ghana
771,8.0,China
772,14.0,China
773,14.0,China
774,8.0,China
775,13.0,China
776,9.0,China
777,18.0,China
778,10.0,Japan
779,14.0,Australia
780,16.0,Saudi Arabia
781,8.0,China
782,12.0,China
783,9.0,Portugal
784,12.0,India
785,16.0,China
786,7.0,Germany
787,12.0,China
788,7.0,China
789,8.0,China
790,9.0,China
791,5.0,USA
792,14.0,China
793,8.0,China
794,7.0,Brazil
795,9.0,China
796,8.0,China
797,11.0,Germany
798,8.0,Spain
799,6.0,China
800,9.0,Germany
801,9.0,USA
802,4.0,China
803,8.0,China
804,7.0,China
805,6.0,Indonesia
806,11.0,China
807,12.0,Japan
808,8.0,Morocco
809,7.0,China
810,15.0,China
811,9.0,China
812,9.0,China
813,5.0,China
814,4.0,China
815,10.0,China
816,13.0,Spain
817,7.0,China
818,6.0,China
819,3.0,China
820,5.0,Germany
821,4.0,Inconnu
822,15.0,China
823,7.0,China
824,4.0,Spain
825,5.0,France
826,11.0,China
827,3.0,China
828,10.0,China
829,9.0,China
830,8.0,China
831,9.0,United Arab Emirates
832,10.0,China
833,9.0,Spain
834,15.0,Pakistan
835,9.0,Italy
836,8.0,China
837,8.0,China
838,8.0,China
839,7.0,Canada
840,10.0,China
841,9.0,Pakistan
842,10.0,Switzerland
843,11.0,Korea
844,13.0,China
845,8.0,China
846,13.0,Republic of Korea
847,12.0,China
848,13.0,China
849,15.0,Inconnu
850,8.0,Spain
851,4.0,China
852,8.0,China
853,10.0,India
854,12.0,Pakistan
855,18.0,Japan
856,10.0,USA
857,8.0,France
858,7.0,China
859,8.0,Spain
860,7.0,Saudi Arabia
861,8.0,China
862,7.0,Poland
863,12.0,China
864,6.0,China
865,13.0,Pakistan
866,10.0,India
867,9.0,China
868,5.0,China
869,8.0,China
870,9.0,China
871,11.0,Inconnu
872,14.0,China
873,9.0,Switzerland
874,10.0,Saudi Arabia
875,5.0,Republic of Korea
876,7.0,China
877,8.0,Japan
878,10.0,Morocco
879,8.0,Saudi Arabia
880,5.0,India
881,12.0,China
882,9.0,Inconnu
883,10.0,USA
884,10.0,China
885,7.0,China
886,9.0,Egypt
887,6.0,Japan
888,7.0,Croatia
889,5.0,USA
890,9.0,China
891,7.0,Saudi Arabia
892,8.0,Japan
893,7.0,Australia
894,10.0,Bangladesh
895,6.0,Türkiye
896,10.0,Pakistan
897,9.0,Australia
898,11.0,China
899,8.0,Inconnu
900,9.0,Brazil
901,6.0,Mexico
902,8.0,Pakistan
903,11.0,China
904,10.0,China
905,10.0,Spain
906,10.0,Thailand
907,7.0,Italy
908,10.0,Czech Republic
909,5.0,Vietnam
910,10.0,Pakistan
911,9.0,Italy
912,9.0,Malaysia
913,10.0,China
914,15.0,China
915,8.0,China
916,8.0,China
917,10.0,China
918,7.0,USA
919,7.0,China
920,15.0,China
921,8.0,China
922,9.0,South Korea
923,7.0,Egypt
924,6.0,Spain
925,7.0,USA
926,9.0,China
927,10.0,Saudi Arabia
928,8.0,Luxembourg
929,8.0,USA
930,7.0,Saudi Arabia
931,16.0,Türkiye
932,8.0,China
933,8.0,Qatar
934,9.0,China
935,9.0,China
936,10.0,USA
937,12.0,Germany
938,8.0,China
939,6.0,China
940,12.0,Italy
941,12.0,Spain
942,10.0,Switzerland
943,8.0,USA
944,10.0,China
945,10.0,Vietnam
946,14.0,Pakistan
947,10.0,Mexico
948,10.0,China
949,6.0,China
950,7.0,China
951,9.0,India
952,8.0,Malaysia
953,9.0,China
954,7.0,Spain
955,9.0,Australia
956,5.0,USA
957,7.0,China
958,10.0,Pakistan
959,14.0,China
960,10.0,South Korea
961,8.0,China
962,7.0,India
963,5.0,China
964,6.0,China
965,9.0,China
966,10.0,China
967,5.0,China
968,12.0,China
969,7.0,United Kingdom
970,14.0,Saudi Arabia
971,15.0,China
972,11.0,India
973,8.0,China
974,10.0,Germany
975,14.0,Italy
976,4.0,Germany
977,17.0,USA
978,7.0,China
979,4.0,Inconnu
980,5.0,USA
981,5.0,India
982,7.0,China
983,9.0,China
984,11.0,Australia
985,9.0,China
986,5.0,South Africa
987,15.0,China
988,10.0,China
989,12.0,China
990,10.0,China
991,11.0,China
992,4.0,China
993,8.0,China
994,7.0,China
995,13.0,China
996,5.0,China
997,8.0,China
998,4.0,South Korea
999,5.0,India
1000,7.0,China
1001,15.0,China
1002,6.0,Malaysia
1003,5.0,USA
1004,9.0,Taiwan
1005,16.0,Saudi Arabia
1006,13.0,China
1007,9.0,China
1008,15.0,South Korea
1009,15.0,USA
1010,9.0,USA
1011,6.0,USA
1012,13.0,India
1013,7.0,Malaysia
1014,5.0,Pakistan
1015,6.0,China
1016,11.0,USA
1017,7.0,Morocco
1018,10.0,China
1019,12.0,China
1020,5.0,China
1021,19.0,China
1022,14.0,China
1023,7.0,China
1024,12.0,USA
1025,8.0,Australia
1026,6.0,China
1027,6.0,China
1028,12.0,China
1029,10.0,China
1030,20.0,China
1031,7.0,KR
1032,7.0,China
1033,13.0,China
1034,7.0,Finland
1035,8.0,USA
1036,9.0,China
1037,8.0,USA
1038,10.0,China
1039,8.0,Indonesia
1040,11.0,China
1041,8.0,Pakistan
1042,19.0,China
1043,9.0,China
1044,12.0,Pakistan
1045,10.0,China
1046,6.0,China
1047,5.0,China
1048,6.0,Finland
1049,9.0,China
1050,7.0,India
1051,15.0,China
1052,8.0,China
1053,5.0,China
1054,10.0,Brazil
1055,12.0,Spain
1056,6.0,Japan
1057,11.0,China
1058,6.0,China
1059,9.0,Portugal
1060,8.0,India
1061,9.0,China
1062,13.0,Finland
1063,7.0,China
1064,3.0,China
1065,10.0,India
1066,9.0,United Arab Emirates
1067,6.0,Greece
1068,7.0,South Korea
1069,31.0,China
1070,7.0,China
1071,8.0,USA
1072,13.0,China
1073,8.0,Greece
1074,12.0,Indonesia
1075,12.0,China
1076,15.0,Kuwait
1077,11.0,China
1078,9.0,China
1079,6.0,USA
1080,9.0,Malaysia
1081,8.0,China
1082,6.0,USA
1083,8.0,Malaysia
1084,11.0,China
1085,6.0,Inconnu
1086,7.0,USA
1087,7.0,China
1088,18.0,China
1089,8.0,China
1090,5.0,Germany
1091,17.0,India
1092,5.0,USA
1093,7.0,Saudi Arabia
1094,7.0,China
1095,9.0,USA
1096,8.0,India
1097,12.0,China
1098,9.0,China
1099,12.0,China
1100,14.0,China
1101,4.0,Brazil
1102,7.0,China
1103,11.0,USA
1104,10.0,China
1105,8.0,China
1106,11.0,Pakistan
1107,6.0,India
1108,5.0,Bangladesh
1109,11.0,Portugal
1110,8.0,China
1111,5.0,Thailand
1112,7.0,Pakistan
1113,7.0,Australia
1114,17.0,China
1115,7.0,Qatar
1116,13.0,China
1117,12.0,Australia
1118,11.0,China
1119,9.0,Australia
1120,9.0,Egypt
1121,5.0,USA
1122,11.0,Malaysia
1123,18.0,Germany
1124,7.0,China
1125,10.0,Malaysia
1126,16.0,China
1127,10.0,Lebanon
1128,7.0,China
1129,5.0,Indonesia
1130,8.0,Pakistan
1131,8.0,China
1132,6.0,Malaysia
1133,11.0,China
1134,9.0,China
1135,9.0,China
1136,10.0,China
1137,9.0,Indonesia
1138,8.0,China
1139,7.0,China
1140,8.0,China
1141,10.0,China
1142,10.0,USA
1143,11.0,China
1144,4.0,South Korea
1145,8.0,China
1146,14.0,China
1147,10.0,China
1148,7.0,South Korea
1149,11.0,Bangladesh
1150,9.0,China
1151,10.0,China
1152,9.0,Pakistan
1153,4.0,South Korea
1154,5.0,Australia
1155,10.0,Indonesia
1156,10.0,China
1157,11.0,China
1158,5.0,Iran
1159,11.0,China
1160,9.0,Australia
1161,9.0,Pakistan
1162,8.0,China
1163,8.0,Pakistan
1164,8.0,China
1165,9.0,Inconnu
1166,10.0,China
1167,9.0,Malaysia
1168,7.0,China
1169,7.0,Spain
1170,10.0,Chile
1171,7.0,Italy
1172,8.0,India
1173,10.0,China
1174,11.0,Italy
1175,7.0,Germany
1176,10.0,India
1177,6.0,Italy
1178,6.0,China
1179,9.0,Hungary
1180,12.0,Spain
1181,5.0,China
1182,18.0,India
1183,17.0,China
1184,6.0,Austria
1185,5.0,Brazil
1186,9.0,Malaysia
1187,17.0,Pakistan
1188,6.0,Norway
1189,15.0,China
1190,8.0,China
1191,11.0,China
1192,9.0,Inconnu
1193,11.0,India
1194,8.0,China
1195,14.0,Bangladesh
1196,14.0,Iraq
1197,7.0,India
1198,13.0,China
1199,7.0,Saudi Arabia
1200,9.0,Greece
1201,10.0,Netherlands
1202,11.0,Norway
1203,10.0,China
1204,8.0,South Korea
1205,13.0,Italy
1206,7.0,India
1207,7.0,South Korea
1208,5.0,Saudi Arabia
1209,17.0,Greece
1210,9.0,Inconnu
1211,2.0,Malaysia
1212,5.0,India
1213,11.0,Malaysia
1214,11.0,China
1215,6.0,Taiwan
1216,9.0,China
1217,8.0,Malaysia
1218,12.0,USA
1219,10.0,Australia
1220,7.0,China
1221,7.0,China
1222,10.0,Saudi Arabia
1223,8.0,China
1224,7.0,Italy
1225,12.0,India
1226,8.0,Australia
1227,9.0,Italy
1228,9.0,South Korea
1229,7.0,Taiwan
1230,12.0,Malaysia
1231,6.0,Australia
1232,7.0,Slovakia
1233,11.0,Australia
1234,9.0,Norway
1235,3.0,Ecuador
1236,9.0,China
1237,9.0,China
1238,8.0,China
1239,5.0,China
1240,6.0,Inconnu
1241,10.0,Pakistan
1242,10.0,Malaysia
1243,7.0,Pakistan
1244,12.0,Norway
1245,8.0,China
1246,11.0,Italy
1247,6.0,Saudi Arabia
1248,9.0,South Korea
1249,12.0,China
1250,10.0,China
1251,9.0,China
1252,7.0,Italy
1253,4.0,Canada
1254,9.0,China
1255,7.0,Germany
1256,11.0,India
1257,12.0,China
1258,7.0,China
1259,4.0,China
1260,13.0,Greece
1261,11.0,China
1262,10.0,China
1263,9.0,China
1264,11.0,China
1265,6.0,Switzerland
1266,10.0,China
1267,8.0,China
1268,7.0,China
1269,8.0,Chile
1270,9.0,China
1271,6.0,Greece
1272,7.0,China
1273,7.0,Slovenia
1274,10.0,China
1275,10.0,China
1276,8.0,China
1277,12.0,Italy
1278,10.0,China
1279,8.0,Italy
1280,10.0,Saudi Arabia
1281,11.0,USA
1282,6.0,China
1283,7.0,Italy
1284,14.0,India
1285,6.0,Australia
1286,8.0,South Korea
1287,9.0,Japan
1288,8.0,USA
1289,6.0,China
1290,4.0,India
1291,10.0,Italy
1292,8.0,Pakistan
1293,11.0,India
1294,10.0,Taiwan
1295,10.0,USA
1296,5.0,Iran
1297,14.0,China
1298,6.0,USA
1299,11.0,China
1300,8.0,China
1301,9.0,Australia
1302,5.0,Malaysia
1303,8.0,China
1304,7.0,China
1305,7.0,China
1306,8.0,China
1307,11.0,China
1308,8.0,South Korea
1309,10.0,China
1310,7.0,China
1311,9.0,China
1312,12.0,China
1313,12.0,China
1314,11.0,Australia
1315,10.0,China
1316,9.0,China
1317,9.0,China
1318,4.0,China
1319,14.0,China
1320,7.0,China
1321,10.0,China
1322,10.0,China
1323,7.0,China
1324,9.0,China
1325,18.0,China
1326,5.0,South Korea
1327,10.0,USA
1328,7.0,China
1329,4.0,China
1330,7.0,Austria
1331,5.0,Pakistan
1332,5.0,India
1333,13.0,Pakistan
1334,6.0,Chile
1335,18.0,China
1336,7.0,Singapore
1337,13.0,China
1338,8.0,China
1339,8.0,Germany
1340,5.0,China
1341,6.0,Japan
1342,15.0,China
1343,6.0,Italy
1344,5.0,Pakistan
1345,11.0,Japan
1346,10.0,China
1347,11.0,China
1348,14.0,China
1349,8.0,China
1350,11.0,China
1351,9.0,USA
1352,8.0,Australia
1353,11.0,China
1354,14.0,Saudi Arabia
1355,6.0,China
1356,12.0,Taiwan
1357,11.0,China
1358,11.0,USA
1359,13.0,USA
1360,10.0,Vietnam
1361,8.0,China
1362,6.0,Italy
1363,9.0,Bangladesh
1364,8.0,China
1365,7.0,China
1366,7.0,Germany
1367,11.0,USA
1368,10.0,Canada
1369,8.0,India
1370,11.0,China
1371,8.0,China
1372,6.0,China
1373,6.0,China
1374,10.0,China
1375,4.0,India
1376,6.0,South Korea
1377,11.0,China
1378,13.0,China
1379,13.0,South Africa
1380,9.0,China
1381,15.0,China
1382,5.0,China
1383,6.0,Bangladesh
1384,11.0,Saudi Arabia
1385,12.0,China
1386,7.0,Italy
1387,10.0,China
1388,7.0,China
1389,9.0,Inconnu
1390,10.0,USA
1391,5.0,Saudi Arabia
1392,10.0,China
1393,7.0,Canada
1394,8.0,India
1395,7.0,India
1396,5.0,India
1397,6.0,China
1398,8.0,China
1399,16.0,China
1400,9.0,China
1401,14.0,Saudi Arabia
1402,6.0,China
1403,12.0,China
1404,7.0,Pakistan
1405,6.0,China
1406,8.0,Japan
1407,6.0,Ireland
1408,4.0,South Korea
1409,8.0,China
1410,9.0,USA
1411,12.0,Pakistan
1412,17.0,China
1413,10.0,Republic of Korea
1414,8.0,China
1415,6.0,Japan
1416,10.0,Sweden
1417,7.0,France
1418,13.0,Brazil
1419,13.0,China
1420,9.0,India
1421,10.0,Taiwan
1422,9.0,Indonesia
1423,7.0,Taiwan
1424,11.0,Inconnu
1425,8.0,United Arab Emirates
1426,15.0,Indonesia
1427,13.0,Thailand
1428,5.0,Iraq
1429,6.0,China
1430,8.0,Saudi Arabia
1431,9.0,Saudi Arabia
1432,9.0,China
1433,7.0,China
1434,16.0,China
1435,6.0,China
1436,9.0,India
1437,16.0,Indonesia
1438,17.0,China
1439,9.0,China
1440,7.0,Bangladesh
1441,12.0,China
1442,12.0,China
1443,6.0,India
1444,5.0,China
1445,16.0,USA
1446,7.0,China
1447,9.0,China
1448,10.0,China
1449,10.0,China
1450,5.0,Colombia
1451,10.0,USA
1452,7.0,China
1453,6.0,Italy
1454,9.0,China
1455,7.0,India
1456,12.0,Spain
1457,8.0,China
1458,5.0,Inconnu
1459,10.0,India
1460,11.0,Pakistan
1461,16.0,China
1462,7.0,Germany
1463,6.0,China
1464,13.0,China
1465,7.0,China
1466,7.0,China
1467,6.0,Germany
1468,7.0,China
1469,14.0,Saudi Arabia
1470,4.0,India
1471,7.0,China
1472,6.0,China
1473,10.0,Japan
1474,10.0,India
1475,11.0,China
1476,11.0,South Korea
1477,10.0,Belgium
1478,8.0,India
1479,11.0,Greece
1480,6.0,China
1481,7.0,India
1482,13.0,Sweden
1483,10.0,France
1484,8.0,Saudi Arabia
1485,7.0,China
1486,5.0,Brazil
1487,11.0,Australia
1488,9.0,India
1489,6.0,China
1490,13.0,China
1491,9.0,Saudi Arabia
1492,8.0,Kazakhstan
1493,12.0,United Arab Emirates
1494,8.0,South Korea
1495,8.0,Norway
1496,9.0,Hungary
1497,6.0,China
1498,9.0,China
1499,11.0,China
1500,10.0,Greece
1501,17.0,Malaysia
1502,7.0,South Korea
1503,13.0,China
1504,8.0,Canada
1505,7.0,Romania
1506,14.0,Spain
1507,12.0,USA
1508,10.0,China
1509,6.0,Italy
1510,37.0,China
1511,8.0,China
1512,6.0,China
1513,14.0,China
1514,5.0,China
1515,9.0,South Korea
1516,13.0,China
1517,11.0,Inconnu
1518,12.0,South Korea
1519,6.0,Spain
1520,5.0,China
1521,10.0,China
1522,9.0,South Korea
1523,13.0,Saudi Arabia
1524,12.0,China
1525,7.0,China
1526,10.0,Malaysia
1527,7.0,China
1528,4.0,Türkiye
1529,7.0,China
1530,5.0,China
1531,11.0,Germany
1532,10.0,China
1533,13.0,China
1534,7.0,Australia
1535,9.0,China
1536,5.0,Singapore
1537,7.0,Japan
1538,8.0,China
1539,5.0,China
1540,10.0,India
1541,9.0,China
1542,7.0,Canada
1543,13.0,Brazil
1544,9.0,Thailand
1545,7.0,Italy
1546,9.0,Greece
1547,7.0,Israel
1548,5.0,China
1549,11.0,South Korea
1550,11.0,China
1551,6.0,Pakistan
1552,10.0,China
1553,5.0,China
1554,13.0,USA
1555,4.0,Türkiye
1556,10.0,China
1557,13.0,China
1558,12.0,Turkey
1559,9.0,Inconnu
1560,10.0,Brazil
1561,6.0,Inconnu
1562,3.0,USA
1563,14.0,Norway
1564,8.0,Slovenia
1565,9.0,China
1566,6.0,China
1567,6.0,China
1568,12.0,Spain
1569,13.0,China
1570,9.0,South Korea
1571,9.0,China
1572,10.0,Romania
1573,19.0,China
1574,7.0,Turkey
1575,7.0,Malaysia
1576,15.0,China
1577,12.0,China
1578,6.0,Saudi Arabia
1579,9.0,South Korea
1580,7.0,USA
1581,6.0,South Africa
1582,15.0,Greece
1583,12.0,China
1584,6.0,China
1585,10.0,China
1586,9.0,China
1587,6.0,Spain
1588,8.0,Spain
1589,9.0,Spain
1590,8.0,Portugal
1591,9.0,Germany
1592,11.0,China
1593,6.0,China
1594,8.0,Inconnu
1595,8.0,China
1596,6.0,China
1597,3.0,China
1598,11.0,China
1599,11.0,USA
1600,9.0,China
1601,17.0,Australia
1602,6.0,China
1603,13.0,China
1604,14.0,Australia
1605,8.0,China
1606,12.0,Italy
1607,12.0,China
1608,10.0,China
1609,8.0,China
1610,9.0,Brazil
1611,9.0,Thailand
1612,11.0,Saudi Arabia
1613,13.0,USA
1614,9.0,Thailand
1615,7.0,China
1616,14.0,China
1617,8.0,Canada
1618,8.0,India
1619,17.0,China
1620,9.0,China
1621,11.0,Türkiye
1622,11.0,USA
1623,9.0,China
1624,9.0,China
1625,8.0,China
1626,8.0,USA
1627,11.0,Spain
1628,4.0,Brazil
1629,9.0,China
1630,8.0,China
1631,10.0,China
1632,17.0,China
1633,15.0,China
1634,13.0,China
1635,9.0,China
1636,11.0,Pakistan
1637,7.0,India
1638,12.0,Saudi Arabia
1639,5.0,China
1640,11.0,China
1641,9.0,China
1642,10.0,China
1643,8.0,India
1644,9.0,Italy
1645,9.0,USA
1646,10.0,Bangladesh
1647,10.0,China
1648,13.0,USA
1649,11.0,China
1650,13.0,China
1651,8.0,USA
1652,7.0,USA
1653,16.0,China
1654,20.0,Italy
1655,10.0,China
1656,5.0,China
1657,8.0,China
1658,10.0,Spain
1659,11.0,China
1660,6.0,Japan
1661,12.0,USA
1662,5.0,China
1663,5.0,Saudi Arabia
1664,5.0,India
1665,10.0,China
1666,4.0,China
1667,11.0,China
1668,11.0,China
1669,9.0,China
1670,10.0,China
1671,7.0,Pakistan
1672,15.0,China
1673,7.0,USA
1674,6.0,Portugal
1675,16.0,Australia
1676,9.0,Saudi Arabia
1677,12.0,USA
1678,11.0,USA
1679,5.0,China
1680,11.0,China
1681,9.0,China
1682,10.0,China
1683,13.0,Belgium
1684,4.0,China
1685,6.0,China
1686,16.0,South Korea
1687,8.0,Pakistan
1688,14.0,Cyprus
1689,6.0,South Korea
1690,6.0,USA
1691,9.0,China
1692,7.0,China
1693,6.0,China
1694,9.0,China
1695,6.0,Republic of Korea
1696,10.0,Saudi Arabia
1697,6.0,China
1698,12.0,USA
1699,11.0,Italy
1700,8.0,Tunisia
1701,7.0,China
1702,8.0,China
1703,4.0,USA
1704,13.0,China
1705,9.0,Pakistan
1706,8.0,Poland
1707,10.0,China
1708,6.0,Egypt
1709,12.0,China
1710,6.0,China
1711,6.0,UAE
1712,10.0,Inconnu
1713,9.0,Canada
1714,30.0,China
1715,9.0,USA
1716,6.0,China
1717,8.0,China
1718,7.0,China
1719,10.0,China
1720,8.0,China
1721,12.0,China
1722,13.0,USA
1723,6.0,USA
1724,10.0,France
1725,9.0,China
1726,14.0,China
1727,17.0,Taiwan
1728,20.0,China
1729,12.0,China
1730,8.0,Canada
1731,9.0,China
1732,13.0,China
1733,4.0,CA
1734,4.0,USA
1735,11.0,South Korea
1736,12.0,China
1737,4.0,The Netherlands
1738,10.0,China
1739,6.0,USA
1740,10.0,Japan
1741,9.0,Pakistan
1742,6.0,China
1743,12.0,China
1744,5.0,Canada
1745,8.0,Australia
1746,7.0,Saudi Arabia
1747,11.0,India
1748,7.0,China
1749,10.0,China
1750,10.0,Saudi Arabia
1751,5.0,China
1752,2.0,Canada
1753,9.0,Canada
1754,7.0,China
1755,4.0,China
1756,6.0,Belgium
1757,6.0,Saudi Arabia
1758,10.0,Italy
1759,10.0,Malaysia
1760,8.0,China
1761,11.0,China
1762,6.0,China
1763,8.0,Spain
1764,9.0,China
1765,7.0,South Korea
1766,9.0,USA
1767,7.0,China
1768,8.0,Italy
1769,9.0,China
1770,12.0,China
1771,6.0,China
1772,9.0,China
1773,9.0,China
1774,6.0,China
1775,10.0,Saudi Arabia
1776,9.0,USA
1777,8.0,USA
1778,8.0,Brazil
1779,12.0,Canada
1780,6.0,China
1781,7.0,Egypt
1782,14.0,China
1783,8.0,UAE
1784,4.0,Denmark
1785,7.0,South Korea
1786,10.0,Canada
1787,10.0,Germany
1788,11.0,China
1789,10.0,South Korea
1790,11.0,China
1791,6.0,USA
1792,8.0,China
1793,13.0,Vietnam
1794,8.0,Italy
1795,6.0,South Korea
1796,8.0,China
1797,8.0,China
1798,5.0,USA
1799,6.0,China
1800,4.0,Germany
1801,10.0,China
1802,7.0,Saudi Arabia
1803,10.0,Taiwan
1804,8.0,Turkey
1805,4.0,China
1806,9.0,China
1807,11.0,China
1808,14.0,China
1809,5.0,China
1810,5.0,China
1811,10.0,Canada
1812,19.0,Italy
1813,10.0,China
1814,11.0,China
1815,12.0,United Arab Emirates
1816,6.0,USA
1817,8.0,Sri Lanka
1818,9.0,USA
1819,14.0,China
1820,5.0,India
1821,12.0,Saudi Arabia
1822,12.0,Saudi Arabia
1823,7.0,China
1824,7.0,Malaysia
1825,13.0,China
1826,10.0,China
1827,8.0,China
1828,9.0,India
1829,9.0,China
1830,11.0,South Korea
1831,5.0,China
1832,7.0,China
1833,16.0,Republic of Korea
1834,20.0,China
1835,5.0,China
1836,8.0,China
1837,4.0,Canada
1838,3.0,Estonia
1839,6.0,India
1840,7.0,India
1841,6.0,Italy
1842,9.0,China
1843,5.0,Malaysia
1844,9.0,China
1845,8.0,China
1846,11.0,China
1847,12.0,China
1848,5.0,Croatia
1849,7.0,India
1850,7.0,India
1851,7.0,USA
1852,8.0,Italy
1853,11.0,Saudi Arabia
1854,7.0,China
1855,8.0,Canada
1856,10.0,China
1857,13.0,United Arab Emirates
1858,13.0,Pakistan
1859,6.0,India
1860,9.0,China
1861,6.0,China
1862,11.0,USA
1863,9.0,India
1864,5.0,Jordan
1865,4.0,Australia
1866,9.0,Italy
1867,12.0,China
1868,6.0,Italy
1869,10.0,India
1870,10.0,China
1871,11.0,China
1872,4.0,Brazil
1873,7.0,China
1874,11.0,Malaysia
1875,10.0,India
1876,10.0,Saudi Arabia
1877,10.0,Pakistan
1878,9.0,China
1879,10.0,India
1880,6.0,China
1881,7.0,Portugal
1882,7.0,Turkey
1883,12.0,USA
1884,8.0,Belgium
1885,6.0,Egypt
1886,8.0,Italy
1887,10.0,China
1888,13.0,Greece
1889,10.0,China
1890,12.0,China
1891,15.0,Italy
1892,7.0,France
1893,8.0,South Korea
1894,6.0,Canada
1895,7.0,USA
1896,12.0,Saudi Arabia
1897,7.0,Romania
1898,9.0,Malaysia
1899,6.0,China
1900,5.0,Brazil
1901,16.0,China
1902,14.0,China
1903,9.0,India
1904,9.0,Ireland
1905,10.0,China
1906,11.0,Sweden
1907,8.0,China
1908,7.0,Kosovo
1909,3.0,Brazil
1910,8.0,Saudi Arabia
1911,15.0,Taiwan
1912,5.0,China
1913,9.0,China
1914,8.0,Chile
1915,13.0,The Netherlands
1916,10.0,China
1917,16.0,China
1918,10.0,Taiwan
1919,6.0,India
1920,11.0,China
1921,7.0,Luxembourg
1922,11.0,China
1923,11.0,China
1924,9.0,Saudi Arabia
1925,7.0,China
1926,8.0,Croatia
1927,7.0,India
1928,3.0,Japan
1929,13.0,China
1930,5.0,Bangladesh
1931,11.0,Malaysia
1932,3.0,China
1933,7.0,Italy
1934,8.0,Belgium
1935,7.0,China
1936,7.0,India
1937,6.0,USA
1938,9.0,United Arab Emirates
1939,11.0,China
1940,6.0,China
1941,8.0,Spain
1942,11.0,India
1943,6.0,Bangladesh
1944,9.0,Pakistan
1945,8.0,Italy
1946,8.0,United Arab Emirates
1947,7.0,China
1948,6.0,Pakistan
1949,5.0,Republic of Korea
1950,11.0,China
1951,7.0,Finland
1952,6.0,Spain
1953,10.0,China
1954,6.0,China
1955,16.0,China
1956,13.0,India
1957,5.0,USA
1958,11.0,Pakistan
1959,6.0,Malaysia
1960,10.0,China
1961,10.0,China
1962,8.0,China
1963,6.0,Iraq
1964,12.0,Pakistan
1965,14.0,South Korea
1966,7.0,Inconnu
1967,7.0,South Korea
1968,8.0,Thailand
1969,6.0,China
1970,7.0,China
1971,11.0,China
1972,15.0,China
1973,17.0,China
1974,9.0,Italy
1975,12.0,Inconnu
1976,9.0,India
1977,10.0,China
1978,12.0,USA
1979,13.0,Italy
1980,9.0,South Korea
1981,12.0,Germany
1982,6.0,Australia
1983,3.0,China
1984,4.0,USA
1985,5.0,China
1986,9.0,Pakistan
1987,8.0,Vietnam
1988,3.0,South Korea
1989,8.0,Saudi Arabia
1990,5.0,Poland
1991,8.0,Italy
1992,11.0,Pakistan
1993,12.0,Saudi Arabia
1994,7.0,Australia
1995,9.0,Bangladesh
1996,9.0,Inconnu
1997,6.0,China
1998,6.0,China
1999,8.0,China
2000,7.0,Inconnu
2001,9.0,Bangladesh
2002,9.0,USA
2003,8.0,China
2004,10.0,Australia
2005,8.0,Australia
2006,6.0,Brazil
2007,4.0,India
2008,8.0,China
2009,6.0,Pakistan
2010,10.0,China
2011,12.0,Spain
2012,9.0,China
2013,5.0,China
2014,8.0,Pakistan
2015,10.0,China
2016,8.0,Canada
2017,10.0,China
2018,9.0,China
2019,4.0,China
2020,10.0,China
2021,11.0,China
2022,10.0,Saudi Arabia
2023,5.0,South Korea
2024,9.0,Canada
2025,11.0,China
2026,12.0,China
2027,11.0,Germany
2028,6.0,India
2029,7.0,India
2030,8.0,China
2031,7.0,Pakistan
2032,7.0,Morocco
2033,10.0,Egypt
2034,8.0,USA
2035,6.0,China
2036,6.0,Brazil
2037,13.0,China
2038,8.0,China
2039,9.0,India
2040,3.0,China
2041,6.0,China
2042,9.0,Saudi Arabia
2043,8.0,Malaysia
2044,7.0,Turkey
2045,10.0,China
2046,8.0,Germany
2047,10.0,Saudi Arabia
2048,10.0,China
2049,11.0,China
2050,8.0,Canada
2051,8.0,India
2052,11.0,China
2053,9.0,Italy
2054,5.0,Sweden
2055,12.0,Greece
2056,10.0,China
2057,13.0,Italy
2058,9.0,Thailand
2059,10.0,China
2060,6.0,China
2061,9.0,China
2062,7.0,India
2063,7.0,China
2064,9.0,China
2065,6.0,Inconnu
2066,12.0,USA
2067,13.0,Italy
2068,10.0,USA
2069,8.0,USA
2070,10.0,Germany
2071,9.0,USA
2072,6.0,Canada
2073,7.0,USA
2074,4.0,Brazil
2075,8.0,China
2076,8.0,Germany
2077,7.0,Germany
2078,8.0,Germany
2079,17.0,Inconnu
2080,9.0,Republic of Korea
2081,6.0,Canada
2082,8.0,India
2083,9.0,China
2084,13.0,Saudi Arabia
2085,13.0,China
2086,13.0,China
2087,8.0,Mexico
2088,9.0,India
2089,7.0,Greece
2090,13.0,India
2091,12.0,China
2092,7.0,China
2093,7.0,India
2094,4.0,USA
2095,7.0,China
2096,7.0,China
2097,10.0,Canada
2098,6.0,Turkey
2099,6.0,Pakistan
2100,12.0,China
2101,9.0,Canada
2102,11.0,Spain
2103,9.0,Greece
2104,12.0,South Korea
2105,6.0,Canada
2106,12.0,Italy
2107,8.0,Germany
2108,5.0,Pakistan
2109,5.0,Germany
2110,7.0,Switzerland
2111,10.0,Germany
2112,7.0,India
2113,4.0,Inconnu
2114,5.0,Canada
2115,5.0,India
2116,7.0,Poland
2117,15.0,Inconnu
2118,7.0,China
2119,10.0,USA
2120,13.0,Australia
2121,5.0,Pakistan
2122,10.0,China
2123,13.0,Saudi Arabia
2124,12.0,China
2125,8.0,China
2126,12.0,Pakistan
2127,4.0,Norway
2128,12.0,China
2129,5.0,India
2130,15.0,China
2131,11.0,China
2132,10.0,Italy
2133,5.0,Australia
2134,8.0,Australia
2135,9.0,Italy
2136,11.0,Canada
2137,11.0,Taiwan
2138,13.0,China
2139,14.0,China
2140,6.0,India
2141,7.0,Inconnu
2142,13.0,Saudi Arabia
2143,9.0,South Korea
2144,11.0,Bangladesh
2145,19.0,China
2146,11.0,Turkey
2147,6.0,Italy
2148,9.0,China
2149,11.0,Pakistan
2150,17.0,USA
2151,14.0,USA
2152,9.0,China
2153,14.0,Inconnu
2154,24.0,India
2155,9.0,China
2156,1.0,USA
2157,9.0,Canada
2158,14.0,India
2159,6.0,Germany
2160,7.0,Thailand
2161,7.0,China
2162,9.0,India
2163,11.0,China
2164,6.0,USA
2165,11.0,Turkey
2166,7.0,Saudi Arabia
2167,8.0,China
2168,10.0,Canada
2169,8.0,China
2170,7.0,USA
2171,10.0,Inconnu
2172,13.0,Italy
2173,8.0,China
2174,10.0,China
2175,8.0,China
2176,9.0,Japan
2177,6.0,China
2178,7.0,China
2179,8.0,China
2180,13.0,Switzerland
2181,12.0,Canada
2182,13.0,Poland
2183,4.0,Brazil
2184,10.0,The Netherlands
2185,9.0,China
2186,8.0,Australia
2187,9.0,China
2188,8.0,Germany
2189,10.0,India
2190,7.0,China
2191,12.0,China
2192,7.0,USA
2193,11.0,China
2194,9.0,China
2195,3.0,China
2196,7.0,China
2197,10.0,Iran
2198,11.0,China
2199,3.0,China
2200,14.0,Saudi Arabia
2201,11.0,Germany
2202,8.0,Australia
2203,14.0,China
2204,10.0,China
2205,4.0,Indonesia
2206,9.0,Norway
2207,9.0,Malaysia
2208,10.0,China
2209,7.0,Republic of Korea
2210,9.0,China
2211,11.0,China
2212,11.0,China
2213,12.0,Pakistan
2214,9.0,South Korea
2215,6.0,China
2216,11.0,Saudi Arabia
2217,10.0,Algeria
2218,10.0,China
2219,7.0,India
2220,17.0,USA
2221,11.0,China
2222,14.0,China
2223,14.0,India
2224,12.0,China
2225,11.0,China
2226,14.0,Italy
2227,9.0,India
2228,6.0,Romania
2229,6.0,China
2230,7.0,China
2231,9.0,China
2232,6.0,South Korea
2233,9.0,Ireland
2234,28.0,Norway
2235,12.0,China
2236,5.0,India
2237,12.0,China
2238,9.0,Taiwan
2239,10.0,China
2240,8.0,China
2241,12.0,Japan
2242,6.0,China
2243,8.0,China
2244,7.0,China
2245,6.0,China
2246,15.0,Pakistan
2247,9.0,Taiwan
2248,7.0,Ireland
2249,9.0,USA
2250,8.0,Canada
2251,8.0,Canada
2252,9.0,Japan
2253,6.0,China
2254,9.0,China
2255,13.0,China
2256,9.0,Pakistan
2257,6.0,Bangladesh
2258,7.0,China
2259,4.0,Inconnu
2260,9.0,Kazakhstan
2261,11.0,China
2262,8.0,India
2263,8.0,Brazil
2264,8.0,USA
2265,8.0,China
2266,13.0,China
2267,11.0,South Korea
2268,13.0,China
2269,5.0,China
2270,9.0,China
2271,9.0,China
2272,8.0,China
2273,10.0,Indonesia
2274,5.0,China
2275,7.0,China
2276,6.0,China
2277,12.0,China
2278,7.0,China
2279,8.0,China
2280,7.0,China
2281,7.0,Brazil
2282,9.0,South Korea
2283,7.0,China
2284,8.0,Inconnu
2285,9.0,USA
2286,8.0,Australia
2287,10.0,China
2288,3.0,Nigeria
2289,9.0,China
2290,8.0,China
2291,9.0,China
2292,6.0,China
2293,3.0,China
2294,10.0,China
2295,4.0,South Korea
2296,15.0,Spain
2297,10.0,India
2298,8.0,China
2299,10.0,China
2300,6.0,China
2301,11.0,Inconnu
2302,7.0,USA
2303,6.0,India
2304,10.0,USA
2305,12.0,China
2306,10.0,China
2307,10.0,Germany
2308,14.0,USA
2309,6.0,Thailand
2310,9.0,Egypt
2311,9.0,Brazil
2312,7.0,China
2313,7.0,Egypt
2314,10.0,China
2315,8.0,China
2316,9.0,India
2317,10.0,China
2318,6.0,South Korea
2319,5.0,Norway
2320,8.0,Republic of Korea
2321,11.0,USA
2322,10.0,South Korea
2323,11.0,USA
2324,11.0,China
2325,9.0,China
2326,7.0,China
2327,8.0,China
2328,12.0,China
2329,8.0,Republic of Korea
2330,8.0,Germany
2331,7.0,Indonesia
2332,4.0,China
2333,6.0,Italy
2334,9.0,China
2335,7.0,China
2336,10.0,United Arab Emirates
2337,9.0,China
2338,10.0,Brazil
2339,15.0,China
2340,11.0,Germany
2341,12.0,China
2342,8.0,China
2343,9.0,China
2344,7.0,China
2345,12.0,China
2346,10.0,Saudi Arabia
2347,9.0,China
2348,10.0,China
2349,11.0,Republic of Korea
2350,16.0,China
2351,13.0,Bangladesh
2352,13.0,China
2353,8.0,Inconnu
2354,6.0,USA
2355,9.0,Ireland
2356,10.0,China
2357,6.0,Italy
2358,11.0,China
2359,8.0,India
2360,10.0,China
2361,8.0,India
2362,11.0,India
2363,14.0,Armenia
2364,8.0,USA
2365,8.0,Saudi Arabia
2366,15.0,China
2367,8.0,China
2368,4.0,India
2369,15.0,China
2370,12.0,China
2371,11.0,China
2372,10.0,Bangladesh
2373,6.0,Australia
2374,10.0,China
2375,8.0,India
2376,11.0,India
2377,13.0,India
2378,7.0,China
2379,11.0,China
2380,6.0,India
2381,5.0,South Korea
2382,7.0,India
2383,4.0,India
2384,8.0,India
2385,9.0,China
2386,12.0,China
2387,6.0,South Korea
2388,12.0,USA
2389,9.0,China
2390,7.0,China
2391,8.0,India
2392,8.0,China
2393,10.0,China
2394,5.0,Australia
2395,12.0,China
2396,9.0,Saudi Arabia
2397,5.0,China
2398,9.0,China
2399,8.0,China
2400,11.0,China
2401,4.0,Saudi Arabia
2402,7.0,India
2403,13.0,USA
2404,8.0,Slovenia
2405,4.0,USA
2406,6.0,China
2407,9.0,China
2408,9.0,Vietnam
2409,8.0,China
2410,9.0,China
2411,11.0,Inconnu
2412,6.0,China
2413,12.0,China
2414,6.0,China
2415,7.0,Qatar
2416,12.0,Malaysia
2417,7.0,Italy
2418,5.0,Norway
2419,7.0,China
2420,11.0,Japan
2421,7.0,Bangladesh
2422,9.0,Greece
2423,18.0,Taiwan
2424,10.0,United Arab Emirates
2425,9.0,Saudi Arabia
2426,14.0,Saudi Arabia
2427,4.0,India
2428,13.0,China
2429,10.0,Lebanon
2430,9.0,Hong Kong
2431,10.0,China
2432,8.0,China
2433,9.0,USA
2434,9.0,China
2435,5.0,China
2436,11.0,UAE
2437,6.0,China
2438,7.0,China
2439,6.0,South Korea
2440,12.0,China
2441,7.0,China
2442,9.0,China
2443,6.0,Brazil
2444,7.0,Brazil
2445,8.0,Australia
2446,12.0,India
2447,7.0,India
2448,9.0,China
2449,10.0,Iran
2450,7.0,China
2451,8.0,China
2452,3.0,Brazil
2453,9.0,USA
2454,6.0,China
2455,9.0,Australia
2456,7.0,Hong Kong
2457,9.0,China
2458,9.0,China
2459,9.0,China
2460,6.0,China
2461,9.0,China
2462,9.0,Canada
2463,10.0,USA
2464,6.0,China
2465,7.0,Taiwan
2466,4.0,China
2467,7.0,China
2468,11.0,Republic of Korea
2469,7.0,China
2470,8.0,China
2471,10.0,China
2472,10.0,USA
2473,9.0,China
2474,9.0,Egypt
2475,11.0,Malaysia
2476,5.0,Saudi Arabia
2477,8.0,China
2478,6.0,Saudi Arabia
2479,10.0,Pakistan
2480,15.0,Pakistan
2481,4.0,China
2482,4.0,The Netherlands
2483,10.0,China
2484,9.0,Inconnu
2485,10.0,Republic of Korea
2486,8.0,Germany
2487,6.0,China
2488,9.0,Japan
2489,19.0,Germany
2490,10.0,Bangladesh
2491,6.0,China
2492,9.0,China
2493,11.0,China
2494,8.0,China
2495,14.0,India
2496,5.0,China
2497,9.0,China
2498,11.0,China
2499,9.0,Lebanon
2500,10.0,South Korea
2501,11.0,China
2502,8.0,China
2503,7.0,Taiwan
2504,8.0,Canada
2505,16.0,China
2506,12.0,Bangladesh
2507,9.0,Australia
2508,6.0,USA
2509,12.0,Australia
2510,13.0,China
2511,12.0,China
2512,10.0,China
2513,12.0,China
2514,11.0,Germany
2515,11.0,China
2516,6.0,Malaysia
2517,7.0,Canada
2518,6.0,China
2519,10.0,China
2520,14.0,China
2521,12.0,China
2522,9.0,South Korea
2523,10.0,China
2524,6.0,USA
2525,5.0,China
2526,11.0,China
2527,8.0,China
2528,7.0,China
2529,5.0,China
2530,10.0,China
2531,8.0,China
2532,17.0,China
2533,7.0,USA
2534,7.0,Germany
2535,8.0,Taiwan
2536,10.0,Australia
2537,13.0,China
2538,11.0,USA
2539,10.0,China
2540,7.0,South Korea
2541,14.0,Australia
2542,9.0,USA
2543,10.0,Taiwan
2544,6.0,China
2545,12.0,China
2546,6.0,China
2547,5.0,South Africa
2548,7.0,Tunisia
2549,7.0,Germany
2550,15.0,China
2551,9.0,Switzerland
2552,11.0,Japan
2553,15.0,Australia
2554,9.0,South Korea
2555,12.0,Republic of Korea
2556,5.0,China
2557,9.0,Germany
2558,8.0,Inconnu
2559,9.0,China
2560,4.0,South Africa
2561,11.0,South Korea
2562,9.0,China
2563,10.0,China
2564,9.0,Greece
2565,9.0,Saudi Arabia
2566,9.0,Iran
2567,6.0,China
2568,6.0,Malaysia
2569,11.0,Australia
2570,6.0,China
2571,5.0,Saudi Arabia
2572,9.0,China
2573,10.0,USA
2574,7.0,Japan
2575,11.0,Portugal
2576,8.0,India
2577,6.0,China
2578,8.0,Germany
2579,9.0,USA
2580,8.0,Switzerland
2581,12.0,Inconnu
2582,4.0,China
2583,6.0,China
2584,9.0,Japan
2585,12.0,China
2586,14.0,China
2587,7.0,Australia
2588,7.0,China
2589,10.0,China
2590,7.0,China
2591,8.0,Sri Lanka
2592,10.0,Saudi Arabia
2593,12.0,China
2594,9.0,India
2595,7.0,Taiwan
2596,11.0,India
2597,19.0,China
2598,5.0,China
2599,14.0,Pakistan
2600,5.0,Spain
2601,5.0,China
2602,12.0,USA
2603,5.0,Taiwan
2604,16.0,China
2605,3.0,India
2606,8.0,China
2607,11.0,China
2608,10.0,India
2609,10.0,China
2610,6.0,China
2611,8.0,USA
2612,9.0,China
2613,12.0,China
2614,6.0,Australia
2615,9.0,China
2616,8.0,Ethiopia
2617,7.0,China
2618,9.0,Austria
2619,6.0,South Korea
2620,11.0,China
2621,10.0,India
2622,6.0,Inconnu
2623,8.0,South Korea
2624,7.0,India
2625,7.0,China
2626,5.0,China
2627,6.0,India
2628,12.0,India
2629,9.0,China
2630,7.0,China
2631,19.0,Inconnu
2632,11.0,Belgium
2633,8.0,Ireland
2634,20.0,Inconnu
2635,9.0,USA
2636,11.0,China
2637,10.0,Canada
2638,10.0,Italy
2639,14.0,Norway
2640,4.0,China
2641,5.0,South Korea
2642,6.0,Canada
2643,9.0,Australia
2644,4.0,China
2645,7.0,South Korea
2646,11.0,Spain
2647,9.0,Germany
2648,9.0,Japan
2649,16.0,China
2650,14.0,China
2651,5.0,Canada
2652,9.0,China
2653,11.0,India
2654,11.0,Italy
2655,5.0,China
2656,7.0,Egypt
2657,8.0,China
2658,9.0,China
2659,10.0,China
2660,13.0,China
2661,13.0,Qatar
2662,9.0,Australia
2663,7.0,China
2664,10.0,India
2665,10.0,Saudi Arabia
2666,8.0,China
2667,8.0,China
2668,7.0,China
2669,14.0,China
2670,8.0,China
2671,5.0,China
2672,4.0,Saudi Arabia
2673,10.0,China
2674,14.0,Australia
2675,13.0,South Korea
2676,14.0,China
2677,10.0,Inconnu
2678,12.0,India
2679,6.0,China
2680,12.0,Brazil
2681,13.0,USA
2682,7.0,China
2683,12.0,China
2684,8.0,China
2685,7.0,China
2686,10.0,India
2687,13.0,China
2688,13.0,Ireland
2689,11.0,China
2690,9.0,Spain
2691,5.0,India
2692,6.0,China
2693,6.0,Egypt
2694,7.0,Australia
2695,7.0,Canada
2696,11.0,USA
2697,10.0,China
2698,9.0,China
2699,8.0,Inconnu
2700,11.0,Peru
2701,6.0,Australia
2702,6.0,Sweden
2703,6.0,Inconnu
2704,10.0,China
2705,13.0,United Arab Emirates
2706,5.0,China
2707,5.0,Australia
2708,10.0,China
2709,7.0,Finland
2710,7.0,India
2711,6.0,Malaysia
2712,11.0,The Netherlands
2713,9.0,South Korea
2714,8.0,China
2715,9.0,France
2716,12.0,Inconnu
2717,10.0,China
2718,8.0,China
2719,5.0,South Korea
2720,5.0,Inconnu
2721,7.0,China
2722,8.0,Germany
2723,10.0,China
2724,9.0,China
2725,8.0,Egypt
2726,9.0,South Korea
2727,12.0,Indonesia
2728,7.0,Brazil
2729,7.0,China
2730,8.0,China
2731,8.0,Iran
2732,9.0,Finland
2733,13.0,India
2734,7.0,China
2735,11.0,USA
2736,12.0,China
2737,6.0,Egypt
2738,8.0,China
2739,8.0,China
2740,4.0,Egypt
2741,10.0,China
2742,7.0,China
2743,11.0,China
2744,13.0,Saudi Arabia
2745,7.0,China
2746,5.0,Portugal
2747,6.0,China
2748,9.0,Egypt
2749,7.0,China
2750,9.0,China
2751,9.0,China
2752,8.0,Spain
2753,11.0,Saudi Arabia
2754,7.0,India
2755,10.0,China
2756,6.0,Japan
2757,6.0,China
2758,8.0,China
2759,6.0,Taiwan
2760,9.0,China
2761,14.0,Japan
2762,6.0,South Korea
2763,9.0,Inconnu
2764,9.0,Norway
2765,10.0,China
2766,9.0,Ecuador
2767,13.0,Sweden
2768,10.0,Pakistan
2769,7.0,China
2770,9.0,China
2771,6.0,Thailand
2772,11.0,China
2773,14.0,Inconnu
2774,16.0,China
2775,9.0,China
2776,8.0,Greece
2777,6.0,China
2778,12.0,USA
2779,6.0,Japan
2780,7.0,Pakistan
2781,7.0,Singapore
2782,9.0,Germany
2783,11.0,China
2784,7.0,Taiwan
2785,9.0,China
2786,8.0,Egypt
2787,7.0,Japan
2788,10.0,USA
2789,6.0,India
2790,11.0,South Korea
2791,9.0,China
2792,10.0,Spain
2793,13.0,China
2794,13.0,Brazil
2795,8.0,China
2796,7.0,China
2797,11.0,China
2798,7.0,Taiwan
2799,5.0,Japan
2800,6.0,Saudi Arabia
2801,12.0,China
2802,7.0,Egypt
2803,7.0,China
2804,7.0,China
2805,6.0,USA
2806,10.0,Japan
2807,6.0,Inconnu
2808,7.0,Australia
2809,13.0,China
2810,6.0,Japan
2811,7.0,Republic of Korea
2812,5.0,India
2813,7.0,Saudi Arabia
2814,8.0,Saudi Arabia
2815,10.0,China
2816,13.0,Taiwan
2817,8.0,South Korea
2818,7.0,Japan
2819,6.0,China
2820,6.0,China
2821,14.0,Spain
2822,8.0,Australia
2823,4.0,China
2824,11.0,India
2825,9.0,Republic of Korea
2826,6.0,Inconnu
2827,11.0,Germany
2828,11.0,India
2829,5.0,China
2830,11.0,China
2831,7.0,South Korea
2832,9.0,China
2833,8.0,Canada
2834,7.0,Italy
2835,8.0,Brazil
2836,8.0,Italy
2837,6.0,Portugal
2838,8.0,Inconnu
2839,9.0,USA
2840,6.0,China
2841,10.0,China
2842,9.0,Pakistan
2843,8.0,China
2844,8.0,China
2845,8.0,Japan
2846,10.0,Inconnu
2847,12.0,China
2848,11.0,China
2849,7.0,Inconnu
2850,2.0,Unknown
2851,2.0,Ireland
2852,5.0,Sweden
2853,4.0,Australia
2854,2.0,Germany
2855,2.0,Saudi Arabia
2856,4.0,China
2857,3.0,Japan
2858,4.0,Spain
2859,2.0,USA
2860,6.0,Pakistan
2861,2.0,USA
2862,7.0,Taiwan
2863,4.0,Brazil
2864,7.0,Unknown
2865,4.0,Japan
2866,7.0,China
2867,5.0,India
2868,2.0,USA
2869,4.0,Finland
2870,5.0,India
2871,3.0,Portugal
2872,17.0,China
2873,1.0,USA
2874,2.0,Japan
2875,3.0,Brazil
2876,2.0,Unknown
2877,7.0,United Arab Emirates
2878,4.0,Unknown
2879,4.0,Unknown
2880,3.0,Unknown
2881,5.0,Iran
2882,6.0,Inconnu
2883,3.0,Pakistan
2884,6.0,India
2885,4.0,Saudi Arabia
2886,5.0,China
2887,6.0,Vietnam
2888,2.0,South Korea
2889,5.0,USA
2890,6.0,Japan
2891,3.0,China
2892,3.0,Ireland
2893,4.0,Italy
2894,4.0,Egypt
2895,3.0,India
2896,2.0,Saudi Arabia
2897,6.0,Inconnu
2898,2.0,Saudi Arabia
2899,4.0,Unknown
2900,5.0,Germany
2901,9.0,India
2902,5.0,Japan
2903,4.0,Rwanda
2904,4.0,Spain
2905,3.0,Unknown
2906,5.0,China
2907,3.0,China
2908,2.0,China
2909,4.0,China
2910,3.0,Kuwait
2911,1.0,Türkiye
2912,2.0,Unknown
2913,2.0,Unknown
2914,4.0,China
2915,4.0,India
2916,3.0,France
2917,4.0,China
2918,6.0,Belgium
2919,4.0,The Netherlands
2920,2.0,China
2921,4.0,Nepal
2922,5.0,China
2923,6.0,South Korea
2924,2.0,USA
2925,5.0,Japan
2926,5.0,China
2927,6.0,South Korea
2928,5.0,Germany
2929,6.0,Finland
2930,3.0,Colombia
2931,6.0,USA
2932,3.0,USA
2933,4.0,South Korea
2934,2.0,Turkey
2935,6.0,China
2936,8.0,Qatar
2937,5.0,China
2938,3.0,Pakistan
2939,4.0,Canada
2940,6.0,South Korea
2941,2.0,USA
2942,4.0,Malaysia
2943,3.0,USA
2944,3.0,Germany
2945,5.0,Unknown
2946,4.0,Tunisia
2947,4.0,China
2948,4.0,China
2949,6.0,Saudi Arabia
2950,4.0,Finland
2951,5.0,China
2952,4.0,Italy
2953,4.0,Greece
2954,2.0,Unknown
2955,3.0,Unknown
2956,6.0,Hungary
2957,8.0,China
2958,7.0,Italy
2959,2.0,USA
2960,5.0,Turkey
2961,2.0,USA
2962,4.0,Germany
2963,4.0,Portugal
2964,6.0,India
2965,7.0,Unknown
2966,1.0,Saudi Arabia
2967,7.0,China
2968,3.0,South Korea
2969,5.0,China
2970,7.0,India
2971,4.0,China
2972,3.0,China
2973,3.0,Norway
2974,5.0,Inconnu
2975,5.0,Bangladesh
2976,3.0,Sweden
2977,7.0,Pakistan
2978,3.0,Unknown
2979,4.0,South Korea
2980,3.0,Japan
2981,1.0,Spain
2982,3.0,Germany
2983,8.0,Taiwan
2984,5.0,Ireland
2985,2.0,Taiwan
2986,1.0,Kuwait
2987,3.0,Japan
2988,7.0,Germany
2989,5.0,Pakistan
2990,4.0,Brazil
2991,5.0,China
2992,2.0,Unknown
2993,4.0,China
2994,6.0,China
2995,7.0,Greece
2996,5.0,Inconnu
2997,4.0,Unknown
2998,6.0,China
2999,4.0,Australia
3000,2.0,China
3001,2.0,Turkey
3002,3.0,India
3003,5.0,China
3004,4.0,USA
3005,2.0,Unknown
3006,4.0,UK
3007,6.0,India
3008,7.0,Unknown
3009,3.0,Germany
3010,2.0,China
3011,7.0,Japan
3012,2.0,Unknown
3013,5.0,Norway
3014,6.0,China
3015,8.0,China
3016,2.0,Unknown
3017,5.0,Brazil
3018,3.0,Inconnu
3019,4.0,Indonesia
3020,7.0,Pakistan
3021,6.0,China
3022,4.0,Saudi Arabia
3023,4.0,South Korea
3024,1.0,Japan
3025,5.0,China
3026,2.0,South Korea
3027,7.0,Israel
3028,5.0,Unknown
3029,7.0,China
3030,23.0,USA
3031,4.0,USA
3032,3.0,South Africa
3033,6.0,Indonesia
3034,5.0,China
3035,6.0,Unknown
3036,10.0,China
3037,6.0,Israel
3038,9.0,China
3039,2.0,USA
3040,5.0,US
3041,3.0,India
3042,3.0,United Arab Emirates
3043,2.0,India
3044,3.0,USA
3045,3.0,Italy
3046,3.0,Finland
3047,4.0,Spain
3048,3.0,Qatar
3049,2.0,Unknown
3050,5.0,USA
3051,5.0,Japan
3052,3.0,China
3053,2.0,Unknown
3054,5.0,Unknown
3055,3.0,Egypt
3056,2.0,Poland
3057,2.0,Unknown
3058,3.0,Inconnu
3059,13.0,Bangladesh
3060,3.0,China
3061,3.0,Uganda
3062,2.0,Unknown
3063,3.0,Republic of Korea
3064,7.0,China
3065,3.0,Unknown
3066,8.0,Germany
3067,4.0,Germany
3068,2.0,Unknown
3069,7.0,South Korea
3070,4.0,Malaysia
3071,2.0,Unknown
3072,3.0,China
3073,2.0,Unknown
3074,2.0,Finland
3075,4.0,Austria
3076,5.0,Spain
3077,4.0,Inconnu
3078,6.0,China
3079,3.0,Chile
3080,3.0,China
3081,4.0,Australia
3082,5.0,Unknown
3083,4.0,Unknown
3084,5.0,China
3085,3.0,Unknown
3086,3.0,Canada
3087,6.0,India
3088,6.0,Canada
3089,3.0,Iran
3090,6.0,Japan
3091,2.0,Saudi Arabia
3092,4.0,Malaysia
3093,6.0,CN
3094,3.0,China
3095,6.0,Malaysia
3096,2.0,China
3097,4.0,Spain
3098,4.0,Unknown
3099,4.0,Macau
3100,2.0,China
3101,5.0,Spain
3102,2.0,Unknown
3103,4.0,Japan
3104,5.0,Saudi Arabia
3105,3.0,USA
3106,3.0,Italy
3107,3.0,Belgium
3108,2.0,Unknown
3109,5.0,Ireland
3110,3.0,Singapore
3111,9.0,Malaysia
3112,3.0,Australia
3113,6.0,Kazakhstan
3114,3.0,South Korea
3115,5.0,USA
3116,5.0,Italy
3117,4.0,Austria
3118,3.0,Japan
3119,4.0,Inconnu
3120,2.0,Inconnu
3121,6.0,Vietnam
3122,4.0,Saudi Arabia
3123,1.0,China
3124,2.0,China
3125,6.0,Unknown
3126,3.0,Inconnu
3127,4.0,India
3128,3.0,India
3129,7.0,China
3130,8.0,Malaysia
3131,3.0,Unknown
3132,5.0,China
3133,4.0,Thailand
3134,5.0,Australia
3135,5.0,Dominican Republic
3136,3.0,USA
3137,3.0,Saudi Arabia
3138,3.0,Germany
3139,5.0,Qatar
3140,7.0,USA
3141,7.0,China
3142,4.0,South Korea
3143,3.0,Belgium
3144,3.0,China
3145,7.0,Taiwan
3146,6.0,South Korea
3147,20.0,United Arab Emirates
3148,5.0,Belgium
3149,3.0,South Korea
3150,5.0,Unknown
3151,1.0,China
3152,7.0,China
3153,4.0,China
3154,2.0,Republic of Korea
3155,3.0,Unknown
3156,2.0,Taiwan
3157,4.0,Japan
3158,11.0,Inconnu
3159,6.0,Japan
3160,2.0,China
3161,3.0,Unknown
3162,3.0,China
3163,6.0,South Korea
3164,4.0,Mexico
3165,12.0,Austria
3166,3.0,Canada
3167,2.0,India
3168,4.0,Spain
3169,6.0,China
3170,5.0,Brazil
3171,3.0,China
3172,6.0,China
3173,4.0,China
3174,4.0,Germany
3175,4.0,Japan
3176,7.0,Germany
3177,7.0,China
3178,3.0,Malaysia
3179,2.0,IN
3180,2.0,China
3181,10.0,USA
3182,5.0,USA
3183,5.0,USA
3184,7.0,Spain
3185,1.0,Unknown
3186,3.0,India
3187,2.0,Saudi Arabia
3188,3.0,India
3189,6.0,Germany
3190,2.0,Malaysia
3191,4.0,Japan
3192,5.0,China
3193,2.0,Republic of Korea
3194,4.0,Unknown
3195,2.0,China
3196,8.0,Pakistan
3197,7.0,Unknown
3198,4.0,USA
3199,4.0,Denmark
3200,2.0,India
3201,5.0,Pakistan
3202,4.0,Canada
3203,5.0,Malaysia
3204,5.0,Germany
3205,9.0,Brazil
3206,5.0,USA
3207,4.0,China
3208,6.0,USA
3209,3.0,Brazil
3210,18.0,Unknown
3211,6.0,China
3212,4.0,Brazil
3213,6.0,India
3214,6.0,Republic of Korea
3215,8.0,Unknown
3216,4.0,Italy
3217,3.0,China
3218,4.0,Australia
3219,5.0,China
3220,3.0,Italy
3221,3.0,Portugal
3222,2.0,Malaysia
3223,3.0,Unknown
3224,5.0,China
3225,4.0,Finland
3226,3.0,Italy
3227,3.0,Unknown
3228,4.0,Portugal
3229,3.0,Ethiopia
3230,5.0,Pakistan
3231,3.0,India
3232,2.0,Hungary
3233,1.0,South Korea
3234,2.0,UAE
3235,5.0,South Korea
3236,2.0,China
3237,9.0,China
3238,7.0,Unknown
3239,6.0,France
3240,7.0,Pakistan
3241,4.0,Spain
3242,3.0,Germany
3243,4.0,Unknown
3244,6.0,Unknown
3245,7.0,Singapore
3246,8.0,Egypt
3247,4.0,South Korea
3248,1.0,Unknown
3249,5.0,Republic of Korea
3250,11.0,China
3251,8.0,China
3252,5.0,Australia
3253,4.0,South Korea
3254,8.0,Russia
3255,2.0,Jordan
3256,6.0,China
3257,3.0,Mexico
3258,4.0,USA
3259,3.0,Unknown
3260,6.0,Qatar
3261,3.0,India
3262,6.0,China
3263,5.0,China
3264,6.0,Hungary
3265,2.0,Italy
3266,2.0,Italy
3267,6.0,Jordan
3268,3.0,Belgium
3269,3.0,Morocco
3270,2.0,USA
3271,5.0,India
3272,6.0,Iran
3273,4.0,USA
3274,3.0,Brazil
3275,4.0,Egypt
3276,1.0,India
3277,4.0,Unknown
3278,3.0,New Zealand
3279,7.0,China
3280,9.0,Algeria
3281,6.0,China
3282,2.0,China
3283,3.0,Mexico
3284,2.0,Unknown
3285,5.0,China
3286,4.0,China
3287,3.0,Egypt
3288,7.0,Poland
3289,4.0,China
3290,10.0,Greece
3291,8.0,USA
3292,4.0,China
3293,4.0,Poland
3294,3.0,China
3295,2.0,Germany
3296,2.0,India
3297,3.0,India
3298,2.0,Germany
3299,6.0,Belgium
3300,4.0,Singapore
3301,1.0,Poland
3302,5.0,Republic of Korea
3303,5.0,Morocco
3304,3.0,Germany
3305,4.0,India
3306,3.0,Unknown
3307,4.0,Japan
3308,2.0,Canada
3309,6.0,China
3310,3.0,USA
3311,6.0,Finland
3312,4.0,Unknown
3313,4.0,China
3314,4.0,India
3315,6.0,Norway
3316,3.0,USA
3317,6.0,Indonesia
3318,4.0,Turkey
3319,4.0,China
3320,1.0,China
3321,1.0,India
3322,2.0,Jordan
3323,3.0,China
3324,6.0,Czechia
3325,4.0,Austria
3326,4.0,China
3327,6.0,China
3328,5.0,Spain
3329,2.0,The Netherlands
3330,2.0,Unknown
3331,4.0,Spain
3332,5.0,Germany
3333,3.0,USA
3334,2.0,USA
3335,6.0,China
3336,7.0,Unknown
3337,4.0,Unknown
3338,6.0,India
3339,3.0,Unknown
3340,5.0,The Netherlands
3341,7.0,China
3342,5.0,UAE
3343,8.0,United Arab Emirates
3344,5.0,France
3345,4.0,USA
3346,4.0,Spain
3347,3.0,Bangladesh
3348,5.0,Canada
3349,6.0,Kazakhstan
3350,7.0,India
3351,4.0,Germany
3352,5.0,Denmark
3353,5.0,Saudi Arabia
3354,6.0,Unknown
3355,6.0,United Arab Emirates
3356,4.0,Brazil
3357,3.0,China
3358,4.0,Unknown
3359,6.0,Canada
3360,1.0,Unknown
3361,6.0,Serbia
3362,3.0,Republic of Korea
3363,3.0,Hong Kong
3364,2.0,Japan
3365,3.0,Unknown
3366,2.0,Unknown
3367,3.0,China
3368,3.0,Unknown
3369,4.0,Inconnu
3370,4.0,Germany
3371,5.0,China
3372,5.0,Germany
3373,3.0,Australia
3374,2.0,Thailand
3375,3.0,Thailand
3376,2.0,Türkiye
3377,3.0,Unknown
3378,4.0,China
3379,5.0,China
3380,2.0,China
3381,3.0,Canada
3382,5.0,Qatar
3383,7.0,Brunei
3384,3.0,Unknown
3385,5.0,China
3386,3.0,Pakistan
3387,5.0,China
3388,3.0,Taiwan
3389,5.0,Israel
3390,5.0,Pakistan
3391,4.0,Egypt
3392,5.0,Pakistan
3393,6.0,Chile
3394,2.0,Inconnu
3395,4.0,Italy
3396,3.0,Germany
3397,4.0,South Korea
3398,3.0,China
3399,4.0,Germany
3400,2.0,The Netherlands
3401,3.0,China
3402,3.0,Unknown
3403,7.0,Saudi Arabia
3404,3.0,Malaysia
3405,2.0,Unknown
3406,5.0,Canada
3407,6.0,China
3408,3.0,Austria
3409,9.0,Malaysia
3410,4.0,Taiwan
3411,4.0,Inconnu
3412,2.0,China
3413,2.0,Unknown
3414,6.0,China
3415,5.0,China
3416,6.0,China
3417,4.0,Egypt
3418,5.0,Australia
3419,6.0,Unknown
3420,5.0,Unknown
3421,4.0,South Korea
3422,4.0,Uganda
3423,2.0,South Korea
3424,4.0,Saudi Arabia
3425,6.0,USA
3426,3.0,South Korea
3427,5.0,Bangladesh
3428,6.0,China
3429,4.0,Inconnu
3430,5.0,Canada
3431,6.0,Pakistan
3432,5.0,China
3433,3.0,Inconnu
3434,8.0,Malaysia
3435,2.0,Jordan
3436,3.0,Poland
3437,2.0,China
3438,4.0,China
3439,1.0,Greece
3440,5.0,China
3441,7.0,Portugal
3442,6.0,Inconnu
3443,6.0,China
3444,3.0,Spain
3445,5.0,China
3446,3.0,Thailand
3447,6.0,Malaysia
3448,4.0,Finland
3449,5.0,Saudi Arabia
3450,3.0,Unknown
3451,7.0,India
3452,5.0,Bangladesh
3453,4.0,Germany
3454,7.0,Inconnu
3455,3.0,Unknown
3456,6.0,GB
3457,3.0,Pakistan
3458,6.0,Slovenia
3459,3.0,China
3460,2.0,China
3461,6.0,Morocco
3462,1.0,China
3463,5.0,China
3464,4.0,Unknown
3465,6.0,USA
3466,6.0,Greece
3467,3.0,China
3468,5.0,China
3469,5.0,Unknown
3470,2.0,Poland
3471,3.0,Pakistan
3472,6.0,Spain
3473,3.0,Egypt
3474,2.0,South Korea
3475,1.0,Türkiye
3476,3.0,Cyprus
3477,4.0,China
3478,8.0,China
3479,5.0,China
3480,4.0,China
3481,3.0,Unknown
3482,3.0,Egypt
3483,3.0,Pakistan
3484,2.0,China
3485,5.0,Pakistan
3486,3.0,Unknown
3487,4.0,Finland
3488,5.0,India
3489,6.0,China
3490,4.0,India
3491,3.0,Norway
3492,5.0,Bangladesh
3493,1.0,Australia
3494,3.0,Unknown
3495,6.0,Indonesia
3496,2.0,USA
3497,4.0,China
3498,4.0,Unknown
3499,4.0,Japan
3500,5.0,China
3501,5.0,India
3502,4.0,Unknown
3503,2.0,India
3504,2.0,South Korea
3505,2.0,Ireland
3506,2.0,Unknown
3507,3.0,Unknown
3508,2.0,Australia
3509,3.0,Thailand
3510,10.0,China
3511,4.0,Italy
3512,5.0,China
3513,2.0,China
3514,3.0,Iran
3515,9.0,China
3516,3.0,France
3517,5.0,China
3518,4.0,China
3519,6.0,China
3520,4.0,Egypt
3521,11.0,USA
3522,5.0,Canada
3523,4.0,China
3524,9.0,Iran
3525,7.0,Inconnu
3526,8.0,India
3527,6.0,Japan
3528,4.0,Inconnu
3529,11.0,China
3530,2.0,Canada
3531,3.0,Cyprus
3532,4.0,China
3533,8.0,Ireland
3534,7.0,Pakistan
3535,4.0,China
3536,4.0,Spain
3537,5.0,India
3538,3.0,New Zealand
3539,5.0,China
3540,5.0,Australia
3541,2.0,Unknown
3542,3.0,Mexico
3543,4.0,Russia
3544,6.0,China
3545,7.0,India
3546,4.0,Republic of Korea
3547,2.0,South Korea
3548,3.0,USA
3549,4.0,Taiwan
3550,7.0,Unknown
3551,3.0,China
3552,8.0,Ireland
3553,5.0,USA
3554,6.0,China
3555,7.0,Cyprus
3556,3.0,China
3557,3.0,Thailand
3558,3.0,Romania
3559,5.0,China
3560,9.0,Australia
3561,5.0,Unknown
3562,5.0,China
3563,5.0,Republic of Korea
3564,7.0,Pakistan
3565,10.0,Germany
3566,6.0,USA
3567,5.0,China
3568,5.0,Canada
3569,4.0,China
3570,3.0,Italy
3571,10.0,Germany
3572,5.0,China
3573,5.0,United Arab Emirates
3574,5.0,Italy
3575,5.0,Pakistan
3576,6.0,Unknown
3577,4.0,Greece
3578,8.0,China
3579,5.0,Saudi Arabia
3580,4.0,India
3581,3.0,Qatar
3582,4.0,Hong Kong
3583,2.0,Unknown
3584,5.0,South Korea
3585,2.0,France
3586,6.0,Sweden
3587,4.0,Ireland
3588,3.0,Malaysia
3589,7.0,China
3590,2.0,USA
3591,3.0,Germany
3592,3.0,USA
3593,4.0,Belgium
3594,7.0,USA
3595,2.0,USA
3596,3.0,China
3597,6.0,Japan
3598,5.0,Pakistan
3599,6.0,China
3600,5.0,China
3601,2.0,China
3602,2.0,South Korea
3603,4.0,Unknown
3604,3.0,China
3605,7.0,Bangladesh
3606,4.0,China
3607,5.0,China
3608,5.0,Unknown
3609,3.0,Canada
3610,6.0,China
3611,3.0,China
3612,2.0,Germany
3613,2.0,China
3614,6.0,China
3615,3.0,Unknown
3616,2.0,Inconnu
3617,3.0,Unknown
3618,2.0,Unknown
3619,8.0,China
3620,5.0,China
3621,3.0,USA
3622,4.0,Germany
3623,4.0,Germany
3624,7.0,Panama
3625,2.0,Unknown
3626,4.0,Unknown
3627,1.0,Saudi Arabia
3628,8.0,USA
3629,3.0,Unknown
3630,6.0,Japan
3631,6.0,Republic of Korea
3632,4.0,Taiwan
3633,4.0,USA
3634,2.0,Unknown
3635,3.0,Spain
3636,4.0,China
3637,9.0,China
3638,5.0,Unknown
3639,0.0,Unknown
3640,0.0,Unknown
3641,0.0,Unknown
3642,0.0,Unknown
3643,0.0,Unknown
3644,0.0,Unknown
3645,0.0,Unknown
3646,0.0,Unknown
3647,0.0,Unknown
3648,0.0,Unknown
3649,0.0,Unknown
3650,0.0,Unknown
3651,0.0,Unknown
3652,0.0,Unknown
3653,0.0,Unknown
3654,0.0,Unknown
3655,0.0,Unknown
3656,0.0,Unknown
3657,0.0,Unknown
3658,0.0,Unknown
3659,0.0,Unknown
3660,0.0,Unknown
3661,0.0,Unknown
3662,0.0,Unknown
3663,0.0,Unknown
3664,0.0,Unknown
3665,0.0,Unknown
3666,0.0,Unknown
3667,0.0,Unknown
3668,0.0,Unknown
3669,0.0,Unknown
3670,0.0,Unknown
3671,0.0,Unknown
3672,0.0,Unknown
3673,0.0,Unknown
3674,0.0,Unknown
3675,0.0,Unknown
3676,0.0,Unknown
3677,0.0,Unknown
3678,0.0,Unknown
3679,0.0,Unknown
3680,0.0,Unknown
3681,0.0,Unknown
3682,0.0,Unknown
3683,0.0,Unknown
3684,0.0,Unknown
3685,0.0,Unknown
3686,0.0,Unknown
3687,0.0,Unknown
3688,0.0,Unknown
3689,0.0,Unknown
3690,0.0,Unknown
3691,0.0,Unknown
3692,0.0,Unknown
3693,0.0,Unknown
3694,0.0,Unknown
3695,0.0,Unknown
3696,0.0,Unknown
3697,0.0,Unknown
3698,0.0,Unknown
3699,0.0,Unknown
3700,0.0,Unknown
3701,0.0,Unknown
3702,0.0,Unknown
3703,0.0,Unknown
3704,0.0,Unknown
3705,0.0,Unknown
3706,0.0,Unknown
3707,0.0,Unknown
3708,0.0,Unknown
3709,0.0,Unknown
3710,0.0,Unknown
3711,0.0,Unknown
3712,0.0,Unknown
3713,0.0,Unknown
3714,0.0,Unknown
3715,0.0,Unknown
3716,0.0,Unknown
3717,0.0,Unknown
3718,0.0,Unknown
3719,0.0,Unknown
3720,0.0,Unknown
3721,0.0,Unknown
3722,0.0,Unknown
3723,0.0,Unknown
3724,0.0,Unknown
3725,0.0,Unknown
3726,0.0,Unknown
3727,0.0,Unknown
3728,0.0,Unknown
3729,0.0,Unknown
3730,0.0,Unknown
3731,0.0,Unknown
3732,0.0,Unknown
3733,0.0,Unknown
3734,0.0,Unknown
3735,0.0,Unknown
3736,0.0,Unknown
3737,0.0,Unknown
3738,0.0,Unknown
3739,0.0,Unknown
3740,0.0,Unknown
3741,0.0,Unknown
3742,0.0,Unknown
3743,0.0,Unknown
3744,0.0,Unknown
3745,0.0,Unknown
3746,0.0,Unknown
3747,0.0,Unknown
3748,0.0,Unknown
3749,0.0,Unknown
3750,0.0,Unknown
3751,0.0,Unknown
3752,0.0,Unknown
3753,0.0,Unknown
3754,0.0,Unknown
3755,0.0,Unknown
3756,0.0,Unknown
3757,0.0,Unknown
3758,0.0,Unknown
3759,0.0,Unknown
3760,0.0,Unknown
3761,0.0,Unknown
3762,0.0,Unknown
3763,0.0,Unknown
3764,0.0,Unknown
3765,0.0,Unknown
3766,0.0,Unknown
3767,0.0,Unknown
3768,0.0,Unknown
3769,0.0,Unknown
3770,0.0,Unknown
3771,0.0,Unknown
3772,0.0,Unknown
3773,0.0,Unknown
3774,0.0,Unknown
3775,0.0,Unknown
3776,0.0,Unknown
3777,0.0,Unknown
3778,0.0,Unknown
3779,0.0,Unknown
3780,0.0,Unknown
3781,0.0,Unknown
3782,0.0,Unknown
3783,0.0,Unknown
3784,0.0,Unknown
3785,0.0,Unknown
3786,0.0,Unknown
3787,0.0,Unknown
3788,0.0,Unknown
3789,0.0,Unknown
3790,0.0,Unknown
3791,0.0,Unknown
3792,0.0,Unknown
3793,0.0,Unknown
3794,0.0,Unknown
3795,0.0,Unknown
3796,0.0,Unknown
3797,0.0,Unknown
3798,0.0,Unknown
3799,0.0,Unknown
3800,0.0,Unknown
3801,0.0,Unknown
3802,0.0,Unknown
3803,0.0,Unknown
3804,0.0,Unknown
3805,0.0,Unknown
3806,0.0,Unknown
3807,0.0,Unknown
3808,0.0,Unknown
3809,0.0,Unknown
3810,0.0,Unknown
3811,0.0,Unknown
3812,0.0,Unknown
3813,0.0,Unknown
3814,0.0,Unknown
3815,0.0,Unknown
3816,0.0,Unknown
3817,0.0,Unknown
3818,0.0,Unknown
3819,0.0,Unknown
3820,0.0,Unknown
3821,0.0,Unknown
3822,0.0,Unknown
3823,0.0,Unknown
3824,0.0,Unknown
3825,0.0,Unknown
3826,0.0,Unknown
3827,0.0,Unknown
3828,0.0,Unknown
3829,0.0,Unknown
3830,0.0,Unknown
3831,0.0,Unknown
3832,0.0,Unknown
3833,0.0,Unknown
3834,0.0,Unknown
3835,0.0,Unknown
3836,0.0,Unknown
3837,0.0,Unknown
3838,0.0,Unknown
3839,0.0,Unknown
3840,0.0,Unknown
3841,0.0,Unknown
3842,0.0,Unknown
3843,0.0,Unknown
3844,0.0,Unknown
3845,0.0,Unknown
3846,0.0,Unknown
3847,0.0,Unknown
3848,0.0,Unknown
3849,0.0,Unknown
3850,0.0,Unknown
3851,0.0,Unknown
3852,0.0,Unknown
3853,0.0,Unknown
3854,0.0,Unknown
3855,0.0,Unknown
3856,0.0,Unknown
3857,0.0,Unknown
3858,0.0,Unknown
3859,0.0,Unknown
3860,0.0,Unknown
3861,0.0,Unknown
3862,0.0,Unknown
3863,0.0,Unknown
3864,0.0,Unknown
3865,0.0,Unknown
3866,0.0,Unknown
3867,0.0,Unknown
3868,0.0,Unknown
3869,0.0,Unknown
3870,0.0,Unknown
3871,0.0,Unknown
3872,0.0,Unknown
3873,0.0,Unknown
3874,0.0,Unknown
3875,0.0,Unknown
3876,0.0,Unknown
3877,0.0,Unknown
3878,0.0,Unknown
3879,0.0,Unknown
3880,0.0,Unknown
3881,0.0,Unknown
3882,0.0,Unknown
3883,0.0,Unknown
3884,0.0,Unknown
3885,0.0,Unknown
3886,0.0,Unknown
3887,0.0,Unknown
3888,0.0,Unknown
3889,0.0,Unknown
3890,0.0,Unknown
3891,0.0,Unknown
3894,0.0,Unknown
3895,0.0,Unknown
3896,0.0,Unknown
3897,0.0,Unknown
3898,0.0,Unknown
3899,0.0,Unknown
3900,0.0,Unknown
3901,0.0,Unknown
3902,0.0,Unknown
3903,0.0,Unknown
3904,0.0,Unknown
3905,0.0,Unknown
3906,0.0,Unknown
3907,0.0,Unknown
3908,0.0,Unknown
3909,0.0,Unknown
3910,0.0,Unknown
3912,0.0,Unknown
3914,0.0,Unknown
3915,0.0,Unknown
3916,0.0,Unknown
3918,0.0,Unknown
3919,0.0,Unknown
3920,0.0,Unknown
3921,0.0,Unknown
3922,0.0,Unknown
3923,0.0,Unknown
3924,0.0,Unknown
3925,0.0,Unknown
3926,0.0,Unknown
3927,0.0,Unknown
3928,0.0,Unknown
3929,0.0,Unknown
3930,0.0,Unknown
3931,0.0,Unknown
3932,0.0,Unknown
3933,0.0,Unknown
3935,0.0,Unknown
3937,0.0,Unknown
3938,0.0,Unknown
3939,0.0,Unknown
3940,0.0,Unknown
3941,0.0,Unknown
3942,0.0,Unknown
3944,0.0,Unknown
3946,0.0,Unknown
3947,0.0,Unknown
3948,0.0,Unknown
3949,0.0,Unknown
3950,0.0,Unknown
3951,0.0,Unknown
3952,0.0,Unknown
3953,0.0,Unknown
3954,0.0,Unknown
3956,0.0,Unknown
3957,0.0,Unknown
3958,0.0,Unknown
3959,0.0,Unknown
3960,0.0,Unknown
3961,0.0,Unknown
3962,0.0,Unknown
3963,0.0,Unknown
3964,0.0,Unknown
3965,0.0,Unknown
3966,0.0,Unknown
3967,0.0,Unknown
3968,0.0,Unknown
3969,0.0,Unknown
3970,0.0,Unknown
3971,0.0,Unknown
3972,0.0,Unknown
3973,0.0,Unknown
3974,0.0,Unknown
3975,0.0,Unknown
3976,0.0,Unknown
3977,0.0,Unknown
3978,0.0,Unknown
3979,0.0,Unknown
3980,0.0,Unknown
3982,0.0,Unknown
3983,0.0,Unknown
3984,0.0,Unknown
3985,0.0,Unknown
3986,0.0,Unknown
3988,0.0,Unknown
3989,0.0,Unknown
3990,0.0,Unknown
3991,0.0,Unknown
3992,0.0,Unknown
3993,0.0,Unknown
3994,0.0,Unknown
3995,0.0,Unknown
3996,0.0,Unknown
3997,0.0,Unknown
3998,0.0,Unknown
3999,0.0,Unknown
4000,0.0,Unknown
4001,0.0,Unknown
4003,0.0,Unknown
4004,0.0,Unknown
4005,0.0,Unknown
4006,0.0,Unknown
4009,0.0,Unknown
4010,0.0,Unknown
4011,0.0,Unknown
4012,0.0,Unknown
4015,0.0,Unknown
4016,0.0,Unknown
4019,0.0,Unknown
4020,0.0,Unknown
4021,0.0,Unknown
4023,0.0,Unknown
4024,0.0,Unknown
4025,0.0,Unknown
4026,0.0,Unknown
4027,0.0,Unknown
4029,0.0,Unknown
4033,0.0,Unknown
4037,0.0,Unknown
4039,0.0,Unknown
4040,0.0,Unknown
4041,0.0,Unknown
4042,0.0,Unknown
4043,0.0,Unknown
4044,0.0,Unknown
4045,0.0,Unknown
4046,0.0,Unknown
4047,0.0,Unknown
4048,0.0,Unknown
4049,0.0,Unknown
4050,0.0,Unknown
4051,0.0,Unknown
4053,0.0,Unknown
4056,0.0,Unknown
4057,0.0,Unknown
4058,0.0,Unknown
4059,0.0,Unknown
4061,0.0,Unknown
4062,0.0,Unknown
4063,0.0,Unknown
4065,0.0,Unknown
4066,0.0,Unknown
4067,0.0,Unknown
4068,0.0,Unknown
4069,0.0,Unknown
4070,0.0,Unknown
4071,0.0,Unknown
4072,0.0,Unknown
4073,0.0,Unknown
4074,0.0,Unknown
4075,0.0,Unknown
4077,0.0,Unknown
4078,0.0,Unknown
4079,0.0,Unknown
4080,0.0,Unknown
4081,0.0,Unknown
4082,0.0,Unknown
4083,0.0,Unknown
4084,0.0,Unknown
4085,0.0,Unknown
4086,0.0,Unknown
4088,0.0,Unknown
4089,0.0,Unknown
4090,0.0,Unknown
4092,0.0,Unknown
4093,0.0,Unknown
4094,0.0,Unknown
4095,0.0,Unknown
4096,0.0,Unknown
4097,0.0,Unknown
4098,0.0,Unknown
4099,0.0,Unknown
4100,0.0,Unknown
4102,0.0,Unknown
4103,0.0,Unknown
4104,0.0,Unknown
4105,0.0,Unknown
4106,0.0,Unknown
4108,0.0,Unknown
4110,0.0,Unknown
4111,0.0,Unknown
4113,0.0,Unknown
4114,0.0,Unknown
4115,0.0,Unknown
4116,0.0,Unknown
4117,0.0,Unknown
4118,0.0,Unknown
4119,0.0,Unknown
4120,0.0,Unknown
4122,0.0,Unknown
4123,0.0,Unknown
4124,0.0,Unknown
4125,0.0,Unknown
4128,0.0,Unknown
4129,0.0,Unknown
4130,0.0,Unknown
4132,0.0,Unknown
4133,0.0,Unknown
4134,0.0,Unknown
4135,0.0,Unknown
4136,0.0,Unknown
4137,0.0,Unknown
4138,0.0,Unknown
4139,0.0,Unknown
4140,0.0,Unknown
4141,0.0,Unknown
4142,0.0,Unknown
4143,0.0,Unknown
4144,0.0,Unknown
4145,0.0,Unknown
4146,0.0,Unknown
4147,0.0,Unknown
4148,0.0,Unknown
4150,0.0,Unknown
4151,0.0,Unknown
4152,0.0,Unknown
4153,0.0,Unknown
4154,0.0,Unknown
4155,0.0,Unknown
4156,0.0,Unknown
4157,0.0,Unknown
4158,0.0,Unknown
4159,0.0,Unknown
4160,0.0,Unknown
4164,0.0,Unknown
4165,0.0,Unknown
4166,0.0,Unknown
4167,0.0,Unknown
4168,0.0,Unknown
4169,0.0,Unknown
4170,0.0,Unknown
4171,0.0,Unknown
4173,0.0,Unknown
4174,0.0,Unknown
4175,0.0,Unknown
4176,0.0,Unknown
4177,0.0,Unknown
4179,0.0,Unknown
4180,0.0,Unknown
4182,0.0,Unknown
4183,0.0,Unknown
4185,0.0,Unknown
4186,0.0,Unknown
4187,0.0,Unknown
4188,0.0,Unknown
4189,0.0,Unknown
4190,0.0,Unknown
4191,0.0,Unknown
4192,0.0,Unknown
4193,0.0,Unknown
4194,0.0,Unknown
4195,0.0,Unknown
4196,0.0,Unknown
4197,0.0,Unknown
4198,0.0,Unknown
4199,0.0,Unknown
4200,0.0,Unknown
4201,0.0,Unknown
4202,0.0,Unknown
4203,0.0,Unknown
4204,0.0,Unknown
4205,0.0,Unknown
4207,0.0,Unknown
4208,0.0,Unknown
4209,0.0,Unknown
4210,0.0,Unknown
4212,0.0,Unknown
4213,0.0,Unknown
4214,0.0,Unknown
4215,0.0,Unknown
4216,0.0,Unknown
4217,0.0,Unknown
4218,0.0,Unknown
4221,0.0,Unknown
4222,0.0,Unknown
4223,0.0,Unknown
4224,0.0,Unknown
4225,0.0,Unknown
4226,0.0,Unknown
4227,0.0,Unknown
4228,0.0,Unknown
4229,0.0,Unknown
4230,0.0,Unknown
4231,0.0,Unknown
4232,0.0,Unknown
4233,0.0,Unknown
4234,0.0,Unknown
4235,0.0,Unknown
4236,0.0,Unknown
4238,0.0,Unknown
4239,0.0,Unknown
4240,0.0,Unknown
4241,0.0,Unknown
4243,0.0,Unknown
4244,0.0,Unknown
4245,0.0,Unknown
4246,0.0,Unknown
4247,0.0,Unknown
4248,0.0,Unknown
4249,0.0,Unknown
4250,0.0,Unknown
4251,0.0,Unknown
4252,0.0,Unknown
4253,0.0,Unknown
4254,0.0,Unknown
4255,0.0,Unknown
4257,0.0,Unknown
4258,0.0,Unknown
4259,0.0,Unknown
4260,0.0,Unknown
4261,0.0,Unknown
4262,0.0,Unknown
4263,0.0,Unknown
4264,0.0,Unknown
4266,0.0,Unknown
4267,0.0,Unknown
4268,0.0,Unknown
4269,0.0,Unknown
4271,0.0,Unknown
4272,0.0,Unknown
4273,0.0,Unknown
4274,0.0,Unknown
4275,0.0,Unknown
4276,0.0,Unknown
4277,0.0,Unknown
4279,0.0,Unknown
4280,0.0,Unknown
4281,0.0,Unknown
4282,0.0,Unknown
4283,0.0,Unknown
4284,0.0,Unknown
4285,0.0,Unknown
4286,0.0,Unknown
4287,0.0,Unknown
4288,0.0,Unknown
4289,0.0,Unknown
4290,0.0,Unknown
4291,0.0,Unknown
4292,0.0,Unknown
4293,0.0,Unknown
4294,0.0,Unknown
4295,0.0,Unknown
4296,0.0,Unknown
4297,0.0,Unknown
4298,0.0,Unknown
4299,0.0,Unknown
4300,0.0,Unknown
4301,0.0,Unknown
4302,0.0,Unknown
4303,0.0,Unknown
4304,0.0,Unknown
4305,0.0,Unknown
4306,0.0,Unknown
4307,0.0,Unknown
4308,0.0,Unknown
4309,0.0,Unknown
4310,0.0,Unknown
4311,0.0,Unknown
4312,0.0,Unknown
4313,0.0,Unknown
4314,0.0,Unknown
4315,0.0,Unknown
4316,0.0,Unknown
4317,0.0,Unknown
4318,0.0,Unknown
4319,0.0,Unknown
4320,0.0,Unknown
4321,0.0,Unknown
4323,0.0,Unknown
4324,0.0,Unknown
4326,0.0,Unknown
4327,0.0,Unknown
4328,0.0,Unknown
4329,0.0,Unknown
4330,0.0,Unknown
4331,0.0,Unknown
4332,0.0,Unknown
4333,0.0,Unknown
4335,0.0,Unknown
4336,0.0,Unknown
4337,0.0,Unknown
4338,0.0,Unknown
4339,0.0,Unknown
4340,0.0,Unknown
4341,0.0,Unknown
4342,0.0,Unknown
4343,0.0,Unknown
4344,0.0,Unknown
4345,0.0,Unknown
4346,0.0,Unknown
4347,0.0,Unknown
4348,0.0,Unknown
4349,0.0,Unknown
4350,0.0,Unknown
4352,0.0,Unknown
4353,0.0,Unknown
4354,0.0,Unknown
4355,0.0,Unknown
4356,0.0,Unknown
4357,0.0,Unknown
4358,0.0,Unknown
4359,0.0,Unknown
4360,0.0,Unknown
4361,0.0,Unknown
4362,0.0,Unknown
4363,0.0,Unknown
4364,0.0,Unknown
4365,0.0,Unknown
4367,0.0,Unknown
4368,0.0,Unknown
4369,0.0,Unknown
4370,0.0,Unknown
4371,0.0,Unknown
4372,0.0,Unknown
4373,0.0,Unknown
4374,0.0,Unknown
4375,0.0,Unknown
4376,0.0,Unknown
4377,0.0,Unknown
4378,0.0,Unknown
4379,0.0,Unknown
4380,0.0,Unknown
4381,0.0,Unknown
4383,0.0,Unknown
4384,0.0,Unknown
4385,0.0,Unknown
4386,0.0,Unknown
4387,0.0,Unknown
4388,0.0,Unknown
4389,0.0,Unknown
4390,0.0,Unknown
4391,0.0,Unknown
4392,0.0,Unknown
4393,0.0,Unknown
4394,0.0,Unknown
4395,0.0,Unknown
4396,0.0,Unknown
4397,0.0,Unknown
4398,0.0,Unknown
4399,0.0,Unknown
4400,0.0,Unknown
4401,0.0,Unknown
4402,0.0,Unknown
4403,0.0,Unknown
4404,0.0,Unknown
4405,0.0,Unknown
4406,0.0,Unknown
4407,0.0,Unknown
4408,0.0,Unknown
4409,0.0,Unknown
4410,0.0,Unknown
4411,0.0,Unknown
4413,0.0,Unknown
4414,0.0,Unknown
4415,0.0,Unknown
4416,0.0,Unknown
4417,0.0,Unknown
4419,0.0,Unknown
4420,0.0,Unknown
4421,0.0,Unknown
4422,0.0,Unknown
4423,0.0,Unknown
4425,0.0,Unknown
4426,0.0,Unknown
4430,0.0,Unknown
4431,0.0,Unknown
4432,0.0,Unknown
4433,0.0,Unknown
4434,0.0,Unknown
4435,0.0,Unknown
4436,0.0,Unknown
4437,0.0,Unknown
4438,0.0,Unknown
4439,0.0,Unknown
4440,0.0,Unknown
4441,0.0,Unknown
4442,0.0,Unknown
4443,0.0,Unknown
4444,0.0,Unknown
4445,0.0,Unknown
4446,0.0,Unknown
4447,0.0,Unknown
4448,0.0,Unknown
4449,0.0,Unknown
4450,0.0,Unknown
4451,0.0,Unknown
4452,0.0,Unknown
4453,0.0,Unknown
4454,0.0,Unknown
4455,0.0,Unknown
4456,0.0,Unknown
4457,0.0,Unknown
4458,0.0,Unknown
4459,0.0,Unknown
4461,0.0,Unknown
4462,0.0,Unknown
4463,0.0,Unknown
4464,0.0,Unknown
4465,0.0,Unknown
4466,0.0,Unknown
4467,0.0,Unknown
4468,0.0,Unknown
4469,0.0,Unknown
4470,0.0,Unknown
4471,0.0,Unknown
4472,0.0,Unknown
4473,0.0,Unknown
4474,0.0,Unknown
4475,0.0,Unknown
4476,0.0,Unknown
4477,0.0,Unknown
4478,0.0,Unknown
4479,0.0,Unknown
4480,0.0,Unknown
4481,0.0,Unknown
4482,0.0,Unknown
4483,0.0,Unknown
4484,0.0,Unknown
4486,0.0,Unknown
4488,0.0,Unknown
4489,0.0,Unknown
4491,0.0,Unknown
4492,0.0,Unknown
4493,0.0,Unknown
4494,0.0,Unknown
4496,0.0,Unknown
4497,0.0,Unknown
4498,0.0,Unknown
4499,0.0,Unknown
4500,0.0,Unknown
4501,0.0,Unknown
4502,0.0,Unknown
4503,0.0,Unknown
4504,0.0,Unknown
4505,0.0,Unknown
4506,0.0,Unknown
4508,0.0,Unknown
4509,0.0,Unknown
4511,0.0,Unknown
4512,0.0,Unknown
4513,0.0,Unknown
4514,0.0,Unknown
4515,0.0,Unknown
4516,0.0,Unknown
4517,0.0,Unknown
4518,0.0,Unknown
4519,0.0,Unknown
4520,0.0,Unknown
4521,0.0,Unknown
4522,0.0,Unknown
4523,0.0,Unknown
4524,0.0,Unknown
4525,0.0,Unknown
4526,0.0,Unknown
4527,0.0,Unknown
4528,0.0,Unknown
4529,0.0,Unknown
4530,0.0,Unknown
4531,0.0,Unknown
4532,0.0,Unknown
4534,0.0,Unknown
4535,0.0,Unknown
4536,0.0,Unknown
4537,0.0,Unknown
4538,0.0,Unknown
4540,0.0,Unknown
4541,0.0,Unknown
4542,0.0,Unknown
4543,0.0,Unknown
4544,0.0,Unknown
4545,0.0,Unknown
4547,0.0,Unknown
4548,0.0,Unknown
4549,0.0,Unknown
4550,0.0,Unknown
4551,0.0,Unknown
4552,0.0,Unknown
4553,0.0,Unknown
4554,0.0,Unknown
4555,0.0,Unknown
4557,0.0,Unknown
4558,0.0,Unknown
4559,0.0,Unknown
4560,0.0,Unknown
4561,0.0,Unknown
4562,0.0,Unknown
4563,0.0,Unknown
4564,0.0,Unknown
4565,0.0,Unknown
4566,0.0,Unknown
4567,0.0,Unknown
4568,0.0,Unknown
4569,0.0,Unknown
4570,0.0,Unknown
4571,0.0,Unknown
4572,0.0,Unknown
4574,0.0,Unknown
4576,0.0,Unknown
4577,0.0,Unknown
4578,0.0,Unknown
4580,0.0,Unknown
4581,0.0,Unknown
4582,0.0,Unknown
4583,0.0,Unknown
4585,0.0,Unknown
4586,0.0,Unknown
4587,0.0,Unknown
4588,0.0,Unknown
4589,0.0,Unknown
4590,0.0,Unknown
4591,0.0,Unknown
4592,0.0,Unknown
4593,0.0,Unknown
4594,0.0,Unknown
4595,0.0,Unknown
4596,0.0,Unknown
4597,0.0,Unknown
4598,0.0,Unknown
4599,0.0,Unknown
4600,0.0,Unknown
4601,0.0,Unknown
4602,0.0,Unknown
4603,0.0,Unknown
4604,0.0,Unknown
4605,0.0,Unknown
4606,0.0,Unknown
4607,0.0,Unknown
4608,0.0,Unknown
4609,0.0,Unknown
4610,0.0,Unknown
4611,0.0,Unknown
4613,0.0,Unknown
4614,0.0,Unknown
4616,0.0,Unknown
4617,0.0,Unknown
4618,0.0,Unknown
4619,0.0,Unknown
4621,0.0,Unknown
4622,0.0,Unknown
4623,0.0,Unknown
4624,0.0,Unknown
4625,0.0,Unknown
4626,0.0,Unknown
4627,0.0,Unknown
4628,0.0,Unknown
4629,0.0,Unknown
4630,0.0,Unknown
4631,0.0,Unknown
4632,0.0,Unknown
4633,0.0,Unknown
4634,0.0,Unknown
4635,0.0,Unknown
4636,0.0,Unknown
4637,0.0,Unknown
4638,0.0,Unknown
4639,0.0,Unknown
4640,0.0,Unknown
4641,0.0,Unknown
4642,0.0,Unknown
4643,0.0,Unknown
4644,0.0,Unknown
4645,0.0,Unknown
4646,0.0,Unknown
4647,0.0,Unknown
4648,0.0,Unknown
4649,0.0,Unknown
4650,0.0,Unknown
4651,0.0,Unknown
4652,0.0,Unknown
4653,0.0,Unknown
4654,0.0,Unknown
4655,0.0,Unknown
4656,0.0,Unknown
4657,0.0,Unknown
4658,0.0,Unknown
4659,0.0,Unknown
4660,0.0,Unknown
4662,0.0,Unknown
4663,0.0,Unknown
4664,0.0,Unknown
4665,0.0,Unknown
4666,0.0,Unknown
4668,0.0,Unknown
4669,0.0,Unknown
4670,0.0,Unknown
4671,0.0,Unknown
4672,0.0,Unknown
4673,0.0,Unknown
4674,0.0,Unknown
4675,0.0,Unknown
4676,0.0,Unknown
4677,0.0,Unknown
4678,0.0,Unknown
4679,0.0,Unknown
4680,0.0,Unknown
4681,0.0,Unknown
4682,0.0,Unknown
4684,0.0,Unknown
4685,0.0,Unknown
4686,0.0,Unknown
4687,0.0,Unknown
4688,0.0,Unknown
4689,0.0,Unknown
4690,0.0,Unknown
4691,0.0,Unknown
4692,0.0,Unknown
4693,0.0,Unknown
4694,0.0,Unknown
4695,0.0,Unknown
4696,0.0,Unknown
4697,0.0,Unknown
4698,0.0,Unknown
4699,0.0,Unknown
4700,0.0,Unknown
4701,0.0,Unknown
4702,0.0,Unknown
4703,0.0,Unknown
4704,0.0,Unknown
4705,0.0,Unknown
4706,0.0,Unknown
4707,0.0,Unknown
4708,0.0,Unknown
4709,0.0,Unknown
4710,0.0,Unknown
4711,0.0,Unknown
4712,0.0,Unknown
4714,0.0,Unknown
4715,0.0,Unknown
4717,0.0,Unknown
4718,0.0,Unknown
4719,0.0,Unknown
4720,0.0,Unknown
4721,0.0,Unknown
4723,0.0,Unknown
4725,0.0,Unknown
4726,0.0,Unknown
4727,0.0,Unknown
4728,0.0,Unknown
4731,0.0,Unknown
4733,0.0,Unknown
4735,0.0,Unknown
4736,0.0,Unknown
4737,0.0,Unknown
4738,0.0,Unknown
4739,0.0,Unknown
4740,0.0,Unknown
4741,0.0,Unknown
4742,0.0,Unknown
4743,0.0,Unknown
4744,0.0,Unknown
4745,0.0,Unknown
4746,0.0,Unknown
4747,0.0,Unknown
4748,0.0,Unknown
4749,0.0,Unknown
4750,0.0,Unknown
4751,0.0,Unknown
4753,0.0,Unknown
4754,0.0,Unknown
4755,0.0,Unknown
4756,0.0,Unknown
4757,0.0,Unknown
4758,0.0,Unknown
4759,0.0,Unknown
4760,0.0,Unknown
4761,0.0,Unknown
4762,0.0,Unknown
4763,0.0,Unknown
4764,0.0,Unknown
4765,0.0,Unknown
4766,0.0,Unknown
4767,0.0,Unknown
4768,0.0,Unknown
4769,0.0,Unknown
4770,0.0,Unknown
4771,0.0,Unknown
4772,0.0,Unknown
4773,0.0,Unknown
4774,0.0,Unknown
4775,0.0,Unknown
4776,0.0,Unknown
4777,0.0,Unknown
4778,0.0,Unknown
4780,0.0,Unknown
4781,0.0,Unknown
4782,0.0,Unknown
4783,0.0,Unknown
4784,0.0,Unknown
4785,0.0,Unknown
4786,0.0,Unknown
4787,0.0,Unknown
4788,0.0,Unknown
4789,0.0,Unknown
4790,0.0,Unknown
4791,0.0,Unknown
4792,0.0,Unknown
4793,0.0,Unknown
4794,0.0,Unknown
4796,0.0,Unknown
4797,0.0,Unknown
4798,0.0,Unknown
4799,0.0,Unknown
4800,0.0,Unknown
4801,0.0,Unknown
4802,0.0,Unknown
4803,0.0,Unknown
4804,0.0,Unknown
4805,0.0,Unknown
4806,0.0,Unknown
4807,0.0,Unknown
4809,0.0,Unknown
4810,0.0,Unknown
4811,0.0,Unknown
4812,0.0,Unknown
4813,0.0,Unknown
4814,0.0,Unknown
4815,0.0,Unknown
4816,0.0,Unknown
4817,0.0,Unknown
4818,0.0,Unknown
4819,0.0,Unknown
4820,0.0,Unknown
4821,0.0,Unknown
4822,0.0,Unknown
4823,0.0,Unknown
4824,0.0,Unknown
4825,0.0,Unknown
4826,0.0,Unknown
4828,0.0,Unknown
4829,0.0,Unknown
4830,0.0,Unknown
4831,0.0,Unknown
4832,0.0,Unknown
4833,0.0,Unknown
4834,0.0,Unknown
4835,0.0,Unknown
4836,0.0,Unknown
4837,0.0,Unknown
4838,0.0,Unknown
4839,0.0,Unknown
4840,0.0,Unknown
4841,0.0,Unknown
4842,0.0,Unknown
4843,0.0,Unknown
4844,0.0,Unknown
4845,0.0,Unknown
4846,0.0,Unknown
4847,0.0,Unknown
4848,0.0,Unknown
4849,0.0,Unknown
4850,0.0,Unknown
4851,0.0,Unknown
4852,0.0,Unknown
4853,0.0,Unknown
4854,0.0,Unknown
4855,0.0,Unknown
4856,0.0,Unknown
4857,0.0,Unknown
4858,0.0,Unknown
4859,0.0,Unknown
4860,0.0,Unknown
4861,0.0,Unknown
4862,0.0,Unknown
4863,0.0,Unknown
4864,0.0,Unknown
4865,0.0,Unknown
4866,0.0,Unknown
4867,0.0,Unknown
4868,0.0,Unknown
4869,0.0,Unknown
4870,0.0,Unknown
4871,0.0,Unknown
4872,0.0,Unknown
4873,0.0,Unknown
4875,0.0,Unknown
4876,0.0,Unknown
4877,0.0,Unknown
4878,0.0,Unknown
4879,0.0,Unknown
4880,0.0,Unknown
4883,0.0,Unknown
4884,0.0,Unknown
4885,0.0,Unknown
4886,0.0,Unknown
4888,0.0,Unknown
4889,0.0,Unknown
4890,0.0,Unknown
4891,0.0,Unknown
4892,0.0,Unknown
4893,0.0,Unknown
4894,0.0,Unknown
4895,0.0,Unknown
4896,0.0,Unknown
4897,0.0,Unknown
4898,0.0,Unknown
4899,0.0,Unknown
4900,0.0,Unknown
4901,0.0,Unknown
4902,0.0,Unknown
4903,0.0,Unknown
4904,0.0,Unknown
4906,0.0,Unknown
4907,0.0,Unknown
4908,0.0,Unknown
4909,0.0,Unknown
4910,0.0,Unknown
4911,0.0,Unknown
4912,0.0,Unknown
4913,0.0,Unknown
4914,0.0,Unknown
4915,0.0,Unknown
4916,0.0,Unknown
4917,0.0,Unknown
4918,0.0,Unknown
4919,0.0,Unknown
4920,0.0,Unknown
4921,0.0,Unknown
4922,0.0,Unknown
4923,0.0,Unknown
4924,0.0,Unknown
4925,0.0,Unknown
4926,0.0,Unknown
4927,0.0,Unknown
4928,0.0,Unknown
4929,0.0,Unknown
4930,0.0,Unknown
4931,0.0,Unknown
4932,0.0,Unknown
4933,0.0,Unknown
4934,0.0,Unknown
4935,0.0,Unknown
4936,0.0,Unknown
4937,0.0,Unknown
4938,0.0,Unknown
4939,0.0,Unknown
4940,0.0,Unknown
4941,0.0,Unknown
4942,0.0,Unknown
4943,0.0,Unknown
4944,0.0,Unknown
4945,0.0,Unknown
4946,0.0,Unknown
4947,0.0,Unknown
4948,0.0,Unknown
4949,0.0,Unknown
4950,0.0,Unknown
4953,0.0,Unknown
4954,0.0,Unknown
4955,0.0,Unknown
4956,0.0,Unknown
4957,0.0,Unknown
4958,0.0,Unknown
4959,0.0,Unknown
4960,0.0,Unknown
4962,0.0,Unknown
4963,0.0,Unknown
4964,0.0,Unknown
4965,0.0,Unknown
4966,0.0,Unknown
4967,0.0,Unknown
4968,0.0,Unknown
4969,0.0,Unknown
4970,0.0,Unknown
4971,0.0,Unknown
4973,0.0,Unknown
4974,0.0,Unknown
4975,0.0,Unknown
4976,0.0,Unknown
4977,0.0,Unknown
4978,0.0,Unknown
4979,0.0,Unknown
4980,0.0,Unknown
4981,0.0,Unknown
4982,0.0,Unknown
4983,0.0,Unknown
4984,0.0,Unknown
4985,0.0,Unknown
4986,0.0,Unknown
4987,0.0,Unknown
4988,0.0,Unknown
4989,0.0,Unknown
4991,0.0,Unknown
4992,0.0,Unknown
4994,0.0,Unknown
4996,0.0,Unknown
4997,0.0,Unknown
4998,0.0,Unknown
4999,0.0,Unknown
5000,0.0,Unknown
5001,0.0,Unknown
5002,0.0,Unknown
5003,0.0,Unknown
5004,0.0,Unknown
5005,0.0,Unknown
5006,0.0,Unknown
5007,0.0,Unknown
5008,0.0,Unknown
5009,0.0,Unknown
5010,0.0,Unknown
5011,0.0,Unknown
5012,0.0,Unknown
5013,0.0,Unknown
5014,0.0,Unknown
5015,0.0,Unknown
5016,0.0,Unknown
5017,0.0,Unknown
5018,0.0,Unknown
5019,0.0,Unknown
5020,0.0,Unknown
5021,0.0,Unknown
5022,0.0,Unknown
5023,0.0,Unknown
5024,0.0,Unknown
5025,0.0,Unknown
5026,0.0,Unknown
5027,0.0,Unknown
5028,0.0,Unknown
5029,0.0,Unknown
5030,0.0,Unknown
5031,0.0,Unknown
5033,0.0,Unknown
5034,0.0,Unknown
5035,0.0,Unknown
5036,0.0,Unknown
5037,0.0,Unknown
5038,0.0,Unknown
5039,0.0,Unknown
5040,0.0,Unknown
5041,0.0,Unknown
5042,0.0,Unknown
5043,0.0,Unknown
5044,0.0,Unknown
5045,0.0,Unknown
5046,0.0,Unknown
5047,0.0,Unknown
5048,0.0,Unknown
5050,0.0,Unknown
5051,0.0,Unknown
5053,0.0,Unknown
5054,0.0,Unknown
5055,0.0,Unknown
5056,0.0,Unknown
5057,0.0,Unknown
5058,0.0,Unknown
5059,0.0,Unknown
5060,0.0,Unknown
5061,0.0,Unknown
5062,0.0,Unknown
5063,0.0,Unknown
5064,0.0,Unknown
5065,0.0,Unknown
5067,0.0,Unknown
5068,0.0,Unknown
5069,0.0,Unknown
5070,0.0,Unknown
5071,0.0,Unknown
5072,0.0,Unknown
5073,0.0,Unknown
5074,0.0,Unknown
5075,0.0,Unknown
5076,0.0,Unknown
5077,0.0,Unknown
5078,0.0,Unknown
5079,0.0,Unknown
5080,0.0,Unknown
5081,0.0,Unknown
5082,0.0,Unknown
5083,0.0,Unknown
5084,0.0,Unknown
5085,0.0,Unknown
5086,0.0,Unknown
5087,0.0,Unknown
5088,0.0,Unknown
5089,0.0,Unknown
5090,0.0,Unknown
5091,0.0,Unknown
5092,0.0,Unknown
5093,0.0,Unknown
5094,0.0,Unknown
5095,0.0,Unknown
5096,0.0,Unknown
5097,0.0,Unknown
5098,0.0,Unknown
5099,0.0,Unknown
5100,0.0,Unknown
5101,0.0,Unknown
5102,0.0,Unknown
5103,0.0,Unknown
5104,0.0,Unknown
5105,0.0,Unknown
5106,0.0,Unknown
5107,0.0,Unknown
5108,0.0,Unknown
5109,0.0,Unknown
5110,0.0,Unknown
5111,0.0,Unknown
5112,0.0,Unknown
5113,0.0,Unknown
5114,0.0,Unknown
5115,0.0,Unknown
5116,0.0,Unknown
5117,0.0,Unknown
5118,0.0,Unknown
5119,0.0,Unknown
5120,0.0,Unknown
5121,0.0,Unknown
5123,0.0,Unknown
5125,0.0,Unknown
5126,0.0,Unknown
5127,0.0,Unknown
5128,0.0,Unknown
5129,0.0,Unknown
5130,0.0,Unknown
5131,0.0,Unknown
5132,0.0,Unknown
5133,0.0,Unknown
5134,0.0,Unknown
5135,0.0,Unknown
5136,0.0,Unknown
5137,0.0,Unknown
5138,0.0,Unknown
5139,0.0,Unknown
5140,0.0,Unknown
5141,0.0,Unknown
5143,0.0,Unknown
5144,0.0,Unknown
5145,0.0,Unknown
5146,0.0,Unknown
5147,0.0,Unknown
5148,0.0,Unknown
5149,0.0,Unknown
5150,0.0,Unknown
5151,0.0,Unknown
5152,0.0,Unknown
5153,0.0,Unknown
5154,0.0,Unknown
5155,0.0,Unknown
5156,0.0,Unknown
5157,0.0,Unknown
5158,0.0,Unknown
5159,0.0,Unknown
5161,0.0,Unknown
5162,0.0,Unknown
5163,0.0,Unknown
5164,0.0,Unknown
5165,0.0,Unknown
5166,0.0,Unknown
5167,0.0,Unknown
5168,0.0,Unknown
5169,0.0,Unknown
5170,0.0,Unknown
5171,0.0,Unknown
5172,0.0,Unknown
5173,0.0,Unknown
5174,0.0,Unknown
5175,0.0,Unknown
5176,0.0,Unknown
5178,0.0,Unknown
5179,0.0,Unknown
5180,0.0,Unknown
5181,0.0,Unknown
5182,0.0,Unknown
5183,0.0,Unknown
5184,0.0,Unknown
5185,0.0,Unknown
5186,0.0,Unknown
5187,0.0,Unknown
5188,0.0,Unknown
5190,0.0,Unknown
5191,0.0,Unknown
5192,0.0,Unknown
5193,0.0,Unknown
5194,0.0,Unknown
5195,0.0,Unknown
5196,0.0,Unknown
5197,0.0,Unknown
5198,0.0,Unknown
5199,0.0,Unknown
5200,0.0,Unknown
5201,0.0,Unknown
5202,0.0,Unknown
5203,0.0,Unknown
5204,0.0,Unknown
5205,0.0,Unknown
5206,0.0,Unknown
5207,0.0,Unknown
5208,0.0,Unknown
5209,0.0,Unknown
5210,0.0,Unknown
5211,0.0,Unknown
5212,0.0,Unknown
5213,0.0,Unknown
5214,0.0,Unknown
5215,0.0,Unknown
5216,0.0,Unknown
5217,0.0,Unknown
5218,0.0,Unknown
5219,0.0,Unknown
5220,0.0,Unknown
5222,0.0,Unknown
5223,0.0,Unknown
5224,0.0,Unknown
5225,0.0,Unknown
5226,0.0,Unknown
5227,0.0,Unknown
5228,0.0,Unknown
5229,0.0,Unknown
5231,0.0,Unknown
5232,0.0,Unknown
5233,0.0,Unknown
5234,0.0,Unknown
5235,0.0,Unknown
5236,0.0,Unknown
5237,0.0,Unknown
5238,0.0,Unknown
5239,0.0,Unknown
5240,0.0,Unknown
5241,0.0,Unknown
5242,0.0,Unknown
5243,0.0,Unknown
5244,0.0,Unknown
5245,0.0,Unknown
5246,0.0,Unknown
5247,0.0,Unknown
5248,0.0,Unknown
5249,0.0,Unknown
5250,0.0,Unknown
5252,0.0,Unknown
5253,0.0,Unknown
5254,0.0,Unknown
5255,0.0,Unknown
5256,0.0,Unknown
5257,0.0,Unknown
5258,0.0,Unknown
5259,0.0,Unknown
5260,0.0,Unknown
5261,0.0,Unknown
5262,0.0,Unknown
5263,0.0,Unknown
5264,0.0,Unknown
5265,0.0,Unknown
5266,0.0,Unknown
5267,0.0,Unknown
5268,0.0,Unknown
5269,0.0,Unknown
5270,0.0,Unknown
5271,0.0,Unknown
5272,0.0,Unknown
5273,0.0,Unknown
5274,0.0,Unknown
5275,0.0,Unknown
5276,0.0,Unknown
5277,0.0,Unknown
5278,0.0,Unknown
5279,0.0,Unknown
5280,0.0,Unknown
5281,0.0,Unknown
5282,0.0,Unknown
5283,0.0,Unknown
5284,0.0,Unknown
5285,0.0,Unknown
5286,0.0,Unknown
5287,0.0,Unknown
5288,0.0,Unknown
5289,0.0,Unknown
5290,0.0,Unknown
5291,0.0,Unknown
5292,0.0,Unknown
5293,0.0,Unknown
5294,0.0,Unknown
5295,0.0,Unknown
5296,0.0,Unknown
5297,0.0,Unknown
5298,0.0,Unknown
5299,0.0,Unknown
5300,0.0,Unknown
5301,0.0,Unknown
5302,0.0,Unknown
5303,0.0,Unknown
5304,0.0,Unknown
5305,0.0,Unknown
5306,0.0,Unknown
5307,0.0,Unknown
5308,0.0,Unknown
5309,0.0,Unknown
5310,0.0,Unknown
5311,0.0,Unknown
5312,0.0,Unknown
5313,0.0,Unknown
5314,0.0,Unknown
5315,0.0,Unknown
5316,0.0,Unknown
5317,0.0,Unknown
5318,0.0,Unknown
5319,0.0,Unknown
5320,0.0,Unknown
5321,0.0,Unknown
5323,0.0,Unknown
5324,0.0,Unknown
5325,0.0,Unknown
5326,0.0,Unknown
5327,0.0,Unknown
5328,0.0,Unknown
5329,0.0,Unknown
5330,0.0,Unknown
5331,0.0,Unknown
5332,0.0,Unknown
5333,0.0,Unknown
5334,0.0,Unknown
5335,0.0,Unknown
5336,0.0,Unknown
5337,0.0,Unknown
5338,0.0,Unknown
5339,0.0,Unknown
5340,0.0,Unknown
5341,0.0,Unknown
5342,0.0,Unknown
5343,0.0,Unknown
5344,0.0,Unknown
5345,0.0,Unknown
5346,0.0,Unknown
5347,0.0,Unknown
5348,0.0,Unknown
5349,0.0,Unknown
5350,0.0,Unknown
5351,0.0,Unknown
5352,0.0,Unknown
5353,0.0,Unknown
5355,0.0,Unknown
5356,0.0,Unknown
5357,0.0,Unknown
5358,0.0,Unknown
5359,0.0,Unknown
5360,0.0,Unknown
5361,0.0,Unknown
5362,0.0,Unknown
5363,0.0,Unknown
5364,0.0,Unknown
5365,0.0,Unknown
5366,0.0,Unknown
5367,0.0,Unknown
5368,0.0,Unknown
5369,0.0,Unknown
5371,0.0,Unknown
5372,0.0,Unknown
5373,0.0,Unknown
5374,0.0,Unknown
5375,0.0,Unknown
5376,0.0,Unknown
5377,0.0,Unknown
5378,0.0,Unknown
5379,0.0,Unknown
5380,0.0,Unknown
5381,0.0,Unknown
5382,0.0,Unknown
5383,0.0,Unknown
5384,0.0,Unknown
5385,0.0,Unknown
5386,0.0,Unknown
5387,0.0,Unknown
5388,0.0,Unknown
5389,0.0,Unknown
5390,0.0,Unknown
5391,0.0,Unknown
5392,0.0,Unknown
5393,0.0,Unknown
5394,0.0,Unknown
5395,0.0,Unknown
5396,0.0,Unknown
5397,0.0,Unknown
5398,0.0,Unknown
5400,0.0,Unknown
5401,0.0,Unknown
5403,0.0,Unknown
5404,0.0,Unknown
5405,0.0,Unknown
5406,0.0,Unknown
5407,0.0,Unknown
5408,0.0,Unknown
5409,0.0,Unknown
5410,0.0,Unknown
5411,0.0,Unknown
5412,0.0,Unknown
5413,0.0,Unknown
5414,0.0,Unknown
5415,0.0,Unknown
5416,0.0,Unknown
5417,0.0,Unknown
5418,0.0,Unknown
5419,0.0,Unknown
5420,0.0,Unknown
5421,0.0,Unknown
5422,0.0,Unknown
5423,0.0,Unknown
5424,0.0,Unknown
5425,0.0,Unknown
5427,0.0,Unknown
5428,0.0,Unknown
5429,0.0,Unknown
5430,0.0,Unknown
5431,0.0,Unknown
5432,0.0,Unknown
5434,0.0,Unknown
5435,0.0,Unknown
5436,0.0,Unknown
5438,0.0,Unknown
5439,0.0,Unknown
5440,0.0,Unknown
5441,0.0,Unknown
5442,0.0,Unknown
5443,0.0,Unknown
5444,0.0,Unknown
5445,0.0,Unknown
5446,0.0,Unknown
5447,0.0,Unknown
5448,0.0,Unknown
5449,0.0,Unknown
5450,0.0,Unknown
5451,0.0,Unknown
5452,0.0,Unknown
5453,0.0,Unknown
5454,0.0,Unknown
5455,0.0,Unknown
5456,0.0,Unknown
5457,0.0,Unknown
5458,0.0,Unknown
5459,0.0,Unknown
5460,0.0,Unknown
5462,0.0,Unknown
5463,0.0,Unknown
5464,0.0,Unknown
5465,0.0,Unknown
5466,0.0,Unknown
5467,0.0,Unknown
5468,0.0,Unknown
5469,0.0,Unknown
5470,0.0,Unknown
5471,0.0,Unknown
5472,0.0,Unknown
5473,0.0,Unknown
5474,0.0,Unknown
5475,0.0,Unknown
5476,0.0,Unknown
5477,0.0,Unknown
5478,0.0,Unknown
5479,0.0,Unknown
5480,0.0,Unknown
5481,0.0,Unknown
5484,0.0,Unknown
5485,0.0,Unknown
5486,0.0,Unknown
5488,0.0,Unknown
5489,0.0,Unknown
5490,0.0,Unknown
5491,0.0,Unknown
5492,0.0,Unknown
5493,0.0,Unknown
5494,0.0,Unknown
5495,0.0,Unknown
5496,0.0,Unknown
5497,0.0,Unknown
5498,0.0,Unknown
5499,0.0,Unknown
5500,0.0,Unknown
5501,0.0,Unknown
5502,0.0,Unknown
5503,0.0,Unknown
5504,0.0,Unknown
5505,0.0,Unknown
5506,0.0,Unknown
5507,0.0,Unknown
5508,0.0,Unknown
5509,0.0,Unknown
5510,0.0,Unknown
5511,0.0,Unknown
5512,0.0,Unknown
5513,0.0,Unknown
5514,0.0,Unknown
5515,0.0,Unknown
5516,0.0,Unknown
5517,0.0,Unknown
5518,0.0,Unknown
5519,0.0,Unknown
5520,0.0,Unknown
5521,0.0,Unknown
5522,0.0,Unknown
5523,0.0,Unknown
5524,0.0,Unknown
5525,0.0,Unknown
5526,0.0,Unknown
5528,0.0,Unknown
5530,0.0,Unknown
5531,0.0,Unknown
5532,0.0,Unknown
5533,0.0,Unknown
5534,0.0,Unknown
5535,0.0,Unknown
5536,0.0,Unknown
5537,0.0,Unknown
5538,0.0,Unknown
5539,0.0,Unknown
5540,0.0,Unknown
5541,0.0,Unknown
5542,0.0,Unknown
5543,0.0,Unknown
5544,0.0,Unknown
5545,0.0,Unknown
5546,0.0,Unknown
5547,0.0,Unknown
5548,0.0,Unknown
5549,0.0,Unknown
5551,0.0,Unknown
5552,0.0,Unknown
5553,0.0,Unknown
5554,0.0,Unknown
5555,0.0,Unknown
5556,0.0,Unknown
5558,0.0,Unknown
5561,0.0,Unknown
5562,0.0,Unknown
5564,0.0,Unknown
5565,0.0,Unknown
5566,0.0,Unknown
5567,0.0,Unknown
5568,0.0,Unknown
5569,0.0,Unknown
5570,0.0,Unknown
5571,0.0,Unknown
5572,0.0,Unknown
5573,0.0,Unknown
5574,0.0,Unknown
5575,0.0,Unknown
5576,0.0,Unknown
5577,0.0,Unknown
5578,0.0,Unknown
5579,0.0,Unknown
5580,0.0,Unknown
5581,0.0,Unknown
5582,0.0,Unknown
5583,0.0,Unknown
5584,0.0,Unknown
5585,0.0,Unknown
5586,0.0,Unknown
5587,0.0,Unknown
5588,0.0,Unknown
5589,0.0,Unknown
5591,0.0,Unknown
5592,0.0,Unknown
5593,0.0,Unknown
5594,0.0,Unknown
5595,0.0,Unknown
5597,0.0,Unknown
5598,0.0,Unknown
5599,0.0,Unknown
5600,0.0,Unknown
5601,0.0,Unknown
5602,0.0,Unknown
5603,0.0,Unknown
5604,0.0,Unknown
5605,0.0,Unknown
5606,0.0,Unknown
5607,0.0,Unknown
5608,0.0,Unknown
5609,0.0,Unknown
5610,0.0,Unknown
5611,0.0,Unknown
5612,0.0,Unknown
5613,0.0,Unknown
5614,0.0,Unknown
5615,0.0,Unknown
5616,0.0,Unknown
5617,0.0,Unknown
5619,0.0,Unknown
5620,0.0,Unknown
5621,0.0,Unknown
5622,0.0,Unknown
5623,0.0,Unknown
5625,0.0,Unknown
5626,0.0,Unknown
5627,0.0,Unknown
5628,0.0,Unknown
5629,0.0,Unknown
5630,0.0,Unknown
5631,0.0,Unknown
5632,0.0,Unknown
5633,0.0,Unknown
5634,0.0,Unknown
5637,0.0,Unknown
5638,0.0,Unknown
5639,0.0,Unknown
5640,0.0,Unknown
5641,0.0,Unknown
5642,0.0,Unknown
5643,0.0,Unknown
5644,0.0,Unknown
5645,0.0,Unknown
5646,0.0,Unknown
5647,0.0,Unknown
5648,0.0,Unknown
5649,0.0,Unknown
5650,0.0,Unknown
5651,0.0,Unknown
5652,0.0,Unknown
5653,0.0,Unknown
5654,0.0,Unknown
5655,0.0,Unknown
5656,0.0,Unknown
5657,0.0,Unknown
5658,0.0,Unknown
5659,0.0,Unknown
5660,0.0,Unknown
5661,0.0,Unknown
5663,0.0,Unknown
5664,0.0,Unknown
5665,0.0,Unknown
5666,0.0,Unknown
5667,0.0,Unknown
5668,0.0,Unknown
5669,0.0,Unknown
5670,0.0,Unknown
5671,0.0,Unknown
5672,0.0,Unknown
5673,0.0,Unknown
5674,0.0,Unknown
5675,0.0,Unknown
5676,0.0,Unknown
5677,0.0,Unknown
5678,0.0,Unknown
5679,0.0,Unknown
5680,0.0,Unknown
5681,0.0,Unknown
5682,0.0,Unknown
5684,0.0,Unknown
5685,0.0,Unknown
5686,0.0,Unknown
5687,0.0,Unknown
5688,0.0,Unknown
5689,0.0,Unknown
5690,0.0,Unknown
5691,0.0,Unknown
5692,0.0,Unknown
5693,0.0,Unknown
5694,0.0,Unknown
5695,0.0,Unknown
5696,0.0,Unknown
5697,0.0,Unknown
5698,0.0,Unknown
5699,0.0,Unknown
5700,0.0,Unknown
5701,0.0,Unknown
5703,0.0,Unknown
5704,0.0,Unknown
5705,0.0,Unknown
5706,0.0,Unknown
5707,0.0,Unknown
5708,0.0,Unknown
5709,0.0,Unknown
5711,0.0,Unknown
5712,0.0,Unknown
5713,0.0,Unknown
5714,0.0,Unknown
5715,0.0,Unknown
5716,0.0,Unknown
5717,0.0,Unknown
5718,0.0,Unknown
5719,0.0,Unknown
5720,0.0,Unknown
5721,0.0,Unknown
5722,0.0,Unknown
5723,0.0,Unknown
5724,0.0,Unknown
5725,0.0,Unknown
5726,0.0,Unknown
5727,0.0,Unknown
5728,0.0,Unknown
5729,0.0,Unknown
5730,0.0,Unknown
5731,0.0,Unknown
5732,0.0,Unknown
5733,0.0,Unknown
5734,0.0,Unknown
5735,0.0,Unknown
5736,0.0,Unknown
5737,0.0,Unknown
5738,0.0,Unknown
5739,0.0,Unknown
5740,0.0,Unknown
5741,0.0,Unknown
5742,0.0,Unknown
5743,0.0,Unknown
5744,0.0,Unknown
5745,0.0,Unknown
5747,0.0,Unknown
5748,0.0,Unknown
5749,0.0,Unknown
5750,0.0,Unknown
5751,0.0,Unknown
5752,0.0,Unknown
5753,0.0,Unknown
5754,0.0,Unknown
5755,0.0,Unknown
5756,0.0,Unknown
5757,0.0,Unknown
5758,0.0,Unknown
5759,0.0,Unknown
5760,0.0,Unknown
5761,0.0,Unknown
5762,0.0,Unknown
5763,0.0,Unknown
5764,0.0,Unknown
5765,0.0,Unknown
5766,0.0,Unknown
5767,0.0,Unknown
5768,0.0,Unknown
5769,0.0,Unknown
5770,0.0,Unknown
5771,0.0,Unknown
5772,0.0,Unknown
5773,0.0,Unknown
5774,0.0,Unknown
5775,0.0,Unknown
5776,0.0,Unknown
5777,0.0,Unknown
5778,0.0,Unknown
5779,0.0,Unknown
5780,0.0,Unknown
5781,0.0,Unknown
5782,0.0,Unknown
5783,0.0,Unknown
5784,0.0,Unknown
5785,0.0,Unknown
5786,0.0,Unknown
5787,0.0,Unknown
5788,0.0,Unknown
5789,0.0,Unknown
5790,0.0,Unknown
5791,0.0,Unknown
5792,0.0,Unknown
5793,0.0,Unknown
5794,0.0,Unknown
5795,0.0,Unknown
5796,0.0,Unknown
5797,0.0,Unknown
5798,0.0,Unknown
5799,0.0,Unknown
5800,0.0,Unknown
5801,0.0,Unknown
5802,0.0,Unknown
5803,0.0,Unknown
5804,0.0,Unknown
5805,0.0,Unknown
5806,0.0,Unknown
5807,0.0,Unknown
5808,0.0,Unknown
5809,0.0,Unknown
5810,0.0,Unknown
5811,0.0,Unknown
5812,0.0,Unknown
5813,0.0,Unknown
5814,0.0,Unknown
5815,0.0,Unknown
5816,0.0,Unknown
5820,0.0,Unknown
5821,0.0,Unknown
5822,0.0,Unknown
5823,0.0,Unknown
5824,0.0,Unknown
5825,0.0,Unknown
5826,0.0,Unknown
5827,0.0,Unknown
5828,0.0,Unknown
5829,0.0,Unknown
5830,0.0,Unknown
5831,0.0,Unknown
5832,0.0,Unknown
5833,0.0,Unknown
5834,0.0,Unknown
5835,0.0,Unknown
5836,0.0,Unknown
5837,0.0,Unknown
5838,0.0,Unknown
5839,0.0,Unknown
5840,0.0,Unknown
5841,0.0,Unknown
5842,0.0,Unknown
5843,0.0,Unknown
5844,0.0,Unknown
5845,0.0,Unknown
5846,0.0,Unknown
5847,0.0,Unknown
5848,0.0,Unknown
5849,0.0,Unknown
5850,0.0,Unknown
5851,0.0,Unknown
5852,0.0,Unknown
5853,0.0,Unknown
5854,0.0,Unknown
5855,0.0,Unknown
5856,0.0,Unknown
5857,0.0,Unknown
5858,0.0,Unknown
5859,0.0,Unknown
5860,0.0,Unknown
5861,0.0,Unknown
5862,0.0,Unknown
5864,0.0,Unknown
5865,0.0,Unknown
5866,0.0,Unknown
5867,0.0,Unknown
5868,0.0,Unknown
5869,0.0,Unknown
5870,0.0,Unknown
5871,0.0,Unknown
5872,0.0,Unknown
5873,0.0,Unknown
5874,0.0,Unknown
5876,0.0,Unknown
5877,0.0,Unknown
5878,0.0,Unknown
5879,0.0,Unknown
5881,0.0,Unknown
5882,0.0,Unknown
5883,0.0,Unknown
5885,0.0,Unknown
5886,0.0,Unknown
5887,0.0,Unknown
5889,0.0,Unknown
5890,0.0,Unknown
5891,0.0,Unknown
5892,0.0,Unknown
5893,0.0,Unknown
5895,0.0,Unknown
5896,0.0,Unknown
5897,0.0,Unknown
5898,0.0,Unknown
5899,0.0,Unknown
5900,0.0,Unknown
5901,0.0,Unknown
5902,0.0,Unknown
5903,0.0,Unknown
5905,0.0,Unknown
5906,0.0,Unknown
5907,0.0,Unknown
5908,0.0,Unknown
5909,0.0,Unknown
5910,0.0,Unknown
5912,0.0,Unknown
5913,0.0,Unknown
5914,0.0,Unknown
5915,0.0,Unknown
5916,0.0,Unknown
5917,0.0,Unknown
5918,0.0,Unknown
5919,0.0,Unknown
5920,0.0,Unknown
5921,0.0,Unknown
5922,0.0,Unknown
5923,0.0,Unknown
5924,0.0,Unknown
5925,0.0,Unknown
5926,0.0,Unknown
5927,0.0,Unknown
5928,0.0,Unknown
5929,0.0,Unknown
5930,0.0,Unknown
5932,0.0,Unknown
5933,0.0,Unknown
5934,0.0,Unknown
5935,0.0,Unknown
5936,0.0,Unknown
5937,0.0,Unknown
5938,0.0,Unknown
5940,0.0,Unknown
5941,0.0,Unknown
5942,0.0,Unknown
5943,0.0,Unknown
5944,0.0,Unknown
5945,0.0,Unknown
5946,0.0,Unknown
5947,0.0,Unknown
5948,0.0,Unknown
5949,0.0,Unknown
5950,0.0,Unknown
5951,0.0,Unknown
5952,0.0,Unknown
5953,0.0,Unknown
5954,0.0,Unknown
5955,0.0,Unknown
5956,0.0,Unknown
5957,0.0,Unknown
5958,0.0,Unknown
5959,0.0,Unknown
5960,0.0,Unknown
5962,0.0,Unknown
5963,0.0,Unknown
5964,0.0,Unknown
5965,0.0,Unknown
5966,0.0,Unknown
5967,0.0,Unknown
5968,0.0,Unknown
5969,0.0,Unknown
5970,0.0,Unknown
5971,0.0,Unknown
5972,0.0,Unknown
5973,0.0,Unknown
5974,0.0,Unknown
5975,0.0,Unknown
5976,0.0,Unknown
5977,0.0,Unknown
5978,0.0,Unknown
5980,0.0,Unknown
5981,0.0,Unknown
5985,0.0,Unknown
5986,0.0,Unknown
5987,0.0,Unknown
5988,0.0,Unknown
5989,0.0,Unknown
5990,0.0,Unknown
5991,0.0,Unknown
5992,0.0,Unknown
5993,0.0,Unknown
5994,0.0,Unknown
5995,0.0,Unknown
5996,0.0,Unknown
5997,0.0,Unknown
5998,0.0,Unknown
6000,0.0,Unknown
6001,0.0,Unknown
6002,0.0,Unknown
6003,0.0,Unknown
6004,0.0,Unknown
6005,0.0,Unknown
6007,0.0,Unknown
6008,0.0,Unknown
6010,0.0,Unknown
6011,0.0,Unknown
6012,0.0,Unknown
6013,0.0,Unknown
6015,0.0,Unknown
6016,0.0,Unknown
6017,0.0,Unknown
6018,0.0,Unknown
6019,0.0,Unknown
6020,0.0,Unknown
6021,0.0,Unknown
6022,0.0,Unknown
6023,0.0,Unknown
6024,0.0,Unknown
6025,0.0,Unknown
6026,0.0,Unknown
6027,0.0,Unknown
6028,0.0,Unknown
6029,0.0,Unknown
6030,0.0,Unknown
6032,0.0,Unknown
6033,0.0,Unknown
6034,0.0,Unknown
6035,0.0,Unknown
6036,0.0,Unknown
6037,0.0,Unknown
6038,0.0,Unknown
6039,0.0,Unknown
6040,0.0,Unknown
6041,0.0,Unknown
6042,0.0,Unknown
6043,0.0,Unknown
6044,0.0,Unknown
6045,0.0,Unknown
6046,0.0,Unknown
6047,0.0,Unknown
6048,0.0,Unknown
6049,0.0,Unknown
6050,0.0,Unknown
6051,0.0,Unknown
6052,0.0,Unknown
6053,0.0,Unknown
6054,0.0,Unknown
6055,0.0,Unknown
6056,0.0,Unknown
6057,0.0,Unknown
6058,0.0,Unknown
6059,0.0,Unknown
6060,0.0,Unknown
6061,0.0,Unknown
6062,0.0,Unknown
6063,0.0,Unknown
6064,0.0,Unknown
6065,0.0,Unknown
6066,0.0,Unknown
6067,0.0,Unknown
6068,0.0,Unknown
6069,0.0,Unknown
6070,0.0,Unknown
6071,0.0,Unknown
6072,0.0,Unknown
6073,0.0,Unknown
6074,0.0,Unknown
6075,0.0,Unknown
6076,0.0,Unknown
6077,0.0,Unknown
6078,0.0,Unknown
6079,0.0,Unknown
6080,0.0,Unknown
6081,0.0,Unknown
6082,0.0,Unknown
6083,0.0,Unknown
6084,0.0,Unknown
6085,0.0,Unknown
6089,0.0,Unknown
6090,0.0,Unknown
6091,0.0,Unknown
6094,0.0,Unknown
6095,0.0,Unknown
6096,0.0,Unknown
6097,0.0,Unknown
6098,0.0,Unknown
6099,0.0,Unknown
6100,0.0,Unknown
6101,0.0,Unknown
6102,0.0,Unknown
6103,0.0,Unknown
6104,0.0,Unknown
6105,0.0,Unknown
6106,0.0,Unknown
6107,0.0,Unknown
6108,0.0,Unknown
6109,0.0,Unknown
6110,0.0,Unknown
6111,0.0,Unknown
6112,0.0,Unknown
6113,0.0,Unknown
6114,0.0,Unknown
6115,0.0,Unknown
6116,0.0,Unknown
6117,0.0,Unknown
6118,0.0,Unknown
6119,0.0,Unknown
6120,0.0,Unknown
6121,0.0,Unknown
6122,0.0,Unknown
6123,0.0,Unknown
6124,0.0,Unknown
6125,0.0,Unknown
6126,0.0,Unknown
6127,0.0,Unknown
6128,0.0,Unknown
6129,0.0,Unknown
6130,0.0,Unknown
6131,0.0,Unknown
6132,0.0,Unknown
6133,0.0,Unknown
6134,0.0,Unknown
6136,0.0,Unknown
6137,0.0,Unknown
6138,0.0,Unknown
6139,0.0,Unknown
6140,0.0,Unknown
6141,0.0,Unknown
6142,0.0,Unknown
6143,0.0,Unknown
6144,0.0,Unknown
6145,0.0,Unknown
6146,0.0,Unknown
6147,0.0,Unknown
6148,0.0,Unknown
6149,0.0,Unknown
6150,0.0,Unknown
6151,0.0,Unknown
6152,0.0,Unknown
6153,0.0,Unknown
6155,0.0,Unknown
6156,0.0,Unknown
6157,0.0,Unknown
6158,0.0,Unknown
6159,0.0,Unknown
6160,0.0,Unknown
6161,0.0,Unknown
6162,0.0,Unknown
6164,0.0,Unknown
6165,0.0,Unknown
6166,0.0,Unknown
6167,0.0,Unknown
6168,0.0,Unknown
6169,0.0,Unknown
6170,0.0,Unknown
6171,0.0,Unknown
6172,0.0,Unknown
6173,0.0,Unknown
6174,0.0,Unknown
6176,0.0,Unknown
6177,0.0,Unknown
6178,0.0,Unknown
6179,0.0,Unknown
6180,0.0,Unknown
6181,0.0,Unknown
6183,0.0,Unknown
6184,0.0,Unknown
6185,0.0,Unknown
6186,0.0,Unknown
6187,0.0,Unknown
6188,0.0,Unknown
6189,0.0,Unknown
6190,0.0,Unknown
6191,0.0,Unknown
6192,0.0,Unknown
6193,0.0,Unknown
6194,0.0,Unknown
6196,0.0,Unknown
6197,0.0,Unknown
6198,0.0,Unknown
6199,0.0,Unknown
6200,0.0,Unknown
6201,0.0,Unknown
6202,0.0,Unknown
6203,0.0,Unknown
6204,0.0,Unknown
6205,0.0,Unknown
6206,0.0,Unknown
6207,0.0,Unknown
6208,0.0,Unknown
6209,0.0,Unknown
6211,0.0,Unknown
6212,0.0,Unknown
6213,0.0,Unknown
6214,0.0,Unknown
6215,0.0,Unknown
6216,0.0,Unknown
6217,0.0,Unknown
6218,0.0,Unknown
6219,0.0,Unknown
6220,0.0,Unknown
6221,0.0,Unknown
6222,0.0,Unknown
6223,0.0,Unknown
6224,0.0,Unknown
6225,0.0,Unknown
6226,0.0,Unknown
6227,0.0,Unknown
6228,0.0,Unknown
6229,0.0,Unknown
6231,0.0,Unknown
6232,0.0,Unknown
6233,0.0,Unknown
6234,0.0,Unknown
6235,0.0,Unknown
6236,0.0,Unknown
6237,0.0,Unknown
6238,0.0,Unknown
6239,0.0,Unknown
6240,0.0,Unknown
6241,0.0,Unknown
6242,0.0,Unknown
6243,0.0,Unknown
6244,0.0,Unknown
6245,0.0,Unknown
6247,0.0,Unknown
6248,0.0,Unknown
6249,0.0,Unknown
6250,0.0,Unknown
6251,0.0,Unknown
6252,0.0,Unknown
6253,0.0,Unknown
6254,0.0,Unknown
6255,0.0,Unknown
6256,0.0,Unknown
6257,0.0,Unknown
6258,0.0,Unknown
6259,0.0,Unknown
6260,0.0,Unknown
6261,0.0,Unknown
6262,0.0,Unknown
6263,0.0,Unknown
6265,0.0,Unknown
6266,0.0,Unknown
6267,0.0,Unknown
6268,0.0,Unknown
6269,0.0,Unknown
6270,0.0,Unknown
6272,0.0,Unknown
6273,0.0,Unknown
6274,0.0,Unknown
6275,0.0,Unknown
6276,0.0,Unknown
6277,0.0,Unknown
6278,0.0,Unknown
6279,0.0,Unknown
6280,0.0,Unknown
6281,0.0,Unknown
6282,0.0,Unknown
6283,0.0,Unknown
6284,0.0,Unknown
6285,0.0,Unknown
6286,0.0,Unknown
6287,0.0,Unknown
6288,0.0,Unknown
6289,0.0,Unknown
6290,0.0,Unknown
6291,0.0,Unknown
6292,0.0,Unknown
6294,0.0,Unknown
6295,0.0,Unknown
6296,0.0,Unknown
6297,0.0,Unknown
6298,0.0,Unknown
6299,0.0,Unknown
6301,0.0,Unknown
6302,0.0,Unknown
6303,0.0,Unknown
6304,0.0,Unknown
6305,0.0,Unknown
6306,0.0,Unknown
6308,0.0,Unknown
6310,0.0,Unknown
6311,0.0,Unknown
6312,0.0,Unknown
6313,0.0,Unknown
6314,0.0,Unknown
6315,0.0,Unknown
6316,0.0,Unknown
6317,0.0,Unknown
6318,0.0,Unknown
6319,0.0,Unknown
6320,0.0,Unknown
6321,0.0,Unknown
6322,0.0,Unknown
6323,0.0,Unknown
6324,0.0,Unknown
6325,0.0,Unknown
6326,0.0,Unknown
6327,0.0,Unknown
6328,0.0,Unknown
6329,0.0,Unknown
6330,0.0,Unknown
6332,0.0,Unknown
6333,0.0,Unknown
6334,0.0,Unknown
6335,0.0,Unknown
6336,0.0,Unknown
6337,0.0,Unknown
6338,0.0,Unknown
6339,0.0,Unknown
6340,0.0,Unknown
6342,0.0,Unknown
6343,0.0,Unknown
6344,0.0,Unknown
6345,0.0,Unknown
6346,0.0,Unknown
6347,0.0,Unknown
6348,0.0,Unknown
6349,0.0,Unknown
6350,0.0,Unknown
6351,0.0,Unknown
6352,0.0,Unknown
6353,0.0,Unknown
6354,0.0,Unknown
6355,0.0,Unknown
6356,0.0,Unknown
6357,0.0,Unknown
6358,0.0,Unknown
6359,0.0,Unknown
6360,0.0,Unknown
6361,0.0,Unknown
6362,0.0,Unknown
6363,0.0,Unknown
6364,0.0,Unknown
6365,0.0,Unknown
6366,0.0,Unknown
6367,0.0,Unknown
6368,0.0,Unknown
6369,0.0,Unknown
6370,0.0,Unknown
6372,0.0,Unknown
6373,0.0,Unknown
6374,0.0,Unknown
6375,0.0,Unknown
6376,0.0,Unknown
6377,0.0,Unknown
6378,0.0,Unknown
6379,0.0,Unknown
6380,0.0,Unknown
6381,0.0,Unknown
6382,0.0,Unknown
6383,0.0,Unknown
6384,0.0,Unknown
6385,0.0,Unknown
6386,0.0,Unknown
6387,0.0,Unknown
6388,0.0,Unknown
6389,0.0,Unknown
6390,0.0,Unknown
6391,0.0,Unknown
6392,0.0,Unknown
6393,0.0,Unknown
6394,0.0,Unknown
6395,0.0,Unknown
6396,0.0,Unknown
6397,0.0,Unknown
6398,0.0,Unknown
6399,0.0,Unknown
6400,0.0,Unknown
6401,0.0,Unknown
6402,0.0,Unknown
6403,0.0,Unknown
6404,0.0,Unknown
6405,0.0,Unknown
6406,0.0,Unknown
6407,0.0,Unknown
6408,0.0,Unknown
6409,0.0,Unknown
6410,0.0,Unknown
6411,0.0,Unknown
6412,0.0,Unknown
6413,0.0,Unknown
6414,0.0,Unknown
6415,0.0,Unknown
6416,0.0,Unknown
6417,0.0,Unknown
6418,0.0,Unknown
6419,0.0,Unknown
6420,0.0,Unknown
6421,0.0,Unknown
6422,0.0,Unknown
6423,0.0,Unknown
6424,0.0,Unknown
6425,0.0,Unknown
6426,0.0,Unknown
6427,0.0,Unknown
6428,0.0,Unknown
6430,0.0,Unknown
6431,0.0,Unknown
6432,0.0,Unknown
6434,0.0,Unknown
6435,0.0,Unknown
6436,0.0,Unknown
6437,0.0,Unknown
6438,0.0,Unknown
6439,0.0,Unknown
6440,0.0,Unknown
6441,0.0,Unknown
6442,0.0,Unknown
6443,0.0,Unknown
6444,0.0,Unknown
6445,0.0,Unknown
6446,0.0,Unknown
6447,0.0,Unknown
6448,0.0,Unknown
6449,0.0,Unknown
6450,0.0,Unknown
6451,0.0,Unknown
6452,0.0,Unknown
6453,0.0,Unknown
6454,0.0,Unknown
6455,0.0,Unknown
6458,0.0,Unknown
6459,0.0,Unknown
6460,0.0,Unknown
6461,0.0,Unknown
6462,0.0,Unknown
6463,0.0,Unknown
6464,0.0,Unknown
6465,0.0,Unknown
6466,0.0,Unknown
6467,0.0,Unknown
6468,0.0,Unknown
6469,0.0,Unknown
6470,0.0,Unknown
6471,0.0,Unknown
6472,0.0,Unknown
6473,0.0,Unknown
6474,0.0,Unknown
6475,0.0,Unknown
6476,0.0,Unknown
6477,0.0,Unknown
6478,0.0,Unknown
6479,0.0,Unknown
6480,0.0,Unknown
6481,0.0,Unknown
6482,0.0,Unknown
6483,0.0,Unknown
6485,0.0,Unknown
6486,0.0,Unknown
6487,0.0,Unknown
6488,0.0,Unknown
6489,0.0,Unknown
6490,0.0,Unknown
6491,0.0,Unknown
6492,0.0,Unknown
6493,0.0,Unknown
6495,0.0,Unknown
6496,0.0,Unknown
6497,0.0,Unknown
6498,0.0,Unknown
6499,0.0,Unknown
6500,0.0,Unknown
6502,0.0,Unknown
6503,0.0,Unknown
6504,0.0,Unknown
6505,0.0,Unknown
6506,0.0,Unknown
6507,0.0,Unknown
6508,0.0,Unknown
6509,0.0,Unknown
6510,0.0,Unknown
6512,0.0,Unknown
6513,0.0,Unknown
6514,0.0,Unknown
6515,0.0,Unknown
6516,0.0,Unknown
6517,0.0,Unknown
6518,0.0,Unknown
6519,0.0,Unknown
6520,0.0,Unknown
6521,0.0,Unknown
6522,0.0,Unknown
6523,0.0,Unknown
6524,0.0,Unknown
6526,0.0,Unknown
6527,0.0,Unknown
6529,0.0,Unknown
6530,0.0,Unknown
6531,0.0,Unknown
6532,0.0,Unknown
6534,0.0,Unknown
6535,0.0,Unknown
6536,0.0,Unknown
6537,0.0,Unknown
6539,0.0,Unknown
6540,0.0,Unknown
6541,0.0,Unknown
6542,0.0,Unknown
6543,0.0,Unknown
6544,0.0,Unknown
6545,0.0,Unknown
6546,0.0,Unknown
6547,0.0,Unknown
6548,0.0,Unknown
6550,0.0,Unknown
6551,0.0,Unknown
6552,0.0,Unknown
6553,0.0,Unknown
6554,0.0,Unknown
6555,0.0,Unknown
6556,0.0,Unknown
6557,0.0,Unknown
6558,0.0,Unknown
6559,0.0,Unknown
6560,0.0,Unknown
6561,0.0,Unknown
6562,0.0,Unknown
6563,0.0,Unknown
6564,0.0,Unknown
6565,0.0,Unknown
6566,0.0,Unknown
6567,0.0,Unknown
6568,0.0,Unknown
6569,0.0,Unknown
6570,0.0,Unknown
6571,0.0,Unknown
6572,0.0,Unknown
6573,0.0,Unknown
6574,0.0,Unknown
6575,0.0,Unknown
6576,0.0,Unknown
6577,0.0,Unknown
6579,0.0,Unknown
6580,0.0,Unknown
6582,0.0,Unknown
6584,0.0,Unknown
6585,0.0,Unknown
6587,0.0,Unknown
6588,0.0,Unknown
6589,0.0,Unknown
6590,0.0,Unknown
6591,0.0,Unknown
6592,0.0,Unknown
6593,0.0,Unknown
6595,0.0,Unknown
6596,0.0,Unknown
6598,0.0,Unknown
6599,0.0,Unknown
6601,0.0,Unknown
6602,0.0,Unknown
6603,0.0,Unknown
6604,0.0,Unknown
6605,0.0,Unknown
6606,0.0,Unknown
6607,0.0,Unknown
6608,0.0,Unknown
6609,0.0,Unknown
6610,0.0,Unknown
6611,0.0,Unknown
6612,0.0,Unknown
6613,0.0,Unknown
6614,0.0,Unknown
6615,0.0,Unknown
6617,0.0,Unknown
6618,0.0,Unknown
6619,0.0,Unknown
6620,0.0,Unknown
6621,0.0,Unknown
6622,0.0,Unknown
6623,0.0,Unknown
6624,0.0,Unknown
6625,0.0,Unknown
6626,0.0,Unknown
6627,0.0,Unknown
6628,0.0,Unknown
6629,0.0,Unknown
6630,0.0,Unknown
6631,0.0,Unknown
6632,0.0,Unknown
6633,0.0,Unknown
6634,0.0,Unknown
6635,0.0,Unknown
6636,0.0,Unknown
6637,0.0,Unknown
6638,0.0,Unknown
6639,0.0,Unknown
6640,0.0,Unknown
6641,0.0,Unknown
6642,0.0,Unknown
6643,0.0,Unknown
6644,0.0,Unknown
6645,0.0,Unknown
6646,0.0,Unknown
6647,0.0,Unknown
6648,0.0,Unknown
6650,0.0,Unknown
6651,0.0,Unknown
6653,0.0,Unknown
6655,0.0,Unknown
6656,0.0,Unknown
6657,0.0,Unknown
6658,0.0,Unknown
6659,0.0,Unknown
6660,0.0,Unknown
6661,0.0,Unknown
6662,0.0,Unknown
6663,0.0,Unknown
6664,0.0,Unknown
6665,0.0,Unknown
6666,0.0,Unknown
6667,0.0,Unknown
6668,0.0,Unknown
6669,0.0,Unknown
6670,0.0,Unknown
6671,0.0,Unknown
6673,0.0,Unknown
6674,0.0,Unknown
6675,0.0,Unknown
6676,0.0,Unknown
6678,0.0,Unknown
6679,0.0,Unknown
6680,0.0,Unknown
6681,0.0,Unknown
6682,0.0,Unknown
6684,0.0,Unknown
6685,0.0,Unknown
6686,0.0,Unknown
6688,0.0,Unknown
6689,0.0,Unknown
6690,0.0,Unknown
6691,0.0,Unknown
6692,0.0,Unknown
6693,0.0,Unknown
6694,0.0,Unknown
6695,0.0,Unknown
6696,0.0,Unknown
6697,0.0,Unknown
6698,0.0,Unknown
6699,0.0,Unknown
6700,0.0,Unknown
6701,0.0,Unknown
6702,0.0,Unknown
6703,0.0,Unknown
6704,0.0,Unknown
6705,0.0,Unknown
6706,0.0,Unknown
6707,0.0,Unknown
6708,0.0,Unknown
6709,0.0,Unknown
6711,0.0,Unknown
6712,0.0,Unknown
6713,0.0,Unknown
6714,0.0,Unknown
6716,0.0,Unknown
6717,0.0,Unknown
6719,0.0,Unknown
6720,0.0,Unknown
6721,0.0,Unknown
6722,0.0,Unknown
6723,0.0,Unknown
6724,0.0,Unknown
6725,0.0,Unknown
6726,0.0,Unknown
6727,0.0,Unknown
6728,0.0,Unknown
6729,0.0,Unknown
6730,0.0,Unknown
6731,0.0,Unknown
6732,0.0,Unknown
6733,0.0,Unknown
6734,0.0,Unknown
6735,0.0,Unknown
6736,0.0,Unknown
6737,0.0,Unknown
6738,0.0,Unknown
6739,0.0,Unknown
6740,0.0,Unknown
6741,0.0,Unknown
6742,0.0,Unknown
6743,0.0,Unknown
6744,0.0,Unknown
6745,0.0,Unknown
6746,0.0,Unknown
6747,0.0,Unknown
6748,0.0,Unknown
6749,0.0,Unknown
6750,0.0,Unknown
6751,0.0,Unknown
6752,0.0,Unknown
6753,0.0,Unknown
6754,0.0,Unknown
6755,0.0,Unknown
6756,0.0,Unknown
6758,0.0,Unknown
6759,0.0,Unknown
6761,0.0,Unknown
6762,0.0,Unknown
6763,0.0,Unknown
6764,0.0,Unknown
6765,0.0,Unknown
6766,0.0,Unknown
6767,0.0,Unknown
6768,0.0,Unknown
6769,0.0,Unknown
6770,0.0,Unknown
6772,0.0,Unknown
6773,0.0,Unknown
6775,0.0,Unknown
6776,0.0,Unknown
6777,0.0,Unknown
6778,0.0,Unknown
6779,0.0,Unknown
6780,0.0,Unknown
6781,0.0,Unknown
6783,0.0,Unknown
6784,0.0,Unknown
6785,0.0,Unknown
6786,0.0,Unknown
6787,0.0,Unknown
6788,0.0,Unknown
6789,0.0,Unknown
6790,0.0,Unknown
6791,0.0,Unknown
6792,0.0,Unknown
6793,0.0,Unknown
6794,0.0,Unknown
6795,0.0,Unknown
6796,0.0,Unknown
6797,0.0,Unknown
6798,0.0,Unknown
6799,0.0,Unknown
6800,0.0,Unknown
6801,0.0,Unknown
6802,0.0,Unknown
6803,0.0,Unknown
6804,0.0,Unknown
6805,0.0,Unknown
6807,0.0,Unknown
6809,0.0,Unknown
6810,0.0,Unknown
6811,0.0,Unknown
6812,0.0,Unknown
6813,0.0,Unknown
6814,0.0,Unknown
6815,0.0,Unknown
6816,0.0,Unknown
6817,0.0,Unknown
6818,0.0,Unknown
6819,0.0,Unknown
6820,0.0,Unknown
6821,0.0,Unknown
6822,0.0,Unknown
6824,0.0,Unknown
6825,0.0,Unknown
6826,0.0,Unknown
6827,0.0,Unknown
6828,0.0,Unknown
6829,0.0,Unknown
6830,0.0,Unknown
6831,0.0,Unknown
6832,0.0,Unknown
6833,0.0,Unknown
6834,0.0,Unknown
6835,0.0,Unknown
6836,0.0,Unknown
6838,0.0,Unknown
6839,0.0,Unknown
6840,0.0,Unknown
6841,0.0,Unknown
6842,0.0,Unknown
6843,0.0,Unknown
6844,0.0,Unknown
6845,0.0,Unknown
6846,0.0,Unknown
6848,0.0,Unknown
6849,0.0,Unknown
6850,0.0,Unknown
6851,0.0,Unknown
6852,0.0,Unknown
6853,0.0,Unknown
6854,0.0,Unknown
6855,0.0,Unknown
6856,0.0,Unknown
6857,0.0,Unknown
6858,0.0,Unknown
6859,0.0,Unknown
6860,0.0,Unknown
6861,0.0,Unknown
6862,0.0,Unknown
6863,0.0,Unknown
6864,0.0,Unknown
6865,0.0,Unknown
6866,0.0,Unknown
6867,0.0,Unknown
6868,0.0,Unknown
6869,0.0,Unknown
6870,0.0,Unknown
6871,0.0,Unknown
6872,0.0,Unknown
6873,0.0,Unknown
6874,0.0,Unknown
6875,0.0,Unknown
6876,0.0,Unknown
6877,0.0,Unknown
6878,0.0,Unknown
6879,0.0,Unknown
6880,0.0,Unknown
6881,0.0,Unknown
6882,0.0,Unknown
6883,0.0,Unknown
6884,0.0,Unknown
6885,0.0,Unknown
6886,0.0,Unknown
6887,0.0,Unknown
6889,0.0,Unknown
6890,0.0,Unknown
6891,0.0,Unknown
6892,0.0,Unknown
6893,0.0,Unknown
6894,0.0,Unknown
6895,0.0,Unknown
6896,0.0,Unknown
6897,0.0,Unknown
6898,0.0,Unknown
6899,0.0,Unknown
6900,0.0,Unknown
6901,0.0,Unknown
6902,0.0,Unknown
6903,0.0,Unknown
6904,0.0,Unknown
6907,0.0,Unknown
6908,0.0,Unknown
6909,0.0,Unknown
6910,0.0,Unknown
6911,0.0,Unknown
6912,0.0,Unknown
6913,0.0,Unknown
6914,0.0,Unknown
6915,0.0,Unknown
6916,0.0,Unknown
6917,0.0,Unknown
6918,0.0,Unknown
6919,0.0,Unknown
6921,0.0,Unknown
6922,0.0,Unknown
6923,0.0,Unknown
6924,0.0,Unknown
6925,0.0,Unknown
6926,0.0,Unknown
6927,0.0,Unknown
6928,0.0,Unknown
6929,0.0,Unknown
6930,0.0,Unknown
6931,0.0,Unknown
6932,0.0,Unknown
6933,0.0,Unknown
6934,0.0,Unknown
6935,0.0,Unknown
6936,0.0,Unknown
6937,0.0,Unknown
6938,0.0,Unknown
6939,0.0,Unknown
6940,0.0,Unknown
6941,0.0,Unknown
6942,0.0,Unknown
6943,0.0,Unknown
6944,0.0,Unknown
6945,0.0,Unknown
6946,0.0,Unknown
6947,0.0,Unknown
6948,0.0,Unknown
6949,0.0,Unknown
6950,0.0,Unknown
6951,0.0,Unknown
6952,0.0,Unknown
6953,0.0,Unknown
6954,0.0,Unknown
6955,0.0,Unknown
6956,0.0,Unknown
6958,0.0,Unknown
6959,0.0,Unknown
6960,0.0,Unknown
6962,0.0,Unknown
6963,0.0,Unknown
6964,0.0,Unknown
6965,0.0,Unknown
6966,0.0,Unknown
6968,0.0,Unknown
6969,0.0,Unknown
6970,0.0,Unknown
6971,0.0,Unknown
6972,0.0,Unknown
6973,0.0,Unknown
6974,0.0,Unknown
6976,0.0,Unknown
6977,0.0,Unknown
6978,0.0,Unknown
6979,0.0,Unknown
6980,0.0,Unknown
6982,0.0,Unknown
6983,0.0,Unknown
6984,0.0,Unknown
6985,0.0,Unknown
6986,0.0,Unknown
6987,0.0,Unknown
6988,0.0,Unknown
6989,0.0,Unknown
6990,0.0,Unknown
6991,0.0,Unknown
6992,0.0,Unknown
6993,0.0,Unknown
6994,0.0,Unknown
6995,0.0,Unknown
6996,0.0,Unknown
6997,0.0,Unknown
6998,0.0,Unknown
6999,0.0,Unknown
7000,0.0,Unknown
7001,0.0,Unknown
7003,0.0,Unknown
7004,0.0,Unknown
7005,0.0,Unknown
7006,0.0,Unknown
7007,0.0,Unknown
7008,0.0,Unknown
7009,0.0,Unknown
7010,0.0,Unknown
7011,0.0,Unknown
7012,0.0,Unknown
7013,0.0,Unknown
7014,0.0,Unknown
7015,0.0,Unknown
7016,0.0,Unknown
7017,0.0,Unknown
7018,0.0,Unknown
7019,0.0,Unknown
7020,0.0,Unknown
7021,0.0,Unknown
7022,0.0,Unknown
7023,0.0,Unknown
7024,0.0,Unknown
7025,0.0,Unknown
7026,0.0,Unknown
7027,0.0,Unknown
7028,0.0,Unknown
7029,0.0,Unknown
7030,0.0,Unknown
7031,0.0,Unknown
7032,0.0,Unknown
7033,0.0,Unknown
7034,0.0,Unknown
7035,0.0,Unknown
7036,0.0,Unknown
7037,0.0,Unknown
7038,0.0,Unknown
7039,0.0,Unknown
7040,0.0,Unknown
7041,0.0,Unknown
7042,0.0,Unknown
7043,0.0,Unknown
7044,0.0,Unknown
7046,0.0,Unknown
7047,0.0,Unknown
7048,0.0,Unknown
7049,0.0,Unknown
7050,0.0,Unknown
7051,0.0,Unknown
7052,0.0,Unknown
7053,0.0,Unknown
7054,0.0,Unknown
7055,0.0,Unknown
7057,0.0,Unknown
7058,0.0,Unknown
7060,0.0,Unknown
7061,0.0,Unknown
7062,0.0,Unknown
7063,0.0,Unknown
7064,0.0,Unknown
7065,0.0,Unknown
7066,0.0,Unknown
7067,0.0,Unknown
7068,0.0,Unknown
7069,0.0,Unknown
7071,0.0,Unknown
7072,0.0,Unknown
7073,0.0,Unknown
7074,0.0,Unknown
7076,0.0,Unknown
7077,0.0,Unknown
7078,0.0,Unknown
7079,0.0,Unknown
7080,0.0,Unknown
7083,0.0,Unknown
7084,0.0,Unknown
7085,0.0,Unknown
7086,0.0,Unknown
7087,0.0,Unknown
7088,0.0,Unknown
7089,0.0,Unknown
7092,0.0,Unknown
7093,0.0,Unknown
7096,0.0,Unknown
7097,0.0,Unknown
7098,0.0,Unknown
7100,0.0,Unknown
7101,0.0,Unknown
7102,0.0,Unknown
7103,0.0,Unknown
7104,0.0,Unknown
7105,0.0,Unknown
7106,0.0,Unknown
7107,0.0,Unknown
7108,0.0,Unknown
7110,0.0,Unknown
7111,0.0,Unknown
7112,0.0,Unknown
7113,0.0,Unknown
7114,0.0,Unknown
7115,0.0,Unknown
7116,0.0,Unknown
7117,0.0,Unknown
7119,0.0,Unknown
7120,0.0,Unknown
7121,0.0,Unknown
7122,0.0,Unknown
7123,0.0,Unknown
7124,0.0,Unknown
7125,0.0,Unknown
7126,0.0,Unknown
7127,0.0,Unknown
7128,0.0,Unknown
7129,0.0,Unknown
7130,0.0,Unknown
7131,0.0,Unknown
7133,0.0,Unknown
7134,0.0,Unknown
7135,0.0,Unknown
7136,0.0,Unknown
7137,0.0,Unknown
7138,0.0,Unknown
7139,0.0,Unknown
7140,0.0,Unknown
7142,0.0,Unknown
7143,0.0,Unknown
7144,0.0,Unknown
7146,0.0,Unknown
7147,0.0,Unknown
7148,0.0,Unknown
7149,0.0,Unknown
7150,0.0,Unknown
7151,0.0,Unknown
7152,0.0,Unknown
7153,0.0,Unknown
7154,0.0,Unknown
7155,0.0,Unknown
7156,0.0,Unknown
7157,0.0,Unknown
7158,0.0,Unknown
7159,0.0,Unknown
7160,0.0,Unknown
7162,0.0,Unknown
7163,0.0,Unknown
7164,0.0,Unknown
7165,0.0,Unknown
7166,0.0,Unknown
7167,0.0,Unknown
7168,0.0,Unknown
7169,0.0,Unknown
7170,0.0,Unknown
7171,0.0,Unknown
7172,0.0,Unknown
7173,0.0,Unknown
7174,0.0,Unknown
7176,0.0,Unknown
7177,0.0,Unknown
7178,0.0,Unknown
7179,0.0,Unknown
7180,0.0,Unknown
7181,0.0,Unknown
7182,0.0,Unknown
7183,0.0,Unknown
7184,0.0,Unknown
7185,0.0,Unknown
7186,0.0,Unknown
7188,0.0,Unknown
7189,0.0,Unknown
7190,0.0,Unknown
7192,0.0,Unknown
7193,0.0,Unknown
7194,0.0,Unknown
7195,0.0,Unknown
7196,0.0,Unknown
7197,0.0,Unknown
7198,0.0,Unknown
7199,0.0,Unknown
7200,0.0,Unknown
7201,0.0,Unknown
7204,0.0,Unknown
7206,0.0,Unknown
7207,0.0,Unknown
7208,0.0,Unknown
7209,0.0,Unknown
7210,0.0,Unknown
7211,0.0,Unknown
7212,0.0,Unknown
7213,0.0,Unknown
7214,0.0,Unknown
7215,0.0,Unknown
7216,0.0,Unknown
7217,0.0,Unknown
7218,0.0,Unknown
7219,0.0,Unknown
7220,0.0,Unknown
7222,0.0,Unknown
7224,0.0,Unknown
7226,0.0,Unknown
7227,0.0,Unknown
7228,0.0,Unknown
7229,0.0,Unknown
7230,0.0,Unknown
7231,0.0,Unknown
7232,0.0,Unknown
7233,0.0,Unknown
7234,0.0,Unknown
7235,0.0,Unknown
7237,0.0,Unknown
7238,0.0,Unknown
7239,0.0,Unknown
7240,0.0,Unknown
7242,0.0,Unknown
7243,0.0,Unknown
7245,0.0,Unknown
7246,0.0,Unknown
7248,0.0,Unknown
7250,0.0,Unknown
7252,0.0,Unknown
7253,0.0,Unknown
7254,0.0,Unknown
7255,0.0,Unknown
7256,0.0,Unknown
7257,0.0,Unknown
7258,0.0,Unknown
7259,0.0,Unknown
7262,0.0,Unknown
7263,0.0,Unknown
7264,0.0,Unknown
7267,0.0,Unknown
7268,0.0,Unknown
7270,0.0,Unknown
7275,0.0,Unknown
7276,0.0,Unknown
7277,0.0,Unknown
7278,0.0,Unknown
7279,0.0,Unknown
7280,0.0,Unknown
7281,0.0,Unknown
7282,0.0,Unknown
7285,0.0,Unknown
7288,0.0,Unknown
7289,0.0,Unknown
7290,0.0,Unknown
7291,0.0,Unknown
7292,0.0,Unknown
7293,0.0,Unknown
7294,0.0,Unknown
7295,0.0,Unknown
7296,0.0,Unknown
7297,0.0,Unknown
7298,0.0,Unknown
7299,0.0,Unknown
7300,0.0,Unknown
7301,0.0,Unknown
7304,0.0,Unknown
7305,0.0,Unknown
7306,0.0,Unknown
7307,0.0,Unknown
7309,0.0,Unknown
7310,0.0,Unknown
7311,0.0,Unknown
7313,0.0,Unknown
7314,0.0,Unknown
7315,0.0,Unknown
7316,0.0,Unknown
7317,0.0,Unknown
7318,0.0,Unknown
7321,0.0,Unknown
7322,0.0,Unknown
7323,0.0,Unknown
7324,0.0,Unknown
7325,0.0,Unknown
7329,0.0,Unknown
7330,0.0,Unknown
7333,0.0,Unknown
7334,0.0,Unknown
7335,0.0,Unknown
7338,0.0,Unknown
7339,0.0,Unknown
7340,0.0,Unknown
7342,0.0,Unknown
7343,0.0,Unknown
7344,0.0,Unknown
7345,0.0,Unknown
7347,0.0,Unknown
7348,0.0,Unknown
7349,0.0,Unknown
7351,0.0,Unknown
7353,0.0,Unknown
7354,0.0,Unknown
7355,0.0,Unknown
7356,0.0,Unknown
7360,0.0,Unknown
7362,0.0,Unknown
7363,0.0,Unknown
7364,0.0,Unknown
7365,0.0,Unknown
7366,0.0,Unknown
7367,0.0,Unknown
7368,0.0,Unknown
7369,0.0,Unknown
7373,0.0,Unknown
7376,0.0,Unknown
7377,0.0,Unknown
7378,0.0,Unknown
7379,0.0,Unknown
7380,0.0,Unknown
7381,0.0,Unknown
7382,0.0,Unknown
7383,0.0,Unknown
7384,0.0,Unknown
7385,0.0,Unknown
7387,0.0,Unknown
7388,0.0,Unknown
7390,0.0,Unknown
7391,0.0,Unknown
7392,0.0,Unknown
7393,0.0,Unknown
7394,0.0,Unknown
7395,0.0,Unknown
7396,0.0,Unknown
7397,0.0,Unknown
7398,0.0,Unknown
7399,0.0,Unknown
7400,0.0,Unknown
7401,0.0,Unknown
7403,0.0,Unknown
7404,0.0,Unknown
7405,0.0,Unknown
7406,0.0,Unknown
7407,0.0,Unknown
7408,0.0,Unknown
7409,0.0,Unknown
7410,0.0,Unknown
7411,0.0,Unknown
7412,0.0,Unknown
7413,0.0,Unknown
7414,0.0,Unknown
7415,0.0,Unknown
7416,0.0,Unknown
7417,0.0,Unknown
7418,0.0,Unknown
7419,0.0,Unknown
7421,0.0,Unknown
7423,0.0,Unknown
7424,0.0,Unknown
7425,0.0,Unknown
7426,0.0,Unknown
7427,0.0,Unknown
7428,0.0,Unknown
7429,0.0,Unknown
7430,0.0,Unknown
7431,0.0,Unknown
7432,0.0,Unknown
7433,0.0,Unknown
7435,0.0,Unknown
7436,0.0,Unknown
7437,0.0,Unknown
7438,0.0,Unknown
7439,0.0,Unknown
7440,0.0,Unknown
7442,0.0,Unknown
7443,0.0,Unknown
7444,0.0,Unknown
7446,0.0,Unknown
7447,0.0,Unknown
7448,0.0,Unknown
7449,0.0,Unknown
7450,0.0,Unknown
7451,0.0,Unknown
7452,0.0,Unknown
7453,0.0,Unknown
7454,0.0,Unknown
7455,0.0,Unknown
7456,0.0,Unknown
7457,0.0,Unknown
7458,0.0,Unknown
7459,0.0,Unknown
7460,0.0,Unknown
7461,0.0,Unknown
7462,0.0,Unknown
7463,0.0,Unknown
7465,0.0,Unknown
7466,0.0,Unknown
7467,0.0,Unknown
7468,0.0,Unknown
7469,0.0,Unknown
7470,0.0,Unknown
7471,0.0,Unknown
7473,0.0,Unknown
7474,0.0,Unknown
7475,0.0,Unknown
7476,0.0,Unknown
7477,0.0,Unknown
7478,0.0,Unknown
7480,0.0,Unknown
7481,0.0,Unknown
7482,0.0,Unknown
7483,0.0,Unknown
7484,0.0,Unknown
7485,0.0,Unknown
7486,0.0,Unknown
7487,0.0,Unknown
7488,0.0,Unknown
7489,0.0,Unknown
7490,0.0,Unknown
7491,0.0,Unknown
7492,0.0,Unknown
7494,0.0,Unknown
7495,0.0,Unknown
7497,0.0,Unknown
7498,0.0,Unknown
7500,0.0,Unknown
7501,0.0,Unknown
7502,0.0,Unknown
7503,0.0,Unknown
7504,0.0,Unknown
7505,0.0,Unknown
7506,0.0,Unknown
7507,0.0,Unknown
7508,0.0,Unknown
7509,0.0,Unknown
7511,0.0,Unknown
7512,0.0,Unknown
7516,0.0,Unknown
7517,0.0,Unknown
7518,0.0,Unknown
7519,0.0,Unknown
7520,0.0,Unknown
7522,0.0,Unknown
7524,0.0,Unknown
7525,0.0,Unknown
7527,0.0,Unknown
7528,0.0,Unknown
7530,0.0,Unknown
7531,0.0,Unknown
7532,0.0,Unknown
7533,0.0,Unknown
7535,0.0,Unknown
7536,0.0,Unknown
7537,0.0,Unknown
7538,0.0,Unknown
7539,0.0,Unknown
7540,0.0,Unknown
7541,0.0,Unknown
7542,0.0,Unknown
7543,0.0,Unknown
7544,0.0,Unknown
7545,0.0,Unknown
7546,0.0,Unknown
7547,0.0,Unknown
7548,0.0,Unknown
7549,0.0,Unknown
7550,0.0,Unknown
7551,0.0,Unknown
7552,0.0,Unknown
7554,0.0,Unknown
7555,0.0,Unknown
7556,0.0,Unknown
7557,0.0,Unknown
7558,0.0,Unknown
7559,0.0,Unknown
7560,0.0,Unknown
7561,0.0,Unknown
7562,0.0,Unknown
7564,0.0,Unknown
7565,0.0,Unknown
7566,0.0,Unknown
7567,0.0,Unknown
7568,0.0,Unknown
7569,0.0,Unknown
7570,0.0,Unknown
7571,0.0,Unknown
7572,0.0,Unknown
7573,0.0,Unknown
7574,0.0,Unknown
7575,0.0,Unknown
7576,0.0,Unknown
7577,0.0,Unknown
7578,0.0,Unknown
7579,0.0,Unknown
7581,0.0,Unknown
7583,0.0,Unknown
7584,0.0,Unknown
7585,0.0,Unknown
7587,0.0,Unknown
7588,0.0,Unknown
7589,0.0,Unknown
7590,0.0,Unknown
7591,0.0,Unknown
7592,0.0,Unknown
7593,0.0,Unknown
7594,0.0,Unknown
7595,0.0,Unknown
7596,0.0,Unknown
7597,0.0,Unknown
7599,0.0,Unknown
7600,0.0,Unknown
7601,0.0,Unknown
7602,0.0,Unknown
7603,0.0,Unknown
7605,0.0,Unknown
7606,0.0,Unknown
7608,0.0,Unknown
7609,0.0,Unknown
7610,0.0,Unknown
7611,0.0,Unknown
7612,0.0,Unknown
7613,0.0,Unknown
7614,0.0,Unknown
7615,0.0,Unknown
7616,0.0,Unknown
7617,0.0,Unknown
7618,0.0,Unknown
7619,0.0,Unknown
7622,0.0,Unknown
7623,0.0,Unknown
7624,0.0,Unknown
7625,0.0,Unknown
7626,0.0,Unknown
7627,0.0,Unknown
7628,0.0,Unknown
7629,0.0,Unknown
7630,0.0,Unknown
7631,0.0,Unknown
7632,0.0,Unknown
7633,0.0,Unknown
7634,0.0,Unknown
7635,0.0,Unknown
7636,0.0,Unknown
7637,0.0,Unknown
7638,0.0,Unknown
7639,0.0,Unknown
7641,0.0,Unknown
7642,0.0,Unknown
7644,0.0,Unknown
7645,0.0,Unknown
7646,0.0,Unknown
7647,0.0,Unknown
7648,0.0,Unknown
7649,0.0,Unknown
7650,0.0,Unknown
7651,0.0,Unknown
7653,0.0,Unknown
7654,0.0,Unknown
7655,0.0,Unknown
7656,0.0,Unknown
7657,0.0,Unknown
7658,0.0,Unknown
7659,0.0,Unknown
7660,0.0,Unknown
7661,0.0,Unknown
7662,0.0,Unknown
7663,0.0,Unknown
7664,0.0,Unknown
7665,0.0,Unknown
7666,0.0,Unknown
7667,0.0,Unknown
7668,0.0,Unknown
7669,0.0,Unknown
7670,0.0,Unknown
7672,0.0,Unknown
7673,0.0,Unknown
7677,0.0,Unknown
7678,0.0,Unknown
7679,0.0,Unknown
7680,0.0,Unknown
7681,0.0,Unknown
7682,0.0,Unknown
7683,0.0,Unknown
7685,0.0,Unknown
7686,0.0,Unknown
7687,0.0,Unknown
7688,0.0,Unknown
7690,0.0,Unknown
7691,0.0,Unknown
7692,0.0,Unknown
7693,0.0,Unknown
7694,0.0,Unknown
7695,0.0,Unknown
7696,0.0,Unknown
7697,0.0,Unknown
7698,0.0,Unknown
7699,0.0,Unknown
7700,0.0,Unknown
7701,0.0,Unknown
7702,0.0,Unknown
7704,0.0,Unknown
7705,0.0,Unknown
7706,0.0,Unknown
7707,0.0,Unknown
7708,0.0,Unknown
7709,0.0,Unknown
7710,0.0,Unknown
7711,0.0,Unknown
7712,0.0,Unknown
7713,0.0,Unknown
7714,0.0,Unknown
7715,0.0,Unknown
7716,0.0,Unknown
7717,0.0,Unknown
7719,0.0,Unknown
7720,0.0,Unknown
7721,0.0,Unknown
7722,0.0,Unknown
7723,0.0,Unknown
7724,0.0,Unknown
7725,0.0,Unknown
7726,0.0,Unknown
7727,0.0,Unknown
7728,0.0,Unknown
7729,0.0,Unknown
7730,0.0,Unknown
7731,0.0,Unknown
7732,0.0,Unknown
7734,0.0,Unknown
7736,0.0,Unknown
7737,0.0,Unknown
7738,0.0,Unknown
7739,0.0,Unknown
7740,0.0,Unknown
7742,0.0,Unknown
7743,0.0,Unknown
7744,0.0,Unknown
7745,0.0,Unknown
7746,0.0,Unknown
7747,0.0,Unknown
7748,0.0,Unknown
7749,0.0,Unknown
7750,0.0,Unknown
7751,0.0,Unknown
7752,0.0,Unknown
7753,0.0,Unknown
7755,0.0,Unknown
7756,0.0,Unknown
7757,0.0,Unknown
7758,0.0,Unknown
7760,0.0,Unknown
7762,0.0,Unknown
7763,0.0,Unknown
7764,0.0,Unknown
7766,0.0,Unknown
7768,0.0,Unknown
7769,0.0,Unknown
7770,0.0,Unknown
7771,0.0,Unknown
7772,0.0,Unknown
7773,0.0,Unknown
7774,0.0,Unknown
7776,0.0,Unknown
7777,0.0,Unknown
7778,0.0,Unknown
7779,0.0,Unknown
7780,0.0,Unknown
7781,0.0,Unknown
7782,0.0,Unknown
7784,0.0,Unknown
7785,0.0,Unknown
7786,0.0,Unknown
7788,0.0,Unknown
7789,0.0,Unknown
7791,0.0,Unknown
7792,0.0,Unknown
7793,0.0,Unknown
7794,0.0,Unknown
7795,0.0,Unknown
7796,0.0,Unknown
7798,0.0,Unknown
7799,0.0,Unknown
7800,0.0,Unknown
7802,0.0,Unknown
7803,0.0,Unknown
7805,0.0,Unknown
7806,0.0,Unknown
7808,0.0,Unknown
7809,0.0,Unknown
7810,0.0,Unknown
7811,0.0,Unknown
7812,0.0,Unknown
7814,0.0,Unknown
7815,0.0,Unknown
7816,0.0,Unknown
7817,0.0,Unknown
7818,0.0,Unknown
7819,0.0,Unknown
7821,0.0,Unknown
7822,0.0,Unknown
7824,0.0,Unknown
7825,0.0,Unknown
7826,0.0,Unknown
7827,0.0,Unknown
7828,0.0,Unknown
7830,0.0,Unknown
7832,0.0,Unknown
7833,0.0,Unknown
7834,0.0,Unknown
7835,0.0,Unknown
7836,0.0,Unknown
7838,0.0,Unknown
7839,0.0,Unknown
7840,0.0,Unknown
7841,0.0,Unknown
7842,0.0,Unknown
7843,0.0,Unknown
7844,0.0,Unknown
7845,0.0,Unknown
7847,0.0,Unknown
7853,0.0,Unknown
7856,0.0,Unknown
7857,0.0,Unknown
7859,0.0,Unknown
7860,0.0,Unknown
7862,0.0,Unknown
7863,0.0,Unknown
7867,0.0,Unknown
7868,0.0,Unknown
7870,0.0,Unknown
7871,0.0,Unknown
7873,0.0,Unknown
7875,0.0,Unknown
7876,0.0,Unknown
7877,0.0,Unknown
7878,0.0,Unknown
7880,0.0,Unknown
7881,0.0,Unknown
7883,0.0,Unknown
7886,0.0,Unknown
7887,0.0,Unknown
7889,0.0,Unknown
7890,0.0,Unknown
7891,0.0,Unknown
7892,0.0,Unknown
7894,0.0,Unknown
7898,0.0,Unknown
7899,0.0,Unknown
7900,0.0,Unknown
7902,0.0,Unknown
7903,0.0,Unknown
7906,0.0,Unknown
7908,0.0,Unknown
7910,0.0,Unknown
7916,0.0,Unknown
7917,0.0,Unknown
7918,0.0,Unknown
7920,0.0,Unknown
7921,0.0,Unknown
7928,0.0,Unknown
7929,0.0,Unknown
7931,0.0,Unknown
7932,0.0,Unknown
7933,0.0,Unknown
7935,0.0,Unknown
7936,0.0,Unknown
7941,0.0,Unknown
7942,0.0,Unknown
7944,0.0,Unknown
7945,0.0,Unknown
7947,0.0,Unknown
7948,0.0,Unknown
7951,0.0,Unknown
7953,0.0,Unknown
7956,0.0,Unknown
7957,0.0,Unknown
7958,0.0,Unknown
7960,0.0,Unknown
7962,0.0,Unknown
7963,0.0,Unknown
7964,0.0,Unknown
7966,0.0,Unknown
7967,0.0,Unknown
7969,0.0,Unknown
7970,0.0,Unknown
7971,0.0,Unknown
7972,0.0,Unknown
7973,0.0,Unknown
7975,0.0,Unknown
7976,0.0,Unknown
7977,0.0,Unknown
7978,0.0,Unknown
7979,0.0,Unknown
7987,0.0,Unknown
7988,0.0,Unknown
7989,0.0,Unknown
7990,0.0,Unknown
7992,0.0,Unknown
7993,0.0,Unknown
7994,0.0,Unknown
7996,0.0,Unknown
7998,0.0,Unknown
8000,0.0,Unknown
8001,0.0,Unknown
8002,0.0,Unknown
8003,0.0,Unknown
8004,0.0,Unknown
8008,0.0,Unknown
8010,0.0,Unknown
8014,0.0,Unknown
8015,0.0,Unknown
8018,0.0,Unknown
8019,0.0,Unknown
8020,0.0,Unknown
8022,0.0,Unknown
8023,0.0,Unknown
8024,0.0,Unknown
8025,0.0,Unknown
8026,0.0,Unknown
8028,0.0,Unknown
8029,0.0,Unknown
8030,0.0,Unknown
8033,0.0,Unknown
8034,0.0,Unknown
8036,0.0,Unknown
8037,0.0,Unknown
8038,0.0,Unknown
8042,0.0,Unknown
8043,0.0,Unknown
8044,0.0,Unknown
8045,0.0,Unknown
8047,0.0,Unknown
8048,0.0,Unknown
8049,0.0,Unknown
8051,0.0,Unknown
8052,0.0,Unknown
8053,0.0,Unknown
8054,0.0,Unknown
8055,0.0,Unknown
8059,0.0,Unknown
8060,0.0,Unknown
8061,0.0,Unknown
8062,0.0,Unknown
8063,0.0,Unknown
8065,0.0,Unknown
8069,0.0,Unknown
8073,0.0,Unknown
8074,0.0,Unknown
8076,0.0,Unknown
8077,0.0,Unknown
8078,0.0,Unknown
8080,0.0,Unknown
8081,0.0,Unknown
8082,0.0,Unknown
8083,0.0,Unknown
8084,0.0,Unknown
8085,0.0,Unknown
8086,0.0,Unknown
8087,0.0,Unknown
8088,0.0,Unknown
8089,0.0,Unknown
8090,0.0,Unknown
8091,0.0,Unknown
8092,0.0,Unknown
8093,0.0,Unknown
8094,0.0,Unknown
8095,0.0,Unknown
8097,0.0,Unknown
8098,0.0,Unknown
8099,0.0,Unknown
8100,0.0,Unknown
8104,0.0,Unknown
8107,0.0,Unknown
8109,0.0,Unknown
8110,0.0,Unknown
8111,0.0,Unknown
8114,0.0,Unknown
8115,0.0,Unknown
8116,0.0,Unknown
8121,0.0,Unknown
8122,0.0,Unknown
8124,0.0,Unknown
8125,0.0,Unknown
8126,0.0,Unknown
8127,0.0,Unknown
8128,0.0,Unknown
8129,0.0,Unknown
8130,0.0,Unknown
8131,0.0,Unknown
8132,0.0,Unknown
8133,0.0,Unknown
8134,0.0,Unknown
8135,0.0,Unknown
8138,0.0,Unknown
8140,0.0,Unknown
8141,0.0,Unknown
8143,0.0,Unknown
8145,0.0,Unknown
8146,0.0,Unknown
8147,0.0,Unknown
8148,0.0,Unknown
8152,0.0,Unknown
8154,0.0,Unknown
8155,0.0,Unknown
8158,0.0,Unknown
8159,0.0,Unknown
8162,0.0,Unknown
8163,0.0,Unknown
8164,0.0,Unknown
8165,0.0,Unknown
8166,0.0,Unknown
8167,0.0,Unknown
8168,0.0,Unknown
8171,0.0,Unknown
8172,0.0,Unknown
8174,0.0,Unknown
8175,0.0,Unknown
8176,0.0,Unknown
8177,0.0,Unknown
8178,0.0,Unknown
8179,0.0,Unknown
8180,0.0,Unknown
8183,0.0,Unknown
8184,0.0,Unknown
8188,0.0,Unknown
8189,0.0,Unknown
8190,0.0,Unknown
8191,0.0,Unknown
8192,0.0,Unknown
8193,0.0,Unknown
8195,0.0,Unknown
8196,0.0,Unknown
8198,0.0,Unknown
8200,0.0,Unknown
8201,0.0,Unknown
8203,0.0,Unknown
8205,0.0,Unknown
8206,0.0,Unknown
8208,0.0,Unknown
8209,0.0,Unknown
8210,0.0,Unknown
8211,0.0,Unknown
8213,0.0,Unknown
8216,0.0,Unknown
8217,0.0,Unknown
8218,0.0,Unknown
8220,0.0,Unknown
8221,0.0,Unknown
8222,0.0,Unknown
8223,0.0,Unknown
8224,0.0,Unknown
8225,0.0,Unknown
8227,0.0,Unknown
8229,0.0,Unknown
8230,0.0,Unknown
8231,0.0,Unknown
8233,0.0,Unknown
8234,0.0,Unknown
8236,0.0,Unknown
8237,0.0,Unknown
8238,0.0,Unknown
8239,0.0,Unknown
8240,0.0,Unknown
8241,0.0,Unknown
8247,0.0,Unknown
8248,0.0,Unknown
8249,0.0,Unknown
8250,0.0,Unknown
8251,0.0,Unknown
8252,0.0,Unknown
8253,0.0,Unknown
8254,0.0,Unknown
8255,0.0,Unknown
8256,0.0,Unknown
8257,0.0,Unknown
8258,0.0,Unknown
8259,0.0,Unknown
8260,0.0,Unknown
8262,0.0,Unknown
8263,0.0,Unknown
8265,0.0,Unknown
8266,0.0,Unknown
8267,0.0,Unknown
8269,0.0,Unknown
8270,0.0,Unknown
8272,0.0,Unknown
8273,0.0,Unknown
8274,0.0,Unknown
8278,0.0,Unknown
8279,0.0,Unknown
8280,0.0,Unknown
8281,0.0,Unknown
8284,0.0,Unknown
8286,0.0,Unknown
8288,0.0,Unknown
8289,0.0,Unknown
8290,0.0,Unknown
8291,0.0,Unknown
8293,0.0,Unknown
8294,0.0,Unknown
8295,0.0,Unknown
8298,0.0,Unknown
8299,0.0,Unknown
8300,0.0,Unknown
8301,0.0,Unknown
8302,0.0,Unknown
8304,0.0,Unknown
8305,0.0,Unknown
8306,0.0,Unknown
8307,0.0,Unknown
8308,0.0,Unknown
8309,0.0,Unknown
8311,0.0,Unknown
8312,0.0,Unknown
8314,0.0,Unknown
8315,0.0,Unknown
8316,0.0,Unknown
8318,0.0,Unknown
8319,0.0,Unknown
8320,0.0,Unknown
8321,0.0,Unknown
8322,0.0,Unknown
8323,0.0,Unknown
8324,0.0,Unknown
8325,0.0,Unknown
8327,0.0,Unknown
8328,0.0,Unknown
8329,0.0,Unknown
8330,0.0,Unknown
8331,0.0,Unknown
8332,0.0,Unknown
8336,0.0,Unknown
8337,0.0,Unknown
8340,0.0,Unknown
8341,0.0,Unknown
8342,0.0,Unknown
8343,0.0,Unknown
8344,0.0,Unknown
8345,0.0,Unknown
8346,0.0,Unknown
8347,0.0,Unknown
8351,0.0,Unknown
8352,0.0,Unknown
8353,0.0,Unknown
8354,0.0,Unknown
8356,0.0,Unknown
8357,0.0,Unknown
8358,0.0,Unknown
8361,0.0,Unknown
8363,0.0,Unknown
8364,0.0,Unknown
8365,0.0,Unknown
8366,0.0,Unknown
8367,0.0,Unknown
8369,0.0,Unknown
8374,0.0,Unknown
8375,0.0,Unknown
8377,0.0,Unknown
8378,0.0,Unknown
8379,0.0,Unknown
8381,0.0,Unknown
8382,0.0,Unknown
8383,0.0,Unknown
8384,0.0,Unknown
8385,0.0,Unknown
8386,0.0,Unknown
8387,0.0,Unknown
8388,0.0,Unknown
8389,0.0,Unknown
8390,0.0,Unknown
8391,0.0,Unknown
8393,0.0,Unknown
8394,0.0,Unknown
8395,0.0,Unknown
8396,0.0,Unknown
8397,0.0,Unknown
8398,0.0,Unknown
8400,0.0,Unknown
8401,0.0,Unknown
8402,0.0,Unknown
8403,0.0,Unknown
8404,0.0,Unknown
8409,0.0,Unknown
8410,0.0,Unknown
8411,0.0,Unknown
8412,0.0,Unknown
8413,0.0,Unknown
8414,0.0,Unknown
8415,0.0,Unknown
8417,0.0,Unknown
8418,0.0,Unknown
8422,0.0,Unknown
8423,0.0,Unknown
8425,0.0,Unknown
8426,0.0,Unknown
8427,0.0,Unknown
8429,0.0,Unknown
8430,0.0,Unknown
8431,0.0,Unknown
8432,0.0,Unknown
8433,0.0,Unknown
8434,0.0,Unknown
8435,0.0,Unknown
8436,0.0,Unknown
8437,0.0,Unknown
8438,0.0,Unknown
8439,0.0,Unknown
8440,0.0,Unknown
8441,0.0,Unknown
8442,0.0,Unknown
8443,0.0,Unknown
8444,0.0,Unknown
8445,0.0,Unknown
8446,0.0,Unknown
8448,0.0,Unknown
8449,0.0,Unknown
8451,0.0,Unknown
8452,0.0,Unknown
8453,0.0,Unknown
8454,0.0,Unknown
8456,0.0,Unknown
8458,0.0,Unknown
8461,0.0,Unknown
8463,0.0,Unknown
8464,0.0,Unknown
8465,0.0,Unknown
8466,0.0,Unknown
8467,0.0,Unknown
8468,0.0,Unknown
8470,0.0,Unknown
8471,0.0,Unknown
8472,0.0,Unknown
8474,0.0,Unknown
8476,0.0,Unknown
8480,0.0,Unknown
8482,0.0,Unknown
8483,0.0,Unknown
8484,0.0,Unknown
8485,0.0,Unknown
8486,0.0,Unknown
8488,0.0,Unknown
8489,0.0,Unknown
8491,0.0,Unknown
8492,0.0,Unknown
8496,0.0,Unknown
8497,0.0,Unknown
8498,0.0,Unknown
8499,0.0,Unknown
8500,0.0,Unknown
8501,0.0,Unknown
8502,0.0,Unknown
8505,0.0,Unknown
8507,0.0,Unknown
8514,0.0,Unknown
8516,0.0,Unknown
8517,0.0,Unknown
8518,0.0,Unknown
8519,0.0,Unknown
8520,0.0,Unknown
8521,0.0,Unknown
8524,0.0,Unknown
8525,0.0,Unknown
8526,0.0,Unknown
8527,0.0,Unknown
8528,0.0,Unknown
8530,0.0,Unknown
8531,0.0,Unknown
8532,0.0,Unknown
8533,0.0,Unknown
8536,0.0,Unknown
8537,0.0,Unknown
8538,0.0,Unknown
8539,0.0,Unknown
8540,0.0,Unknown
8542,0.0,Unknown
8544,0.0,Unknown
8546,0.0,Unknown
8547,0.0,Unknown
8548,0.0,Unknown
8549,0.0,Unknown
8550,0.0,Unknown
8554,0.0,Unknown
8556,0.0,Unknown
8557,0.0,Unknown
8558,0.0,Unknown
8559,0.0,Unknown
8561,0.0,Unknown
8562,0.0,Unknown
8563,0.0,Unknown
8564,0.0,Unknown
8566,0.0,Unknown
8567,0.0,Unknown
8568,0.0,Unknown
8570,0.0,Unknown
8571,0.0,Unknown
8572,0.0,Unknown
8573,0.0,Unknown
8574,0.0,Unknown
8575,0.0,Unknown
8576,0.0,Unknown
8577,0.0,Unknown
8578,0.0,Unknown
8581,0.0,Unknown
8583,0.0,Unknown
8584,0.0,Unknown
8585,0.0,Unknown
8586,0.0,Unknown
8587,0.0,Unknown
8588,0.0,Unknown
8590,0.0,Unknown
8591,0.0,Unknown
8592,0.0,Unknown
8593,0.0,Unknown
8594,0.0,Unknown
8595,0.0,Unknown
8596,0.0,Unknown
8598,0.0,Unknown
8599,0.0,Unknown
8602,0.0,Unknown
8603,0.0,Unknown
8605,0.0,Unknown
8606,0.0,Unknown
8608,0.0,Unknown
8609,0.0,Unknown
8610,0.0,Unknown
8612,0.0,Unknown
8613,0.0,Unknown
8614,0.0,Unknown
8615,0.0,Unknown
8616,0.0,Unknown
8617,0.0,Unknown
8618,0.0,Unknown
8619,0.0,Unknown
8621,0.0,Unknown
8622,0.0,Unknown
8623,0.0,Unknown
8624,0.0,Unknown
8625,0.0,Unknown
8626,0.0,Unknown
8628,0.0,Unknown
8629,0.0,Unknown
8630,0.0,Unknown
8632,0.0,Unknown
8633,0.0,Unknown
8634,0.0,Unknown
8635,0.0,Unknown
8636,0.0,Unknown
8637,0.0,Unknown
8639,0.0,Unknown
8640,0.0,Unknown
8641,0.0,Unknown
8642,0.0,Unknown
8645,0.0,Unknown
8646,0.0,Unknown
8647,0.0,Unknown
8649,0.0,Unknown
8651,0.0,Unknown
8652,0.0,Unknown
8653,0.0,Unknown
8656,0.0,Unknown
8657,0.0,Unknown
8660,0.0,Unknown
8661,0.0,Unknown
8664,0.0,Unknown
8665,0.0,Unknown
8666,0.0,Unknown
8667,0.0,Unknown
8669,0.0,Unknown
8670,0.0,Unknown
8671,0.0,Unknown
8672,0.0,Unknown
8673,0.0,Unknown
8674,0.0,Unknown
8675,0.0,Unknown
8679,0.0,Unknown
8680,0.0,Unknown
8681,0.0,Unknown
8684,0.0,Unknown
8686,0.0,Unknown
8687,0.0,Unknown
8688,0.0,Unknown
8689,0.0,Unknown
8690,0.0,Unknown
8691,0.0,Unknown
8692,0.0,Unknown
8693,0.0,Unknown
8694,0.0,Unknown
8695,0.0,Unknown
8696,0.0,Unknown
8697,0.0,Unknown
8699,0.0,Unknown
8700,0.0,Unknown
8701,0.0,Unknown
8702,0.0,Unknown
8704,0.0,Unknown
8706,0.0,Unknown
8707,0.0,Unknown
8708,0.0,Unknown
8709,0.0,Unknown
8711,0.0,Unknown
8714,0.0,Unknown
8715,0.0,Unknown
8716,0.0,Unknown
8717,0.0,Unknown
8718,0.0,Unknown
8719,0.0,Unknown
8720,0.0,Unknown
8721,0.0,Unknown
8722,0.0,Unknown
8725,0.0,Unknown
8729,0.0,Unknown
8730,0.0,Unknown
8731,0.0,Unknown
8732,0.0,Unknown
8734,0.0,Unknown
8735,0.0,Unknown
8736,0.0,Unknown
8738,0.0,Unknown
8740,0.0,Unknown
8741,0.0,Unknown
8742,0.0,Unknown
8744,0.0,Unknown
8745,0.0,Unknown
8746,0.0,Unknown
8747,0.0,Unknown
8748,0.0,Unknown
8751,0.0,Unknown
8753,0.0,Unknown
8754,0.0,Unknown
8755,0.0,Unknown
8757,0.0,Unknown
8759,0.0,Unknown
8761,0.0,Unknown
8763,0.0,Unknown
8764,0.0,Unknown
8765,0.0,Unknown
8766,0.0,Unknown
8767,0.0,Unknown
8768,0.0,Unknown
8769,0.0,Unknown
8771,0.0,Unknown
8773,0.0,Unknown
8776,0.0,Unknown
8777,0.0,Unknown
8780,0.0,Unknown
8781,0.0,Unknown
8782,0.0,Unknown
8783,0.0,Unknown
8786,0.0,Unknown
8788,0.0,Unknown
8789,0.0,Unknown
8790,0.0,Unknown
8792,0.0,Unknown
8794,0.0,Unknown
8796,0.0,Unknown
8798,0.0,Unknown
8799,0.0,Unknown
8801,0.0,Unknown
8802,0.0,Unknown
8803,0.0,Unknown
8804,0.0,Unknown
8805,0.0,Unknown
8806,0.0,Unknown
8807,0.0,Unknown
8808,0.0,Unknown
8809,0.0,Unknown
8810,0.0,Unknown
8811,0.0,Unknown
8812,0.0,Unknown
8813,0.0,Unknown
8814,0.0,Unknown
8817,0.0,Unknown
8818,0.0,Unknown
8819,0.0,Unknown
8820,0.0,Unknown
8822,0.0,Unknown
8823,0.0,Unknown
8825,0.0,Unknown
8827,0.0,Unknown
8831,0.0,Unknown
8832,0.0,Unknown
8833,0.0,Unknown
8834,0.0,Unknown
8838,0.0,Unknown
8839,0.0,Unknown
8842,0.0,Unknown
8843,0.0,Unknown
8844,0.0,Unknown
8845,0.0,Unknown
8847,0.0,Unknown
8851,0.0,Unknown
8853,0.0,Unknown
8854,0.0,Unknown
8856,0.0,Unknown
8857,0.0,Unknown
8858,0.0,Unknown
8860,0.0,Unknown
8861,0.0,Unknown
8862,0.0,Unknown
8863,0.0,Unknown
8864,0.0,Unknown
8867,0.0,Unknown
8869,0.0,Unknown
8870,0.0,Unknown
8872,0.0,Unknown
8873,0.0,Unknown
8874,0.0,Unknown
8875,0.0,Unknown
8876,0.0,Unknown
8877,0.0,Unknown
8878,0.0,Unknown
8879,0.0,Unknown
8883,0.0,Unknown
8884,0.0,Unknown
8885,0.0,Unknown
8886,0.0,Unknown
8887,0.0,Unknown
8888,0.0,Unknown
8891,0.0,Unknown
8892,0.0,Unknown
8895,0.0,Unknown
8896,0.0,Unknown
8897,0.0,Unknown
8898,0.0,Unknown
8899,0.0,Unknown
8900,0.0,Unknown
8901,0.0,Unknown
8902,0.0,Unknown
8903,0.0,Unknown
8904,0.0,Unknown
8905,0.0,Unknown
8906,0.0,Unknown
8907,0.0,Unknown
8909,0.0,Unknown
8910,0.0,Unknown
8911,0.0,Unknown
8912,0.0,Unknown
8916,0.0,Unknown
8917,0.0,Unknown
8918,0.0,Unknown
8919,0.0,Unknown
8920,0.0,Unknown
8922,0.0,Unknown
8923,0.0,Unknown
8924,0.0,Unknown
8925,0.0,Unknown
8926,0.0,Unknown
8927,0.0,Unknown
8928,0.0,Unknown
8929,0.0,Unknown
8932,0.0,Unknown
8933,0.0,Unknown
8935,0.0,Unknown
8938,0.0,Unknown
8939,0.0,Unknown
8940,0.0,Unknown
8941,0.0,Unknown
8942,0.0,Unknown
8943,0.0,Unknown
8944,0.0,Unknown
8945,0.0,Unknown
8946,0.0,Unknown
8947,0.0,Unknown
8949,0.0,Unknown
8950,0.0,Unknown
8952,0.0,Unknown
8954,0.0,Unknown
8956,0.0,Unknown
8957,0.0,Unknown
8959,0.0,Unknown
8960,0.0,Unknown
8961,0.0,Unknown
8962,0.0,Unknown
8963,0.0,Unknown
8964,0.0,Unknown
8965,0.0,Unknown
8966,0.0,Unknown
8967,0.0,Unknown
8968,0.0,Unknown
8969,0.0,Unknown
8970,0.0,Unknown
8971,0.0,Unknown
8972,0.0,Unknown
8973,0.0,Unknown
8974,0.0,Unknown
8975,0.0,Unknown
8978,0.0,Unknown
8980,0.0,Unknown
8981,0.0,Unknown
8982,0.0,Unknown
8983,0.0,Unknown
8986,0.0,Unknown
8987,0.0,Unknown
8988,0.0,Unknown
8989,0.0,Unknown
8991,0.0,Unknown
8994,0.0,Unknown
8995,0.0,Unknown
8996,0.0,Unknown
8997,0.0,Unknown
8998,0.0,Unknown
9000,0.0,Unknown
9001,0.0,Unknown
9002,0.0,Unknown
9004,0.0,Unknown
9005,0.0,Unknown
9006,0.0,Unknown
9007,0.0,Unknown
9008,0.0,Unknown
9010,0.0,Unknown
9012,0.0,Unknown
9013,0.0,Unknown
9014,0.0,Unknown
9015,0.0,Unknown
9018,0.0,Unknown
9019,0.0,Unknown
9020,0.0,Unknown
9021,0.0,Unknown
9023,0.0,Unknown
9024,0.0,Unknown
9025,0.0,Unknown
9026,0.0,Unknown
9027,0.0,Unknown
9031,0.0,Unknown
9032,0.0,Unknown
9036,0.0,Unknown
9038,0.0,Unknown
9040,0.0,Unknown
9042,0.0,Unknown
9044,0.0,Unknown
9045,0.0,Unknown
9046,0.0,Unknown
9048,0.0,Unknown
9049,0.0,Unknown
9050,0.0,Unknown
9051,0.0,Unknown
9052,0.0,Unknown
9053,0.0,Unknown
9054,0.0,Unknown
9057,0.0,Unknown
9059,0.0,Unknown
9060,0.0,Unknown
9061,0.0,Unknown
9062,0.0,Unknown
9065,0.0,Unknown
9066,0.0,Unknown
9067,0.0,Unknown
9068,0.0,Unknown
9069,0.0,Unknown
9070,0.0,Unknown
9072,0.0,Unknown
9073,0.0,Unknown
9075,0.0,Unknown
9077,0.0,Unknown
9078,0.0,Unknown
9080,0.0,Unknown
9081,0.0,Unknown
9082,0.0,Unknown
9084,0.0,Unknown
9085,0.0,Unknown
9086,0.0,Unknown
9089,0.0,Unknown
9090,0.0,Unknown
9091,0.0,Unknown
9092,0.0,Unknown
9093,0.0,Unknown
9094,0.0,Unknown
9096,0.0,Unknown
9097,0.0,Unknown
9098,0.0,Unknown
9099,0.0,Unknown
9100,0.0,Unknown
9101,0.0,Unknown
9103,0.0,Unknown
9104,0.0,Unknown
9105,0.0,Unknown
9107,0.0,Unknown
9108,0.0,Unknown
9109,0.0,Unknown
9112,0.0,Unknown
9114,0.0,Unknown
9115,0.0,Unknown
9116,0.0,Unknown
9118,0.0,Unknown
9119,0.0,Unknown
9121,0.0,Unknown
9122,0.0,Unknown
9123,0.0,Unknown
9124,0.0,Unknown
9125,0.0,Unknown
9126,0.0,Unknown
9127,0.0,Unknown
9128,0.0,Unknown
9129,0.0,Unknown
9131,0.0,Unknown
9132,0.0,Unknown
9133,0.0,Unknown
9134,0.0,Unknown
9136,0.0,Unknown
9137,0.0,Unknown
9138,0.0,Unknown
9139,0.0,Unknown
9141,0.0,Unknown
9142,0.0,Unknown
9143,0.0,Unknown
9144,0.0,Unknown
9145,0.0,Unknown
9146,0.0,Unknown
9147,0.0,Unknown
9148,0.0,Unknown
9149,0.0,Unknown
9150,0.0,Unknown
9152,0.0,Unknown
9153,0.0,Unknown
9154,0.0,Unknown
9155,0.0,Unknown
9156,0.0,Unknown
9159,0.0,Unknown
9160,0.0,Unknown
9161,0.0,Unknown
9162,0.0,Unknown
9163,0.0,Unknown
9164,0.0,Unknown
9165,0.0,Unknown
9166,0.0,Unknown
9167,0.0,Unknown
9168,0.0,Unknown
9169,0.0,Unknown
9170,0.0,Unknown
9171,0.0,Unknown
9172,0.0,Unknown
9173,0.0,Unknown
9175,0.0,Unknown
9176,0.0,Unknown
9177,0.0,Unknown
9179,0.0,Unknown
9180,0.0,Unknown
9181,0.0,Unknown
9182,0.0,Unknown
9185,0.0,Unknown
9186,0.0,Unknown
9187,0.0,Unknown
9188,0.0,Unknown
9189,0.0,Unknown
9190,0.0,Unknown
9191,0.0,Unknown
9192,0.0,Unknown
9194,0.0,Unknown
9195,0.0,Unknown
9196,0.0,Unknown
9198,0.0,Unknown
9200,0.0,Unknown
9204,0.0,Unknown
9206,0.0,Unknown
9207,0.0,Unknown
9208,0.0,Unknown
9209,0.0,Unknown
9210,0.0,Unknown
9214,0.0,Unknown
9216,0.0,Unknown
9217,0.0,Unknown
9218,0.0,Unknown
9219,0.0,Unknown
9220,0.0,Unknown
9221,0.0,Unknown
9228,0.0,Unknown
9230,0.0,Unknown
9232,0.0,Unknown
9233,0.0,Unknown
9235,0.0,Unknown
9236,0.0,Unknown
9238,0.0,Unknown
9241,0.0,Unknown
9243,0.0,Unknown
9244,0.0,Unknown
9245,0.0,Unknown
9246,0.0,Unknown
9247,0.0,Unknown
9248,0.0,Unknown
9249,0.0,Unknown
9251,0.0,Unknown
9252,0.0,Unknown
9253,0.0,Unknown
9255,0.0,Unknown
9256,0.0,Unknown
9257,0.0,Unknown
9258,0.0,Unknown
9259,0.0,Unknown
9260,0.0,Unknown
9261,0.0,Unknown
9262,0.0,Unknown
9264,0.0,Unknown
9266,0.0,Unknown
9267,0.0,Unknown
9268,0.0,Unknown
9269,0.0,Unknown
9271,0.0,Unknown
9272,0.0,Unknown
9274,0.0,Unknown
9275,0.0,Unknown
9276,0.0,Unknown
9277,0.0,Unknown
9278,0.0,Unknown
9279,0.0,Unknown
9280,0.0,Unknown
9281,0.0,Unknown
9282,0.0,Unknown
9284,0.0,Unknown
9285,0.0,Unknown
9286,0.0,Unknown
9287,0.0,Unknown
9289,0.0,Unknown
9290,0.0,Unknown
9291,0.0,Unknown
9292,0.0,Unknown
9294,0.0,Unknown
9297,0.0,Unknown
9298,0.0,Unknown
9299,0.0,Unknown
9300,0.0,Unknown
9301,0.0,Unknown
9303,0.0,Unknown
9304,0.0,Unknown
9305,0.0,Unknown
9307,0.0,Unknown
9308,0.0,Unknown
9311,0.0,Unknown
9312,0.0,Unknown
9313,0.0,Unknown
9314,0.0,Unknown
9315,0.0,Unknown
9316,0.0,Unknown
9317,0.0,Unknown
9318,0.0,Unknown
9321,0.0,Unknown
9322,0.0,Unknown
9323,0.0,Unknown
9325,0.0,Unknown
9326,0.0,Unknown
9327,0.0,Unknown
9329,0.0,Unknown
9330,0.0,Unknown
9333,0.0,Unknown
9334,0.0,Unknown
9336,0.0,Unknown
9337,0.0,Unknown
9338,0.0,Unknown
9339,0.0,Unknown
9340,0.0,Unknown
9341,0.0,Unknown
9342,0.0,Unknown
9343,0.0,Unknown
9344,0.0,Unknown
9345,0.0,Unknown
9346,0.0,Unknown
9349,0.0,Unknown
9350,0.0,Unknown
9351,0.0,Unknown
9352,0.0,Unknown
9354,0.0,Unknown
9355,0.0,Unknown
9357,0.0,Unknown
9358,0.0,Unknown
9359,0.0,Unknown
9360,0.0,Unknown
9362,0.0,Unknown
9363,0.0,Unknown
9364,0.0,Unknown
9365,0.0,Unknown
9366,0.0,Unknown
9368,0.0,Unknown
9369,0.0,Unknown
9370,0.0,Unknown
9371,0.0,Unknown
9372,0.0,Unknown
9375,0.0,Unknown
9377,0.0,Unknown
9378,0.0,Unknown
9379,0.0,Unknown
9381,0.0,Unknown
9382,0.0,Unknown
9384,0.0,Unknown
9385,0.0,Unknown
9386,0.0,Unknown
9387,0.0,Unknown
9388,0.0,Unknown
9389,0.0,Unknown
9390,0.0,Unknown
9393,0.0,Unknown
9394,0.0,Unknown
9395,0.0,Unknown
9396,0.0,Unknown
9397,0.0,Unknown
9398,0.0,Unknown
9399,0.0,Unknown
9401,0.0,Unknown
9402,0.0,Unknown
9403,0.0,Unknown
9405,0.0,Unknown
9408,0.0,Unknown
9409,0.0,Unknown
9410,0.0,Unknown
9411,0.0,Unknown
9414,0.0,Unknown
9416,0.0,Unknown
9418,0.0,Unknown
9419,0.0,Unknown
9420,0.0,Unknown
9421,0.0,Unknown
9423,0.0,Unknown
9424,0.0,Unknown
9427,0.0,Unknown
9428,0.0,Unknown
9429,0.0,Unknown
9430,0.0,Unknown
9431,0.0,Unknown
9432,0.0,Unknown
9433,0.0,Unknown
9434,0.0,Unknown
9435,0.0,Unknown
9436,0.0,Unknown
9437,0.0,Unknown
9438,0.0,Unknown
9439,0.0,Unknown
9440,0.0,Unknown
9441,0.0,Unknown
9443,0.0,Unknown
9444,0.0,Unknown
9445,0.0,Unknown
9446,0.0,Unknown
9447,0.0,Unknown
9448,0.0,Unknown
9449,0.0,Unknown
9450,0.0,Unknown
9451,0.0,Unknown
9452,0.0,Unknown
9453,0.0,Unknown
9454,0.0,Unknown
9455,0.0,Unknown
9456,0.0,Unknown
9457,0.0,Unknown
9458,0.0,Unknown
9459,0.0,Unknown
9460,0.0,Unknown
9461,0.0,Unknown
9462,0.0,Unknown
9464,0.0,Unknown
9466,0.0,Unknown
9468,0.0,Unknown
9469,0.0,Unknown
9471,0.0,Unknown
9474,0.0,Unknown
9477,0.0,Unknown
9478,0.0,Unknown
9479,0.0,Unknown
9480,0.0,Unknown
9482,0.0,Unknown
9483,0.0,Unknown
9484,0.0,Unknown
9485,0.0,Unknown
9486,0.0,Unknown
9487,0.0,Unknown
9488,0.0,Unknown
9489,0.0,Unknown
9491,0.0,Unknown
9492,0.0,Unknown
9493,0.0,Unknown
9494,0.0,Unknown
9495,0.0,Unknown
9497,0.0,Unknown
9498,0.0,Unknown
9499,0.0,Unknown
9500,0.0,Unknown
9501,0.0,Unknown
9502,0.0,Unknown
9505,0.0,Unknown
9508,0.0,Unknown
9509,0.0,Unknown
9511,0.0,Unknown
9513,0.0,Unknown
9514,0.0,Unknown
9515,0.0,Unknown
9516,0.0,Unknown
9517,0.0,Unknown
9519,0.0,Unknown
9521,0.0,Unknown
9522,0.0,Unknown
9524,0.0,Unknown
9525,0.0,Unknown
9526,0.0,Unknown
9527,0.0,Unknown
9528,0.0,Unknown
9530,0.0,Unknown
9531,0.0,Unknown
9532,0.0,Unknown
9533,0.0,Unknown
9534,0.0,Unknown
9536,0.0,Unknown
9538,0.0,Unknown
9539,0.0,Unknown
9540,0.0,Unknown
9541,0.0,Unknown
9543,0.0,Unknown
9544,0.0,Unknown
9546,0.0,Unknown
9547,0.0,Unknown
9548,0.0,Unknown
9549,0.0,Unknown
9550,0.0,Unknown
9551,0.0,Unknown
9552,0.0,Unknown
9553,0.0,Unknown
9554,0.0,Unknown
9556,0.0,Unknown
9559,0.0,Unknown
9561,0.0,Unknown
9562,0.0,Unknown
9564,0.0,Unknown
9567,0.0,Unknown
9568,0.0,Unknown
9570,0.0,Unknown
9571,0.0,Unknown
9572,0.0,Unknown
9574,0.0,Unknown
9575,0.0,Unknown
9576,0.0,Unknown
9578,0.0,Unknown
9579,0.0,Unknown
9580,0.0,Unknown
9582,0.0,Unknown
9583,0.0,Unknown
9584,0.0,Unknown
9585,0.0,Unknown
9586,0.0,Unknown
9587,0.0,Unknown
9588,0.0,Unknown
9589,0.0,Unknown
9590,0.0,Unknown
9591,0.0,Unknown
9592,0.0,Unknown
9593,0.0,Unknown
9594,0.0,Unknown
9595,0.0,Unknown
9596,0.0,Unknown
9598,0.0,Unknown
9600,0.0,Unknown
9602,0.0,Unknown
9603,0.0,Unknown
9604,0.0,Unknown
9605,0.0,Unknown
9606,0.0,Unknown
9608,0.0,Unknown
9609,0.0,Unknown
9612,0.0,Unknown
9613,0.0,Unknown
9614,0.0,Unknown
9615,0.0,Unknown
9618,0.0,Unknown
9619,0.0,Unknown
9620,0.0,Unknown
9621,0.0,Unknown
9623,0.0,Unknown
9625,0.0,Unknown
9627,0.0,Unknown
9628,0.0,Unknown
9629,0.0,Unknown
9630,0.0,Unknown
9632,0.0,Unknown
9633,0.0,Unknown
9634,0.0,Unknown
9635,0.0,Unknown
9636,0.0,Unknown
9637,0.0,Unknown
9639,0.0,Unknown
9640,0.0,Unknown
9641,0.0,Unknown
9642,0.0,Unknown
9644,0.0,Unknown
9645,0.0,Unknown
9646,0.0,Unknown
9647,0.0,Unknown
9648,0.0,Unknown
9649,0.0,Unknown
9650,0.0,Unknown
9651,0.0,Unknown
9655,0.0,Unknown
9657,0.0,Unknown
9658,0.0,Unknown
9659,0.0,Unknown
9661,0.0,Unknown
9663,0.0,Unknown
9664,0.0,Unknown
9665,0.0,Unknown
9666,0.0,Unknown
9668,0.0,Unknown
9669,0.0,Unknown
9671,0.0,Unknown
9672,0.0,Unknown
9674,0.0,Unknown
9676,0.0,Unknown
9678,0.0,Unknown
9679,0.0,Unknown
9680,0.0,Unknown
9682,0.0,Unknown
9684,0.0,Unknown
9685,0.0,Unknown
9687,0.0,Unknown
9688,0.0,Unknown
9689,0.0,Unknown
9690,0.0,Unknown
9691,0.0,Unknown
9692,0.0,Unknown
9694,0.0,Unknown
9695,0.0,Unknown
9696,0.0,Unknown
9697,0.0,Unknown
9698,0.0,Unknown
9699,0.0,Unknown
9700,0.0,Unknown
9701,0.0,Unknown
9702,0.0,Unknown
9703,0.0,Unknown
9704,0.0,Unknown
9706,0.0,Unknown
9707,0.0,Unknown
9709,0.0,Unknown
9711,0.0,Unknown
9712,0.0,Unknown
9714,0.0,Unknown
9715,0.0,Unknown
9716,0.0,Unknown
9717,0.0,Unknown
9718,0.0,Unknown
9719,0.0,Unknown
9720,0.0,Unknown
9722,0.0,Unknown
9723,0.0,Unknown
9724,0.0,Unknown
9726,0.0,Unknown
9727,0.0,Unknown
9728,0.0,Unknown
9729,0.0,Unknown
9730,0.0,Unknown
9731,0.0,Unknown
9732,0.0,Unknown
9733,0.0,Unknown
9734,0.0,Unknown
9737,0.0,Unknown
9738,0.0,Unknown
9739,0.0,Unknown
9740,0.0,Unknown
9741,0.0,Unknown
9742,0.0,Unknown
9743,0.0,Unknown
9744,0.0,Unknown
9745,0.0,Unknown
9746,0.0,Unknown
9748,0.0,Unknown
9750,0.0,Unknown
9751,0.0,Unknown
9753,0.0,Unknown
9754,0.0,Unknown
9755,0.0,Unknown
9756,0.0,Unknown
9757,0.0,Unknown
9761,0.0,Unknown
9762,0.0,Unknown
9763,0.0,Unknown
9764,0.0,Unknown
9765,0.0,Unknown
9766,0.0,Unknown
9767,0.0,Unknown
9768,0.0,Unknown
9769,0.0,Unknown
9771,0.0,Unknown
9773,0.0,Unknown
9776,0.0,Unknown
9777,0.0,Unknown
9778,0.0,Unknown
9785,0.0,Unknown
9786,0.0,Unknown
9787,0.0,Unknown
9789,0.0,Unknown
9790,0.0,Unknown
9791,0.0,Unknown
9792,0.0,Unknown
9793,0.0,Unknown
9794,0.0,Unknown
9795,0.0,Unknown
9796,0.0,Unknown
9798,0.0,Unknown
9799,0.0,Unknown
9800,0.0,Unknown
9801,0.0,Unknown
9802,0.0,Unknown
9803,0.0,Unknown
9804,0.0,Unknown
9805,0.0,Unknown
9807,0.0,Unknown
9809,0.0,Unknown
9811,0.0,Unknown
9812,0.0,Unknown
9813,0.0,Unknown
9814,0.0,Unknown
9815,0.0,Unknown
9816,0.0,Unknown
9817,0.0,Unknown
9819,0.0,Unknown
9820,0.0,Unknown
9822,0.0,Unknown
9823,0.0,Unknown
9825,0.0,Unknown
9826,0.0,Unknown
9827,0.0,Unknown
9828,0.0,Unknown
9829,0.0,Unknown
9830,0.0,Unknown
9833,0.0,Unknown
9834,0.0,Unknown
9835,0.0,Unknown
9836,0.0,Unknown
9837,0.0,Unknown
9841,0.0,Unknown
9843,0.0,Unknown
9845,0.0,Unknown
9847,0.0,Unknown
9848,0.0,Unknown
9852,0.0,Unknown
9853,0.0,Unknown
9857,0.0,Unknown
9859,0.0,Unknown
9861,0.0,Unknown
9863,0.0,Unknown
9864,0.0,Unknown
9868,0.0,Unknown
9869,0.0,Unknown
9870,0.0,Unknown
9871,0.0,Unknown
9872,0.0,Unknown
9874,0.0,Unknown
9875,0.0,Unknown
9876,0.0,Unknown
9878,0.0,Unknown
9880,0.0,Unknown
9881,0.0,Unknown
9882,0.0,Unknown
9883,0.0,Unknown
9884,0.0,Unknown
9886,0.0,Unknown
9888,0.0,Unknown
9889,0.0,Unknown
9890,0.0,Unknown
9893,0.0,Unknown
9894,0.0,Unknown
9895,0.0,Unknown
9898,0.0,Unknown
9899,0.0,Unknown
9900,0.0,Unknown
9903,0.0,Unknown
9905,0.0,Unknown
9906,0.0,Unknown
9907,0.0,Unknown
9909,0.0,Unknown
9910,0.0,Unknown
9911,0.0,Unknown
9912,0.0,Unknown
9913,0.0,Unknown
9914,0.0,Unknown
9915,0.0,Unknown
9916,0.0,Unknown
9917,0.0,Unknown
9918,0.0,Unknown
9919,0.0,Unknown
9920,0.0,Unknown
9921,0.0,Unknown
9924,0.0,Unknown
9925,0.0,Unknown
9926,0.0,Unknown
9928,0.0,Unknown
9929,0.0,Unknown
9930,0.0,Unknown
9931,0.0,Unknown
9932,0.0,Unknown
9933,0.0,Unknown
9934,0.0,Unknown
9936,0.0,Unknown
9937,0.0,Unknown
9938,0.0,Unknown
9939,0.0,Unknown
9941,0.0,Unknown
9942,0.0,Unknown
9945,0.0,Unknown
9948,0.0,Unknown
9949,0.0,Unknown
9950,0.0,Unknown
9951,0.0,Unknown
9952,0.0,Unknown
9953,0.0,Unknown
9955,0.0,Unknown
9956,0.0,Unknown
9958,0.0,Unknown
9959,0.0,Unknown
9960,0.0,Unknown
9961,0.0,Unknown
9962,0.0,Unknown
9963,0.0,Unknown
9964,0.0,Unknown
9965,0.0,Unknown
9966,0.0,Unknown
9968,0.0,Unknown
9969,0.0,Unknown
9972,0.0,Unknown
9973,0.0,Unknown
9975,0.0,Unknown
9976,0.0,Unknown
9978,0.0,Unknown
9979,0.0,Unknown
9980,0.0,Unknown
9981,0.0,Unknown
9982,0.0,Unknown
9983,0.0,Unknown
9985,0.0,Unknown
9986,0.0,Unknown
9988,0.0,Unknown
9992,0.0,Unknown
9993,0.0,Unknown
9995,0.0,Unknown
9996,0.0,Unknown
9997,0.0,Unknown
9998,0.0,Unknown
9999,0.0,Unknown
10001,0.0,Unknown
10002,0.0,Unknown
10004,0.0,Unknown
10005,0.0,Unknown
10006,0.0,Unknown
10008,0.0,Unknown
10009,0.0,Unknown
10010,0.0,Unknown
10011,0.0,Unknown
10012,0.0,Unknown
10013,0.0,Unknown
10014,0.0,Unknown
10015,0.0,Unknown
10016,0.0,Unknown
10017,0.0,Unknown
10018,0.0,Unknown
10019,0.0,Unknown
10021,0.0,Unknown
10022,0.0,Unknown
10023,0.0,Unknown
10025,0.0,Unknown
10026,0.0,Unknown
10027,0.0,Unknown
10028,0.0,Unknown
10029,0.0,Unknown
10030,0.0,Unknown
10031,0.0,Unknown
10032,0.0,Unknown
10034,0.0,Unknown
10036,0.0,Unknown
10037,0.0,Unknown
10039,0.0,Unknown
10040,0.0,Unknown
10041,0.0,Unknown
10043,0.0,Unknown
10044,0.0,Unknown
10045,0.0,Unknown
10047,0.0,Unknown
10048,0.0,Unknown
10050,0.0,Unknown
10051,0.0,Unknown
10052,0.0,Unknown
10053,0.0,Unknown
10054,0.0,Unknown
10055,0.0,Unknown
10056,0.0,Unknown
10057,0.0,Unknown
10058,0.0,Unknown
10059,0.0,Unknown
10060,0.0,Unknown
10061,0.0,Unknown
10062,0.0,Unknown
10065,0.0,Unknown
10066,0.0,Unknown
10067,0.0,Unknown
10068,0.0,Unknown
10069,0.0,Unknown
10070,0.0,Unknown
10071,0.0,Unknown
10072,0.0,Unknown
10074,0.0,Unknown
10075,0.0,Unknown
10077,0.0,Unknown
10078,0.0,Unknown
10079,0.0,Unknown
10080,0.0,Unknown
10081,0.0,Unknown
10082,0.0,Unknown
10083,0.0,Unknown
10084,0.0,Unknown
10085,0.0,Unknown
10086,0.0,Unknown
10087,0.0,Unknown
10088,0.0,Unknown
10089,0.0,Unknown
10092,0.0,Unknown
10093,0.0,Unknown
10094,0.0,Unknown
10095,0.0,Unknown
10096,0.0,Unknown
10097,0.0,Unknown
10098,0.0,Unknown
10101,0.0,Unknown
10102,0.0,Unknown
10103,0.0,Unknown
10104,0.0,Unknown
10105,0.0,Unknown
10106,0.0,Unknown
10107,0.0,Unknown
10108,0.0,Unknown
10109,0.0,Unknown
10110,0.0,Unknown
10111,0.0,Unknown
10112,0.0,Unknown
10113,0.0,Unknown
10114,0.0,Unknown
10115,0.0,Unknown
10116,0.0,Unknown
10117,0.0,Unknown
10118,0.0,Unknown
10121,0.0,Unknown
10122,0.0,Unknown
10123,0.0,Unknown
10124,0.0,Unknown
10125,0.0,Unknown
10127,0.0,Unknown
10128,0.0,Unknown
10129,0.0,Unknown
10130,0.0,Unknown
10131,0.0,Unknown
10132,0.0,Unknown
10133,0.0,Unknown
10134,0.0,Unknown
10135,0.0,Unknown
10136,0.0,Unknown
10138,0.0,Unknown
10141,0.0,Unknown
10142,0.0,Unknown
10144,0.0,Unknown
10145,0.0,Unknown
10146,0.0,Unknown
10147,0.0,Unknown
10148,0.0,Unknown
10149,0.0,Unknown
10151,0.0,Unknown
10155,0.0,Unknown
10156,0.0,Unknown
10157,0.0,Unknown
10158,0.0,Unknown
10159,0.0,Unknown
10160,0.0,Unknown
10161,0.0,Unknown
10162,0.0,Unknown
10165,0.0,Unknown
10166,0.0,Unknown
10167,0.0,Unknown
10168,0.0,Unknown
10169,0.0,Unknown
10170,0.0,Unknown
10171,0.0,Unknown
10172,0.0,Unknown
10173,0.0,Unknown
10176,0.0,Unknown
10178,0.0,Unknown
10180,0.0,Unknown
10181,0.0,Unknown
10182,0.0,Unknown
10184,0.0,Unknown
10185,0.0,Unknown
10186,0.0,Unknown
10187,0.0,Unknown
10188,0.0,Unknown
10189,0.0,Unknown
10190,0.0,Unknown
10193,0.0,Unknown
10194,0.0,Unknown
10197,0.0,Unknown
10198,0.0,Unknown
10199,0.0,Unknown
10200,0.0,Unknown
10201,0.0,Unknown
10204,0.0,Unknown
10206,0.0,Unknown
10209,0.0,Unknown
10210,0.0,Unknown
10211,0.0,Unknown
10214,0.0,Unknown
10215,0.0,Unknown
10216,0.0,Unknown
10217,0.0,Unknown
10218,0.0,Unknown
10219,0.0,Unknown
10221,0.0,Unknown
10222,0.0,Unknown
10223,0.0,Unknown
10224,0.0,Unknown
10225,0.0,Unknown
10226,0.0,Unknown
10227,0.0,Unknown
10229,0.0,Unknown
10230,0.0,Unknown
10231,0.0,Unknown
10232,0.0,Unknown
10233,0.0,Unknown
10235,0.0,Unknown
10237,0.0,Unknown
10238,0.0,Unknown
10239,0.0,Unknown
10240,0.0,Unknown
10241,0.0,Unknown
10242,0.0,Unknown
10243,0.0,Unknown
10245,0.0,Unknown
10246,0.0,Unknown
10247,0.0,Unknown
10248,0.0,Unknown
10249,0.0,Unknown
10251,0.0,Unknown
10253,0.0,Unknown
10254,0.0,Unknown
10255,0.0,Unknown
10256,0.0,Unknown
10257,0.0,Unknown
10258,0.0,Unknown
10259,0.0,Unknown
10260,0.0,Unknown
10261,0.0,Unknown
10262,0.0,Unknown
10263,0.0,Unknown
10264,0.0,Unknown
10265,0.0,Unknown
10266,0.0,Unknown
10267,0.0,Unknown
10268,0.0,Unknown
10269,0.0,Unknown
10272,0.0,Unknown
10273,0.0,Unknown
10274,0.0,Unknown
10276,0.0,Unknown
10278,0.0,Unknown
10279,0.0,Unknown
10280,0.0,Unknown
10281,0.0,Unknown
10283,0.0,Unknown
10284,0.0,Unknown
10285,0.0,Unknown
10288,0.0,Unknown
10290,0.0,Unknown
10291,0.0,Unknown
10293,0.0,Unknown
10294,0.0,Unknown
10295,0.0,Unknown
10296,0.0,Unknown
10297,0.0,Unknown
10298,0.0,Unknown
10299,0.0,Unknown
10300,0.0,Unknown
10301,0.0,Unknown
10302,0.0,Unknown
10303,0.0,Unknown
10305,0.0,Unknown
10306,0.0,Unknown
10307,0.0,Unknown
10309,0.0,Unknown
10311,0.0,Unknown
10312,0.0,Unknown
10313,0.0,Unknown
10315,0.0,Unknown
10316,0.0,Unknown
10317,0.0,Unknown
10318,0.0,Unknown
10322,0.0,Unknown
10324,0.0,Unknown
10325,0.0,Unknown
10326,0.0,Unknown
10327,0.0,Unknown
10328,0.0,Unknown
10329,0.0,Unknown
10330,0.0,Unknown
10331,0.0,Unknown
10332,0.0,Unknown
10333,0.0,Unknown
10334,0.0,Unknown
10335,0.0,Unknown
10336,0.0,Unknown
10337,0.0,Unknown
10338,0.0,Unknown
10339,0.0,Unknown
10340,0.0,Unknown
10341,0.0,Unknown
10342,0.0,Unknown
10344,0.0,Unknown
10347,0.0,Unknown
10348,0.0,Unknown
10349,0.0,Unknown
10350,0.0,Unknown
10351,0.0,Unknown
10352,0.0,Unknown
10354,0.0,Unknown
10355,0.0,Unknown
10356,0.0,Unknown
10357,0.0,Unknown
10358,0.0,Unknown
10359,0.0,Unknown
10360,0.0,Unknown
10362,0.0,Unknown
10363,0.0,Unknown
10364,0.0,Unknown
10365,0.0,Unknown
10367,0.0,Unknown
10368,0.0,Unknown
10370,0.0,Unknown
10371,0.0,Unknown
10376,0.0,Unknown
10377,0.0,Unknown
10378,0.0,Unknown
10379,0.0,Unknown
10380,0.0,Unknown
10381,0.0,Unknown
10383,0.0,Unknown
10384,0.0,Unknown
10385,0.0,Unknown
10386,0.0,Unknown
10387,0.0,Unknown
10388,0.0,Unknown
10389,0.0,Unknown
10390,0.0,Unknown
10392,0.0,Unknown
10393,0.0,Unknown
10394,0.0,Unknown
10395,0.0,Unknown
10396,0.0,Unknown
10397,0.0,Unknown
10399,0.0,Unknown
10401,0.0,Unknown
10402,0.0,Unknown
10404,0.0,Unknown
10406,0.0,Unknown
10407,0.0,Unknown
10408,0.0,Unknown
10409,0.0,Unknown
10410,0.0,Unknown
10411,0.0,Unknown
10413,0.0,Unknown
10414,0.0,Unknown
10416,0.0,Unknown
10417,0.0,Unknown
10418,0.0,Unknown
10421,0.0,Unknown
10422,0.0,Unknown
10423,0.0,Unknown
10425,0.0,Unknown
10426,0.0,Unknown
10427,0.0,Unknown
10429,0.0,Unknown
10431,0.0,Unknown
10432,0.0,Unknown
10433,0.0,Unknown
10434,0.0,Unknown
10435,0.0,Unknown
10436,0.0,Unknown
10437,0.0,Unknown
10439,0.0,Unknown
10440,0.0,Unknown
10442,0.0,Unknown
10444,0.0,Unknown
10445,0.0,Unknown
10446,0.0,Unknown
10447,0.0,Unknown
10448,0.0,Unknown
10450,0.0,Unknown
10451,0.0,Unknown
10452,0.0,Unknown
10453,0.0,Unknown
10454,0.0,Unknown
10455,0.0,Unknown
10456,0.0,Unknown
10457,0.0,Unknown
10458,0.0,Unknown
10459,0.0,Unknown
10460,0.0,Unknown
10461,0.0,Unknown
10462,0.0,Unknown
10463,0.0,Unknown
10464,0.0,Unknown
10465,0.0,Unknown
10466,0.0,Unknown
10467,0.0,Unknown
10468,0.0,Unknown
10469,0.0,Unknown
10470,0.0,Unknown
10471,0.0,Unknown
10474,0.0,Unknown
10475,0.0,Unknown
10476,0.0,Unknown
10477,0.0,Unknown
10478,0.0,Unknown
10479,0.0,Unknown
10480,0.0,Unknown
10481,0.0,Unknown
10482,0.0,Unknown
10483,0.0,Unknown
10484,0.0,Unknown
10485,0.0,Unknown
10487,0.0,Unknown
10488,0.0,Unknown
10489,0.0,Unknown
10490,0.0,Unknown
10492,0.0,Unknown
10493,0.0,Unknown
10494,0.0,Unknown
10500,0.0,Unknown
10501,0.0,Unknown
10502,0.0,Unknown
10503,0.0,Unknown
10504,0.0,Unknown
10505,0.0,Unknown
10506,0.0,Unknown
10507,0.0,Unknown
10508,0.0,Unknown
10509,0.0,Unknown
10510,0.0,Unknown
10511,0.0,Unknown
10512,0.0,Unknown
10513,0.0,Unknown
10514,0.0,Unknown
10515,0.0,Unknown
10516,0.0,Unknown
10517,0.0,Unknown
10518,0.0,Unknown
10519,0.0,Unknown
10520,0.0,Unknown
10522,0.0,Unknown
10523,0.0,Unknown
10524,0.0,Unknown
10525,0.0,Unknown
10526,0.0,Unknown
10528,0.0,Unknown
10530,0.0,Unknown
10535,0.0,Unknown
10536,0.0,Unknown
10537,0.0,Unknown
10538,0.0,Unknown
10540,0.0,Unknown
10541,0.0,Unknown
10542,0.0,Unknown
10543,0.0,Unknown
10544,0.0,Unknown
10545,0.0,Unknown
10546,0.0,Unknown
10547,0.0,Unknown
10548,0.0,Unknown
10549,0.0,Unknown
10550,0.0,Unknown
10551,0.0,Unknown
10552,0.0,Unknown
10554,0.0,Unknown
10555,0.0,Unknown
10557,0.0,Unknown
10559,0.0,Unknown
10561,0.0,Unknown
10562,0.0,Unknown
10563,0.0,Unknown
10564,0.0,Unknown
10565,0.0,Unknown
10566,0.0,Unknown
10567,0.0,Unknown
10568,0.0,Unknown
10569,0.0,Unknown
10573,0.0,Unknown
10575,0.0,Unknown
10577,0.0,Unknown
10579,0.0,Unknown
10580,0.0,Unknown
10581,0.0,Unknown
10582,0.0,Unknown
10583,0.0,Unknown
10584,0.0,Unknown
10585,0.0,Unknown
10586,0.0,Unknown
10587,0.0,Unknown
10588,0.0,Unknown
10589,0.0,Unknown
10590,0.0,Unknown
10591,0.0,Unknown
10592,0.0,Unknown
10595,0.0,Unknown
10596,0.0,Unknown
10597,0.0,Unknown
10598,0.0,Unknown
10599,0.0,Unknown
10600,0.0,Unknown
10601,0.0,Unknown
10602,0.0,Unknown
10603,0.0,Unknown
10604,0.0,Unknown
10605,0.0,Unknown
10606,0.0,Unknown
10607,0.0,Unknown
10608,0.0,Unknown
10610,0.0,Unknown
10611,0.0,Unknown
10612,0.0,Unknown
10613,0.0,Unknown
10614,0.0,Unknown
10615,0.0,Unknown
10616,0.0,Unknown
10618,0.0,Unknown
10620,0.0,Unknown
10621,0.0,Unknown
10623,0.0,Unknown
10624,0.0,Unknown
10625,0.0,Unknown
10627,0.0,Unknown
10629,0.0,Unknown
10631,0.0,Unknown
10633,0.0,Unknown
10635,0.0,Unknown
10637,0.0,Unknown
10638,0.0,Unknown
10639,0.0,Unknown
10640,0.0,Unknown
10641,0.0,Unknown
10644,0.0,Unknown
10645,0.0,Unknown
10646,0.0,Unknown
10647,0.0,Unknown
10648,0.0,Unknown
10649,0.0,Unknown
10650,0.0,Unknown
10651,0.0,Unknown
10652,0.0,Unknown
10653,0.0,Unknown
10655,0.0,Unknown
10656,0.0,Unknown
10658,0.0,Unknown
10659,0.0,Unknown
10660,0.0,Unknown
10661,0.0,Unknown
10662,0.0,Unknown
10664,0.0,Unknown
10665,0.0,Unknown
10666,0.0,Unknown
10667,0.0,Unknown
10668,0.0,Unknown
10669,0.0,Unknown
10670,0.0,Unknown
10673,0.0,Unknown
10674,0.0,Unknown
10675,0.0,Unknown
10676,0.0,Unknown
10677,0.0,Unknown
10678,0.0,Unknown
10679,0.0,Unknown
10680,0.0,Unknown
10681,0.0,Unknown
10682,0.0,Unknown
10683,0.0,Unknown
10686,0.0,Unknown
10688,0.0,Unknown
10689,0.0,Unknown
10690,0.0,Unknown
10691,0.0,Unknown
10692,0.0,Unknown
10693,0.0,Unknown
10694,0.0,Unknown
10696,0.0,Unknown
10698,0.0,Unknown
10700,0.0,Unknown
10701,0.0,Unknown
10702,0.0,Unknown
10703,0.0,Unknown
10704,0.0,Unknown
10705,0.0,Unknown
10707,0.0,Unknown
10708,0.0,Unknown
10710,0.0,Unknown
10711,0.0,Unknown
10712,0.0,Unknown
10714,0.0,Unknown
10715,0.0,Unknown
10716,0.0,Unknown
10717,0.0,Unknown
10718,0.0,Unknown
10719,0.0,Unknown
10720,0.0,Unknown
10727,0.0,Unknown
10730,0.0,Unknown
10731,0.0,Unknown
10733,0.0,Unknown
10734,0.0,Unknown
10735,0.0,Unknown
10737,0.0,Unknown
10739,0.0,Unknown
10740,0.0,Unknown
10741,0.0,Unknown
10742,0.0,Unknown
10743,0.0,Unknown
10745,0.0,Unknown
10747,0.0,Unknown
10748,0.0,Unknown
10749,0.0,Unknown
10750,0.0,Unknown
10751,0.0,Unknown
10752,0.0,Unknown
10753,0.0,Unknown
10755,0.0,Unknown
10756,0.0,Unknown
10760,0.0,Unknown
10761,0.0,Unknown
10762,0.0,Unknown
10763,0.0,Unknown
10764,0.0,Unknown
10765,0.0,Unknown
10766,0.0,Unknown
10767,0.0,Unknown
10769,0.0,Unknown
10770,0.0,Unknown
10771,0.0,Unknown
10772,0.0,Unknown
10774,0.0,Unknown
10775,0.0,Unknown
10776,0.0,Unknown
10777,0.0,Unknown
10778,0.0,Unknown
10779,0.0,Unknown
10780,0.0,Unknown
10781,0.0,Unknown
10782,0.0,Unknown
10783,0.0,Unknown
10784,0.0,Unknown
10785,0.0,Unknown
10786,0.0,Unknown
10787,0.0,Unknown
10788,0.0,Unknown
10789,0.0,Unknown
10792,0.0,Unknown
10793,0.0,Unknown
10794,0.0,Unknown
10797,0.0,Unknown
10798,0.0,Unknown
10803,0.0,Unknown
10804,0.0,Unknown
10805,0.0,Unknown
10806,0.0,Unknown
10807,0.0,Unknown
10808,0.0,Unknown
10809,0.0,Unknown
10811,0.0,Unknown
10813,0.0,Unknown
10814,0.0,Unknown
10815,0.0,Unknown
10816,0.0,Unknown
10817,0.0,Unknown
10818,0.0,Unknown
10819,0.0,Unknown
10821,0.0,Unknown
10823,0.0,Unknown
10824,0.0,Unknown
10825,0.0,Unknown
10826,0.0,Unknown
10827,0.0,Unknown
10828,0.0,Unknown
10830,0.0,Unknown
10831,0.0,Unknown
10832,0.0,Unknown
10833,0.0,Unknown
10834,0.0,Unknown
10835,0.0,Unknown
10836,0.0,Unknown
10838,0.0,Unknown
10839,0.0,Unknown
10841,0.0,Unknown
10843,0.0,Unknown
10846,0.0,Unknown
10848,0.0,Unknown
10849,0.0,Unknown
10850,0.0,Unknown
10851,0.0,Unknown
10852,0.0,Unknown
10854,0.0,Unknown
10855,0.0,Unknown
10856,0.0,Unknown
10858,0.0,Unknown
10860,0.0,Unknown
10862,0.0,Unknown
10864,0.0,Unknown
10865,0.0,Unknown
10867,0.0,Unknown
10868,0.0,Unknown
10869,0.0,Unknown
10870,0.0,Unknown
10871,0.0,Unknown
10872,0.0,Unknown
10874,0.0,Unknown
10875,0.0,Unknown
10876,0.0,Unknown
10877,0.0,Unknown
10878,0.0,Unknown
10879,0.0,Unknown
10881,0.0,Unknown
10882,0.0,Unknown
10883,0.0,Unknown
10884,0.0,Unknown
10885,0.0,Unknown
10887,0.0,Unknown
10888,0.0,Unknown
10890,0.0,Unknown
10891,0.0,Unknown
10892,0.0,Unknown
10893,0.0,Unknown
10895,0.0,Unknown
10896,0.0,Unknown
10898,0.0,Unknown
10900,0.0,Unknown
10901,0.0,Unknown
10903,0.0,Unknown
10904,0.0,Unknown
10905,0.0,Unknown
10906,0.0,Unknown
10907,0.0,Unknown
10908,0.0,Unknown
10909,0.0,Unknown
10910,0.0,Unknown
10911,0.0,Unknown
10912,0.0,Unknown
10914,0.0,Unknown
10915,0.0,Unknown
10917,0.0,Unknown
10920,0.0,Unknown
10921,0.0,Unknown
10923,0.0,Unknown
10924,0.0,Unknown
10925,0.0,Unknown
10926,0.0,Unknown
10931,0.0,Unknown
10932,0.0,Unknown
10933,0.0,Unknown
10934,0.0,Unknown
10936,0.0,Unknown
10937,0.0,Unknown
10938,0.0,Unknown
10939,0.0,Unknown
10940,0.0,Unknown
10941,0.0,Unknown
10944,0.0,Unknown
10945,0.0,Unknown
10946,0.0,Unknown
10948,0.0,Unknown
10949,0.0,Unknown
10950,0.0,Unknown
10951,0.0,Unknown
10952,0.0,Unknown
10954,0.0,Unknown
10955,0.0,Unknown
10956,0.0,Unknown
10957,0.0,Unknown
10958,0.0,Unknown
10959,0.0,Unknown
10960,0.0,Unknown
10961,0.0,Unknown
10962,0.0,Unknown
10963,0.0,Unknown
10964,0.0,Unknown
10965,0.0,Unknown
10966,0.0,Unknown
10967,0.0,Unknown
10968,0.0,Unknown
10969,0.0,Unknown
10971,0.0,Unknown
10974,0.0,Unknown
10977,0.0,Unknown
10978,0.0,Unknown
10979,0.0,Unknown
10981,0.0,Unknown
10983,0.0,Unknown
10985,0.0,Unknown
10986,0.0,Unknown
10987,0.0,Unknown
10988,0.0,Unknown
10989,0.0,Unknown
10990,0.0,Unknown
10991,0.0,Unknown
10992,0.0,Unknown
10993,0.0,Unknown
10994,0.0,Unknown
10996,0.0,Unknown
10997,0.0,Unknown
10998,0.0,Unknown
10999,0.0,Unknown
11000,0.0,Unknown
11001,0.0,Unknown
11002,0.0,Unknown
11003,0.0,Unknown
11004,0.0,Unknown
11005,0.0,Unknown
11008,0.0,Unknown
11009,0.0,Unknown
11010,0.0,Unknown
11011,0.0,Unknown
11012,0.0,Unknown
11013,0.0,Unknown
11015,0.0,Unknown
11017,0.0,Unknown
11018,0.0,Unknown
11020,0.0,Unknown
11021,0.0,Unknown
11022,0.0,Unknown
11023,0.0,Unknown
11024,0.0,Unknown
11025,0.0,Unknown
11026,0.0,Unknown
11027,0.0,Unknown
11029,0.0,Unknown
11030,0.0,Unknown
11031,0.0,Unknown
11032,0.0,Unknown
11033,0.0,Unknown
11034,0.0,Unknown
11035,0.0,Unknown
11036,0.0,Unknown
11037,0.0,Unknown
11041,0.0,Unknown
11043,0.0,Unknown
11044,0.0,Unknown
11045,0.0,Unknown
11046,0.0,Unknown
11047,0.0,Unknown
11049,0.0,Unknown
11050,0.0,Unknown
11051,0.0,Unknown
11052,0.0,Unknown
11053,0.0,Unknown
11056,0.0,Unknown
11057,0.0,Unknown
11058,0.0,Unknown
11061,0.0,Unknown
11062,0.0,Unknown
11064,0.0,Unknown
11065,0.0,Unknown
11066,0.0,Unknown
11067,0.0,Unknown
11068,0.0,Unknown
11069,0.0,Unknown
11070,0.0,Unknown
11073,0.0,Unknown
11074,0.0,Unknown
11077,0.0,Unknown
11078,0.0,Unknown
11084,0.0,Unknown
11085,0.0,Unknown
11086,0.0,Unknown
11087,0.0,Unknown
11090,0.0,Unknown
11091,0.0,Unknown
11094,0.0,Unknown
11095,0.0,Unknown
11096,0.0,Unknown
11098,0.0,Unknown
11099,0.0,Unknown
11100,0.0,Unknown
11101,0.0,Unknown
11102,0.0,Unknown
11103,0.0,Unknown
11105,0.0,Unknown
11106,0.0,Unknown
11107,0.0,Unknown
11108,0.0,Unknown
11109,0.0,Unknown
11110,0.0,Unknown
11112,0.0,Unknown
11113,0.0,Unknown
11115,0.0,Unknown
11116,0.0,Unknown
11117,0.0,Unknown
11118,0.0,Unknown
11120,0.0,Unknown
11121,0.0,Unknown
11124,0.0,Unknown
11125,0.0,Unknown
11127,0.0,Unknown
11128,0.0,Unknown
11131,0.0,Unknown
11132,0.0,Unknown
11133,0.0,Unknown
11134,0.0,Unknown
11136,0.0,Unknown
11137,0.0,Unknown
11140,0.0,Unknown
11141,0.0,Unknown
11142,0.0,Unknown
11143,0.0,Unknown
11144,0.0,Unknown
11145,0.0,Unknown
11146,0.0,Unknown
11147,0.0,Unknown
11148,0.0,Unknown
11149,0.0,Unknown
11150,0.0,Unknown
11152,0.0,Unknown
11153,0.0,Unknown
11154,0.0,Unknown
11155,0.0,Unknown
11156,0.0,Unknown
11158,0.0,Unknown
11160,0.0,Unknown
11161,0.0,Unknown
11163,0.0,Unknown
11164,0.0,Unknown
11165,0.0,Unknown
11166,0.0,Unknown
11167,0.0,Unknown
11168,0.0,Unknown
11169,0.0,Unknown
11170,0.0,Unknown
11172,0.0,Unknown
11173,0.0,Unknown
11174,0.0,Unknown
11177,0.0,Unknown
11178,0.0,Unknown
11179,0.0,Unknown
11180,0.0,Unknown
11183,0.0,Unknown
11185,0.0,Unknown
11187,0.0,Unknown
11189,0.0,Unknown
11190,0.0,Unknown
11191,0.0,Unknown
11193,0.0,Unknown
11194,0.0,Unknown
11195,0.0,Unknown
11196,0.0,Unknown
11197,0.0,Unknown
11198,0.0,Unknown
11200,0.0,Unknown
11201,0.0,Unknown
11202,0.0,Unknown
11204,0.0,Unknown
11206,0.0,Unknown
11207,0.0,Unknown
11208,0.0,Unknown
11209,0.0,Unknown
11211,0.0,Unknown
11212,0.0,Unknown
11215,0.0,Unknown
11216,0.0,Unknown
11219,0.0,Unknown
11220,0.0,Unknown
11221,0.0,Unknown
11223,0.0,Unknown
11224,0.0,Unknown
11225,0.0,Unknown
11226,0.0,Unknown
11227,0.0,Unknown
11228,0.0,Unknown
11229,0.0,Unknown
11230,0.0,Unknown
11231,0.0,Unknown
11232,0.0,Unknown
11233,0.0,Unknown
11234,0.0,Unknown
11236,0.0,Unknown
11237,0.0,Unknown
11238,0.0,Unknown
11239,0.0,Unknown
11240,0.0,Unknown
11242,0.0,Unknown
11243,0.0,Unknown
11245,0.0,Unknown
11246,0.0,Unknown
11251,0.0,Unknown
11253,0.0,Unknown
11254,0.0,Unknown
11255,0.0,Unknown
11256,0.0,Unknown
11257,0.0,Unknown
11258,0.0,Unknown
11259,0.0,Unknown
11260,0.0,Unknown
11263,0.0,Unknown
11266,0.0,Unknown
11267,0.0,Unknown
11268,0.0,Unknown
11269,0.0,Unknown
11271,0.0,Unknown
11274,0.0,Unknown
11276,0.0,Unknown
11277,0.0,Unknown
11280,0.0,Unknown
11281,0.0,Unknown
11282,0.0,Unknown
11283,0.0,Unknown
11284,0.0,Unknown
11285,0.0,Unknown
11286,0.0,Unknown
11287,0.0,Unknown
11288,0.0,Unknown
11289,0.0,Unknown
11290,0.0,Unknown
11291,0.0,Unknown
11292,0.0,Unknown
11293,0.0,Unknown
11294,0.0,Unknown
11298,0.0,Unknown
11299,0.0,Unknown
11301,0.0,Unknown
11305,0.0,Unknown
11306,0.0,Unknown
11307,0.0,Unknown
11308,0.0,Unknown
11310,0.0,Unknown
11311,0.0,Unknown
11313,0.0,Unknown
11315,0.0,Unknown
11316,0.0,Unknown
11317,0.0,Unknown
11318,0.0,Unknown
11319,0.0,Unknown
11320,0.0,Unknown
11321,0.0,Unknown
11322,0.0,Unknown
11323,0.0,Unknown
11324,0.0,Unknown
11325,0.0,Unknown
11327,0.0,Unknown
11329,0.0,Unknown
11330,0.0,Unknown
11332,0.0,Unknown
11335,0.0,Unknown
11336,0.0,Unknown
11337,0.0,Unknown
11338,0.0,Unknown
11340,0.0,Unknown
11341,0.0,Unknown
11342,0.0,Unknown
11344,0.0,Unknown
11348,0.0,Unknown
11349,0.0,Unknown
11350,0.0,Unknown
11353,0.0,Unknown
11354,0.0,Unknown
11356,0.0,Unknown
11357,0.0,Unknown
11358,0.0,Unknown
11359,0.0,Unknown
11361,0.0,Unknown
11362,0.0,Unknown
11363,0.0,Unknown
11364,0.0,Unknown
11366,0.0,Unknown
11367,0.0,Unknown
11368,0.0,Unknown
11369,0.0,Unknown
11370,0.0,Unknown
11371,0.0,Unknown
11372,0.0,Unknown
11373,0.0,Unknown
11374,0.0,Unknown
11375,0.0,Unknown
11376,0.0,Unknown
11377,0.0,Unknown
11378,0.0,Unknown
11379,0.0,Unknown
11380,0.0,Unknown
11381,0.0,Unknown
11383,0.0,Unknown
11384,0.0,Unknown
11387,0.0,Unknown
11388,0.0,Unknown
11389,0.0,Unknown
11391,0.0,Unknown
11392,0.0,Unknown
11394,0.0,Unknown
11396,0.0,Unknown
11397,0.0,Unknown
11398,0.0,Unknown
11399,0.0,Unknown
11400,0.0,Unknown
11401,0.0,Unknown
11402,0.0,Unknown
11403,0.0,Unknown
11404,0.0,Unknown
11407,0.0,Unknown
11409,0.0,Unknown
11410,0.0,Unknown
11411,0.0,Unknown
11413,0.0,Unknown
11414,0.0,Unknown
11415,0.0,Unknown
11418,0.0,Unknown
11419,0.0,Unknown
11420,0.0,Unknown
11422,0.0,Unknown
11423,0.0,Unknown
11424,0.0,Unknown
11425,0.0,Unknown
11426,0.0,Unknown
11427,0.0,Unknown
11429,0.0,Unknown
11430,0.0,Unknown
11431,0.0,Unknown
11432,0.0,Unknown
11433,0.0,Unknown
11434,0.0,Unknown
11435,0.0,Unknown
11436,0.0,Unknown
11437,0.0,Unknown
11438,0.0,Unknown
11440,0.0,Unknown
11441,0.0,Unknown
11442,0.0,Unknown
11444,0.0,Unknown
11445,0.0,Unknown
11446,0.0,Unknown
11447,0.0,Unknown
11450,0.0,Unknown
11451,0.0,Unknown
11452,0.0,Unknown
11454,0.0,Unknown
11455,0.0,Unknown
11456,0.0,Unknown
11457,0.0,Unknown
11458,0.0,Unknown
11459,0.0,Unknown
11466,0.0,Unknown
11467,0.0,Unknown
11468,0.0,Unknown
11470,0.0,Unknown
11472,0.0,Unknown
11473,0.0,Unknown
11474,0.0,Unknown
11475,0.0,Unknown
11477,0.0,Unknown
11478,0.0,Unknown
11479,0.0,Unknown
11480,0.0,Unknown
11481,0.0,Unknown
11482,0.0,Unknown
